UDI,Product ID,Type,Air temperature [K],Process temperature [K],Rotational speed [rpm],Torque [Nm],Tool wear [min],Machine failure,TWF,HDF,PWF,OSF,RNF,Temperature difference [K],Mechanical power [kW]
1,M14860,M,298.1,308.6,1551,42.8,0,0,0,0,0,0,0,10.5,6.95159056015735
2,L47181,L,298.2,308.7,1408,46.3,3,0,0,0,0,0,0,10.5,6.826722724152668
3,L47182,L,298.1,308.5,1498,49.4,5,0,0,0,0,0,0,10.399999999999977,7.749387542560966
4,L47183,L,298.2,308.6,1433,39.5,7,0,0,0,0,0,0,10.400000000000034,5.9275046589156615
5,L47184,L,298.2,308.7,1408,40.0,9,0,0,0,0,0,0,10.5,5.897816608339239
6,M14865,M,298.1,308.6,1425,41.9,11,0,0,0,0,0,0,10.5,6.252554778807085
7,L47186,L,298.1,308.6,1558,42.4,14,0,0,0,0,0,0,10.5,6.917703247400628
8,L47187,L,298.1,308.6,1527,40.2,16,0,0,0,0,0,0,10.5,6.428264055922363
9,M14868,M,298.3,308.7,1667,28.6,18,0,0,0,0,0,0,10.399999999999977,4.992639989035924
10,M14869,M,298.5,309.0,1741,28.0,21,0,0,0,0,0,0,10.5,5.104878622573175
11,H29424,H,298.4,308.9,1782,23.9,24,0,0,0,0,0,0,10.5,4.459993426595286
12,H29425,H,298.6,309.1,1423,44.3,29,0,0,0,0,0,0,10.5,6.601418171012718
13,M14872,M,298.6,309.1,1339,51.1,34,0,0,0,0,0,0,10.5,7.165229332576969
14,M14873,M,298.6,309.2,1742,30.0,37,0,0,0,0,0,0,10.599999999999966,5.472654402553419
15,L47194,L,298.6,309.2,2035,19.6,40,0,0,0,0,0,0,10.599999999999966,4.17685215270275
16,L47195,L,298.6,309.2,1542,48.4,42,0,0,0,0,0,0,10.599999999999966,7.815528539894545
17,M14876,M,298.6,309.2,1311,46.6,44,0,0,0,0,0,0,10.599999999999966,6.397602111623327
18,M14877,M,298.7,309.2,1410,45.6,47,0,0,0,0,0,0,10.5,6.733061375173644
19,H29432,H,298.8,309.2,1306,54.5,50,0,0,0,0,0,0,10.399999999999977,7.453638010152023
20,M14879,M,298.9,309.3,1632,32.5,55,0,0,0,0,0,0,10.400000000000034,5.554335811546754
21,H29434,H,298.9,309.3,1375,42.7,58,0,0,0,0,0,0,10.400000000000034,6.148358622463024
22,L47201,L,298.8,309.3,1450,44.8,63,0,0,0,0,0,0,10.5,6.802595292573099
23,M14882,M,298.9,309.3,1581,30.7,65,0,0,0,0,0,0,10.400000000000034,5.08275133831639
24,L47203,L,299.0,309.4,1758,25.7,68,0,0,0,0,0,0,10.399999999999977,4.731301368159301
25,M14884,M,299.0,309.4,1561,37.3,70,0,0,0,0,0,0,10.399999999999977,6.097339157768726
26,L47205,L,299.0,309.5,1861,23.3,73,0,0,0,0,0,0,10.5,4.540784717670103
27,L47206,L,299.1,309.5,1512,39.0,75,0,0,0,0,0,0,10.399999999999977,6.1751145198960975
28,H29441,H,299.1,309.4,1811,24.6,77,0,0,0,0,0,0,10.299999999999955,4.6653279224339155
29,L47208,L,299.1,309.4,1439,44.2,82,0,0,0,0,0,0,10.299999999999955,6.660574360679817
30,L47209,L,299.0,309.4,1693,30.1,84,0,0,0,0,0,0,10.399999999999977,5.336445417069279
31,M14890,M,299.1,309.5,1339,48.2,86,0,0,0,0,0,0,10.399999999999977,6.758592051471817
32,L47211,L,299.0,309.4,1798,25.5,89,0,0,0,0,0,0,10.399999999999977,4.80129605248128
33,L47212,L,299.0,309.4,1419,48.3,91,0,0,0,0,0,0,10.399999999999977,7.177251160464706
34,L47213,L,298.9,309.3,1665,32.5,93,0,0,0,0,0,0,10.400000000000034,5.666647748912588
35,M14894,M,298.8,309.1,1559,34.7,95,0,0,0,0,0,0,10.300000000000011,5.66505600863477
36,M14895,M,298.8,309.2,1452,48.6,98,0,0,0,0,0,0,10.399999999999977,7.389779903480055
37,M14896,M,298.9,309.2,1581,36.7,101,0,0,0,0,0,0,10.300000000000011,6.076122935381483
38,L47217,L,298.8,309.1,1439,39.2,104,0,0,0,0,0,0,10.300000000000011,5.907115722593865
39,H29452,H,298.9,309.2,1379,50.7,106,0,0,0,0,0,0,10.300000000000011,7.321513095117549
40,L47219,L,298.8,309.1,1350,52.5,111,0,0,0,0,0,0,10.300000000000011,7.4220126441058865
41,L47220,L,298.8,309.1,1362,45.4,113,0,0,0,0,0,0,10.300000000000011,6.475325113873137
42,L47221,L,298.8,309.1,1368,50.8,115,0,0,0,0,0,0,10.300000000000011,7.277436550187684
43,M14902,M,298.8,309.1,1368,49.1,117,0,0,0,0,0,0,10.300000000000011,7.033900287681404
44,H29457,H,298.8,309.2,1372,48.5,120,0,0,0,0,0,0,10.399999999999977,6.9682619451724
45,M14904,M,298.8,309.1,1472,47.5,125,0,0,0,0,0,0,10.300000000000011,7.322005277966611
46,L47225,L,298.8,309.1,1489,49.1,128,0,0,0,0,0,0,10.300000000000011,7.656050824822814
47,M14906,M,298.7,309.0,1843,25.8,130,0,0,0,0,0,0,10.300000000000011,4.97936152408675
48,L47227,L,298.8,309.1,1418,46.3,133,0,0,0,0,0,0,10.300000000000011,6.8752079707730696
49,H29462,H,298.8,309.2,1425,53.9,135,0,0,0,0,0,0,10.399999999999977,8.043262591353269
50,M14909,M,298.9,309.2,1412,44.1,140,0,0,0,0,0,0,10.300000000000011,6.5208153754971185
51,L47230,L,298.9,309.1,2861,4.6,143,1,0,0,1,0,0,10.200000000000045,1.3781748092277943
52,L47231,L,298.9,309.1,1383,54.9,145,0,0,0,0,0,0,10.200000000000045,7.951025431043871
53,H29466,H,298.8,309.0,1497,43.8,147,0,0,0,0,0,0,10.199999999999989,6.866327735538923
54,L47233,L,298.7,309.0,1565,35.1,152,0,0,0,0,0,0,10.300000000000011,5.752413228355591
55,L47234,L,298.7,309.0,1691,30.1,154,0,0,0,0,0,0,10.300000000000011,5.330141287811075
56,L47235,L,298.8,309.1,1512,40.7,156,0,0,0,0,0,0,10.300000000000011,6.4442861784556715
57,L47236,L,298.8,309.1,1477,42.4,158,0,0,0,0,0,0,10.300000000000011,6.558053720417668
58,L47237,L,298.8,309.1,1513,40.3,160,0,0,0,0,0,0,10.300000000000011,6.385171876690622
59,M14918,M,298.8,309.0,1661,29.5,162,0,0,0,0,0,0,10.199999999999989,5.1312156409857685
60,L47239,L,298.8,309.1,1378,54.4,165,0,0,0,0,0,0,10.300000000000011,7.850127946986079
61,L47240,L,298.8,309.1,1393,52.6,167,0,0,0,0,0,0,10.300000000000011,7.673004953176687
62,M14921,M,298.8,309.0,1592,38.2,169,0,0,0,0,0,0,10.199999999999989,6.368469075749037
63,L47242,L,298.8,309.0,1829,22.9,172,0,0,0,0,0,0,10.199999999999989,4.386092695407341
64,M14923,M,298.9,309.0,1812,25.9,174,0,0,0,0,0,0,10.100000000000023,4.914581883569729
65,L47244,L,299.0,309.1,1523,38.6,177,0,0,0,0,0,0,10.100000000000023,6.156244020023534
66,L47245,L,299.0,309.1,1394,45.1,179,0,0,0,0,0,0,10.100000000000023,6.583668172519937
67,M14926,M,298.9,308.9,1679,28.7,181,0,0,0,0,0,0,10.0,5.046162255877582
68,H29481,H,298.8,308.9,1466,44.1,184,0,0,0,0,0,0,10.099999999999966,6.7701950003390765
69,L47248,L,298.8,308.9,1527,32.4,189,0,0,0,0,0,0,10.099999999999966,5.180988940594142
70,L47249,L,298.9,309.0,1410,65.7,191,1,0,0,1,1,0,10.100000000000023,9.700923955019922
71,M14930,M,298.9,309.0,1924,22.6,193,0,0,0,0,0,0,10.100000000000023,4.553466280015095
72,L47251,L,298.9,309.1,1452,45.5,196,0,0,0,0,0,0,10.200000000000045,6.918415341735442
73,L47252,L,298.9,309.1,1369,44.4,198,0,0,0,0,0,0,10.200000000000045,6.36524370729135
74,L47253,L,299.0,309.1,1592,35.0,200,0,0,0,0,0,0,10.100000000000023,5.834984755267443
75,L47254,L,298.9,309.0,1601,32.3,202,0,0,0,0,0,0,10.100000000000023,5.415299392674381
76,L47255,L,298.8,308.9,1379,46.7,204,0,0,0,0,0,0,10.099999999999966,6.743878925877506
77,L47256,L,298.8,308.9,1461,47.9,206,0,0,0,0,0,0,10.099999999999966,7.328487430808517
78,L47257,L,298.8,308.9,1455,41.3,208,1,1,0,0,0,0,10.099999999999966,6.292767164773034
79,L47258,L,298.8,308.9,1398,51.5,0,0,0,0,0,0,0,10.099999999999966,7.539508209350144
80,L47259,L,298.8,308.9,1402,37.9,2,0,0,0,0,0,0,10.099999999999966,5.564367964087217
81,H29494,H,298.8,308.8,1445,49.9,4,0,0,0,0,0,0,10.0,7.550870302780628
82,L47261,L,298.9,308.9,1450,47.5,9,0,0,0,0,0,0,10.0,7.212573133866567
83,L47262,L,298.9,308.9,1453,40.8,11,0,0,0,0,0,0,10.0,6.208038410905718
84,L47263,L,299.0,309.0,1469,40.1,13,0,0,0,0,0,0,10.0,6.168716142858287
85,L47264,L,298.9,308.9,1422,47.6,15,0,0,0,0,0,0,10.0,7.088187008735434
86,M14945,M,299.0,309.0,1804,26.8,17,0,0,0,0,0,0,10.0,5.062906944721215
87,H29500,H,299.0,309.0,1436,43.9,20,0,0,0,0,0,0,10.0,6.6015752506454
88,L47267,L,299.0,309.0,1544,31.8,25,0,0,0,0,0,0,10.0,5.141656200571199
89,M14948,M,299.0,309.0,1419,45.2,27,0,0,0,0,0,0,10.0,6.716599429668834
90,M14949,M,298.9,308.9,1487,39.5,30,0,0,0,0,0,0,10.0,6.150871896585897
91,L47270,L,298.9,308.9,1753,25.8,33,0,0,0,0,0,0,10.0,4.7362022526989005
92,L47271,L,298.9,308.9,1830,24.9,35,0,0,0,0,0,0,10.0,4.771765081537537
93,M14952,M,298.9,308.9,1727,27.1,37,0,0,0,0,0,0,10.0,4.90106256318378
94,L47273,L,299.1,309.0,1450,43.0,40,0,0,0,0,0,0,9.899999999999977,6.529276731710787
95,L47274,L,299.0,308.9,1622,31.9,42,0,0,0,0,0,0,9.899999999999977,5.4183886254504126
96,M14955,M,299.0,309.0,1351,52.2,44,0,0,0,0,0,0,10.0,7.385067514499671
97,M14956,M,299.0,309.0,1575,35.3,47,0,0,0,0,0,0,10.0,5.822156585265284
98,M14957,M,298.9,308.9,1750,29.9,50,0,0,0,0,0,0,10.0,5.479461186636197
99,L47278,L,298.9,308.8,1529,32.7,53,0,0,0,0,0,0,9.900000000000034,5.235809732399286
100,L47279,L,298.8,308.8,1523,44.4,55,0,0,0,0,0,0,10.0,7.081275504897537
101,L47280,L,298.8,308.9,1852,25.0,57,0,0,0,0,0,0,10.099999999999966,4.848524662040248
102,L47281,L,298.8,308.8,1991,20.7,59,0,0,0,0,0,0,10.0,4.3158885715751225
103,L47282,L,298.8,308.8,1555,40.6,61,0,0,0,0,0,0,10.0,6.611272299969481
104,M14963,M,298.8,308.8,1441,40.5,63,0,0,0,0,0,0,10.0,6.111497268660904
105,L47284,L,298.8,308.7,1450,43.4,66,0,0,0,0,0,0,9.899999999999977,6.59001418968019
106,L47285,L,298.8,308.7,1591,31.1,68,0,0,0,0,0,0,9.899999999999977,5.181543955296277
107,L47286,L,298.8,308.7,1445,48.5,70,0,0,0,0,0,0,9.899999999999977,7.3390222381735555
108,M14967,M,298.8,308.8,1497,46.8,72,0,0,0,0,0,0,10.0,7.3366241557813145
109,H29522,H,298.9,308.8,1621,32.7,75,0,0,0,0,0,0,9.900000000000034,5.55084864370127
110,L47289,L,298.9,308.7,1572,34.1,80,0,0,0,0,0,0,9.800000000000011,5.613523417140386
111,L47290,L,298.8,308.6,1872,22.5,82,0,0,0,0,0,0,9.800000000000011,4.41079608564007
112,H29525,H,298.7,308.6,1499,43.5,84,0,0,0,0,0,0,9.900000000000034,6.828408712210095
113,M14972,M,298.8,308.7,1498,39.5,89,0,0,0,0,0,0,9.899999999999977,6.1963726301853885
114,M14973,M,298.8,308.6,1486,41.9,92,0,0,0,0,0,0,9.800000000000011,6.520208000917424
115,L47294,L,298.8,308.6,1680,29.4,95,0,0,0,0,0,0,9.800000000000011,5.172318144870236
116,L47295,L,298.8,308.6,1431,45.7,97,0,0,0,0,0,0,9.800000000000011,6.848326409633854
117,L47296,L,298.9,308.7,1564,34.1,99,0,0,0,0,0,0,9.800000000000011,5.584955867943743
118,L47297,L,298.8,308.6,1599,33.0,101,0,0,0,0,0,0,9.800000000000011,5.525747318399087
119,M14978,M,298.8,308.6,1707,28.1,103,0,0,0,0,0,0,9.800000000000011,5.023061077898184
120,L47299,L,298.7,308.5,1467,40.7,106,0,0,0,0,0,0,9.800000000000011,6.252491946954015
121,L47300,L,298.9,308.7,1433,44.7,108,0,0,0,0,0,0,9.800000000000011,6.7078343861653185
122,L47301,L,298.9,308.7,1558,41.2,110,0,0,0,0,0,0,9.800000000000011,6.721919193228914
123,L47302,L,299.0,308.8,1310,50.7,112,0,0,0,0,0,0,9.800000000000011,6.955171975782443
124,L47303,L,298.9,308.7,1546,43.4,114,0,0,0,0,0,0,9.800000000000011,7.0263185774107395
125,L47304,L,298.9,308.7,1727,29.4,116,0,0,0,0,0,0,9.800000000000011,5.317019902494581
126,L47305,L,298.9,308.6,1560,32.2,118,0,0,0,0,0,0,9.700000000000045,5.26028273917075
127,L47306,L,299.0,308.6,1329,60.5,120,0,0,0,0,0,0,9.600000000000023,8.419939550518684
128,L47307,L,298.9,308.6,1413,46.5,122,0,0,0,0,0,0,9.700000000000045,6.880559150259685
129,L47308,L,299.0,308.6,1587,38.6,124,0,0,0,0,0,0,9.600000000000023,6.414943703071143
130,L47309,L,298.9,308.5,1559,34.3,126,0,0,0,0,0,0,9.600000000000023,5.59975276934215
131,L47310,L,298.8,308.4,1473,41.1,128,0,0,0,0,0,0,9.599999999999966,6.339765390870739
132,L47311,L,298.8,308.4,1737,27.7,130,0,0,0,0,0,0,9.599999999999966,5.0385805456069175
133,M14992,M,298.7,308.4,1441,43.2,132,0,0,0,0,0,0,9.699999999999989,6.518930419904965
134,M14993,M,298.7,308.4,1430,49.6,135,0,0,0,0,0,0,9.699999999999989,7.427562791127229
135,L47314,L,298.8,308.4,1369,53.0,138,0,0,0,0,0,0,9.599999999999966,7.598151272217154
136,M14995,M,298.8,308.5,1711,28.5,140,0,0,0,0,0,0,9.699999999999989,5.106501778777528
137,H29550,H,298.7,308.5,1420,45.7,143,0,0,0,0,0,0,9.800000000000011,6.795683788735201
138,L47317,L,298.7,308.6,1297,55.3,148,0,0,0,0,0,0,9.900000000000034,7.510930188177989
139,H29552,H,298.8,308.6,1449,49.4,150,0,0,0,0,0,0,9.800000000000011,7.495902903318318
140,L47319,L,298.8,308.6,1268,55.8,155,0,0,0,0,0,0,9.800000000000011,7.409383441638455
141,L47320,L,298.8,308.6,1511,36.1,157,0,0,0,0,0,0,9.800000000000011,5.7121589544875935
142,L47321,L,298.7,308.5,1544,35.2,159,0,0,0,0,0,0,9.800000000000011,5.691393027047366
143,M15002,M,298.6,308.4,1778,28.2,161,0,0,0,0,0,0,9.799999999999955,5.250606633797694
144,H29557,H,298.6,308.4,1407,50.5,164,0,0,0,0,0,0,9.799999999999955,7.440705120394746
145,M15004,M,298.6,308.4,1391,42.4,169,0,0,0,0,0,0,9.799999999999955,6.176203605349341
146,L47325,L,298.5,308.4,1513,33.6,172,0,0,0,0,0,0,9.899999999999977,5.32361724706712
147,H29560,H,298.5,308.4,1612,36.1,174,0,0,0,0,0,0,9.899999999999977,6.093977653629385
148,L47327,L,298.4,308.4,1515,40.1,179,0,0,0,0,0,0,10.0,6.36188220315201
149,M15008,M,298.3,308.3,1379,48.0,181,0,0,0,0,0,0,10.0,6.9316100308805195
150,L47329,L,298.4,308.3,1473,39.9,184,0,0,0,0,0,0,9.900000000000034,6.1546627517212285
151,L47330,L,298.4,308.3,1422,42.7,186,0,0,0,0,0,0,9.900000000000034,6.3585206990126695
152,M15011,M,298.4,308.2,1463,37.6,188,0,0,0,0,0,0,9.800000000000011,5.7605080654263405
153,M15012,M,298.4,308.2,1584,41.0,191,0,0,0,0,0,0,9.800000000000011,6.800919776491183
154,L47333,L,298.4,308.2,1850,27.0,194,0,0,0,0,0,0,9.800000000000011,5.230751768227005
155,L47334,L,298.4,308.2,1528,36.2,196,0,0,0,0,0,0,9.800000000000011,5.792426646786813
156,H29569,H,298.4,308.2,1987,19.8,198,0,0,0,0,0,0,9.800000000000011,4.119947437770726
157,M15016,M,298.4,308.1,1495,46.0,203,0,0,0,0,0,0,9.700000000000045,7.201577559579002
158,H29571,H,298.4,308.2,1478,43.5,206,0,0,0,0,0,0,9.800000000000011,6.732747215908286
159,M15018,M,298.4,308.2,1499,40.0,211,0,0,0,0,0,0,9.800000000000011,6.2789965169748
160,L47339,L,298.4,308.2,1471,47.0,214,0,0,0,0,0,0,9.800000000000011,7.240009709707918
161,L47340,L,298.4,308.2,1282,60.7,216,1,0,0,0,1,0,9.800000000000011,8.149019072048613
162,L47341,L,298.3,308.1,1412,52.3,218,1,0,0,0,1,0,9.800000000000011,7.7333025881745865
163,L47342,L,298.3,308.1,1586,35.5,0,0,0,0,0,0,0,9.800000000000011,5.896036372502205
164,M15023,M,298.4,308.2,1468,43.8,2,0,0,0,0,0,0,9.800000000000011,6.733312702585931
165,M15024,M,298.5,308.3,1440,43.6,5,0,0,0,0,0,0,9.800000000000011,6.57472510543272
166,L47345,L,298.5,308.4,1733,26.0,8,0,0,0,0,0,0,9.899999999999977,4.71846272618163
167,H29580,H,298.4,308.2,1612,32.6,10,0,0,0,0,0,0,9.800000000000011,5.5031487952442655
168,H29581,H,298.4,308.3,1458,42.9,15,0,0,0,0,0,0,9.900000000000034,6.550032187175503
169,L47348,L,298.4,308.3,1433,62.3,20,1,0,0,1,0,0,9.900000000000034,9.348950386087234
170,L47349,L,298.4,308.3,1318,59.1,22,0,0,0,0,0,0,9.900000000000034,8.157019661339755
171,M15030,M,298.4,308.2,1610,35.0,24,0,0,0,0,0,0,9.800000000000011,5.900958200992828
172,L47351,L,298.2,308.1,1462,50.8,27,0,0,0,0,0,0,9.900000000000034,7.777494324835084
173,M15032,M,298.1,308.0,1924,20.8,29,0,0,0,0,0,0,9.899999999999977,4.190800824084689
174,M15033,M,298.2,308.0,1591,33.7,32,0,0,0,0,0,0,9.800000000000011,5.614727694324263
175,L47354,L,298.2,308.1,1306,58.3,35,0,0,0,0,0,0,9.900000000000034,7.973341210859871
176,L47355,L,298.2,308.1,1382,43.5,37,0,0,0,0,0,0,9.900000000000034,6.295437518528586
177,L47356,L,298.2,308.1,1618,34.7,39,0,0,0,0,0,0,9.900000000000034,5.879448763291251
178,L47357,L,298.2,308.2,1988,21.4,41,0,0,0,0,0,0,10.0,4.455113486006709
179,L47358,L,298.2,308.2,1436,50.2,43,0,0,0,0,0,0,10.0,7.548953931261939
180,L47359,L,298.2,308.3,1304,49.8,45,0,0,0,0,0,0,10.100000000000023,6.80041712166661
181,L47360,L,298.2,308.3,1475,49.9,47,0,0,0,0,0,0,10.100000000000023,7.707635776194757
182,H29595,H,298.2,308.3,1824,24.2,49,0,0,0,0,0,0,10.100000000000023,4.622413766785877
183,M15042,M,298.1,308.2,1342,48.1,54,0,0,0,0,0,0,10.099999999999966,6.759681136925063
184,L47363,L,298.1,308.2,1485,40.7,57,0,0,0,0,0,0,10.099999999999966,6.329209639554678
185,L47364,L,298.2,308.2,1667,30.6,59,0,0,0,0,0,0,10.0,5.34177565260487
186,L47365,L,298.2,308.2,1446,38.2,61,0,0,0,0,0,0,10.0,5.784426057495671
187,L47366,L,298.1,308.3,1301,56.0,63,0,0,0,0,0,0,10.199999999999989,7.629462478997931
188,L47367,L,298.2,308.4,1379,43.1,65,0,0,0,0,0,0,10.199999999999989,6.224008173561467
189,L47368,L,298.3,308.5,1606,33.6,67,0,0,0,0,0,0,10.199999999999989,5.650845537865033
190,M15049,M,298.3,308.4,1539,43.4,69,0,0,0,0,0,0,10.099999999999966,6.9945047158053875
191,L47370,L,298.2,308.4,1477,49.9,72,0,0,0,0,0,0,10.199999999999989,7.7180868077557
192,L47371,L,298.2,308.4,1666,34.6,74,0,0,0,0,0,0,10.199999999999989,6.0364236762156205
193,H29606,H,298.2,308.4,1398,51.8,76,0,0,0,0,0,0,10.199999999999989,7.5834276746473295
194,H29607,H,298.2,308.4,1678,34.6,81,0,0,0,0,0,0,10.199999999999989,6.0799033185413025
195,M15054,M,298.2,308.5,2678,10.7,86,1,0,0,1,0,0,10.300000000000011,3.0007026950518028
196,L47375,L,298.3,308.5,1453,42.9,89,0,0,0,0,0,0,10.199999999999989,6.527569799702337
197,H29610,H,298.3,308.6,1432,49.5,91,0,0,0,0,0,0,10.300000000000011,7.422955121901964
198,M15057,M,298.4,308.6,1527,40.9,96,0,0,0,0,0,0,10.200000000000045,6.540199002169768
199,L47378,L,298.4,308.7,1588,35.0,99,0,0,0,0,0,0,10.300000000000011,5.8203239895506895
200,L47379,L,298.4,308.6,1433,47.1,101,0,0,0,0,0,0,10.200000000000045,7.067986567972853
201,L47380,L,298.4,308.6,1609,35.0,103,0,0,0,0,0,0,10.200000000000045,5.89729300956364
202,L47381,L,298.3,308.5,1575,41.2,105,0,0,0,0,0,0,10.199999999999989,6.7952649097147235
203,M15062,M,298.4,308.5,1636,35.7,107,0,0,0,0,0,0,10.100000000000023,6.116178241714754
204,L47383,L,298.4,308.5,1490,37.9,110,0,0,0,0,0,0,10.100000000000023,5.913629291362306
205,L47384,L,298.4,308.5,1741,32.8,112,0,0,0,0,0,0,10.100000000000023,5.980000672157146
206,M15065,M,298.5,308.6,1344,53.0,114,0,0,0,0,0,0,10.100000000000023,7.459397596683605
207,L47386,L,298.5,308.7,1609,35.3,117,0,0,0,0,0,0,10.199999999999989,5.947841235359899
208,M15067,M,298.4,308.7,1421,60.7,119,1,0,0,1,0,0,10.300000000000011,9.032571061919718
209,L47388,L,298.4,308.6,1591,36.7,122,0,0,0,0,0,0,10.200000000000045,6.114555085510398
210,L47389,L,298.4,308.6,1477,44.0,124,0,0,0,0,0,0,10.200000000000045,6.805527445716448
211,L47390,L,298.4,308.7,1523,36.1,126,0,0,0,0,0,0,10.300000000000011,5.757523552405431
212,L47391,L,298.5,308.7,1575,33.9,128,0,0,0,0,0,0,10.199999999999989,5.591249525226433
213,H29626,H,298.4,308.7,1344,52.9,130,0,0,0,0,0,0,10.300000000000011,7.445323261595522
214,L47393,L,298.4,308.7,1386,44.9,135,0,0,0,0,0,0,10.300000000000011,6.516856968753594
215,M15074,M,298.3,308.6,1589,37.1,137,0,0,0,0,0,0,10.300000000000011,6.173428531838671
216,L47395,L,298.3,308.6,1548,40.3,140,0,0,0,0,0,0,10.300000000000011,6.532879091286903
217,L47396,L,298.3,308.6,1499,38.3,142,0,0,0,0,0,0,10.300000000000011,6.01213916500337
218,L47397,L,298.3,308.5,1664,31.6,144,0,0,0,0,0,0,10.199999999999989,5.506416051603998
219,L47398,L,298.3,308.6,1447,38.1,146,0,0,0,0,0,0,10.300000000000011,5.773273403575428
220,M15079,M,298.3,308.5,1434,46.2,148,0,0,0,0,0,0,10.199999999999989,6.937767552481556
221,L47400,L,298.3,308.5,1416,52.7,151,0,0,0,0,0,0,10.199999999999989,7.8145232302453955
222,H29635,H,298.4,308.5,1827,24.3,153,0,0,0,0,0,0,10.100000000000023,4.649148720267927
223,L47402,L,298.4,308.6,1304,45.0,158,0,0,0,0,0,0,10.200000000000045,6.144955230421635
224,L47403,L,298.4,308.6,1569,34.4,160,0,0,0,0,0,0,10.200000000000045,5.652102174926468
225,L47404,L,298.3,308.6,1584,29.3,162,0,0,0,0,0,0,10.300000000000011,4.8601694988095545
226,L47405,L,298.3,308.5,1362,53.8,164,0,0,0,0,0,0,10.199999999999989,7.673402888246141
227,L47406,L,298.3,308.4,1329,49.2,166,0,0,0,0,0,0,10.099999999999966,6.84728968405817
228,L47407,L,298.3,308.5,1539,36.1,168,0,0,0,0,0,0,10.199999999999989,5.818009682962545
229,M15088,M,298.3,308.5,1629,37.1,170,0,0,0,0,0,0,10.199999999999989,6.328832648436246
230,L47409,L,298.3,308.5,1538,32.2,173,0,0,0,0,0,0,10.199999999999989,5.186099264643983
231,L47410,L,298.3,308.6,1570,34.8,175,0,0,0,0,0,0,10.300000000000011,5.721468540717731
232,L47411,L,298.3,308.4,1408,43.1,177,0,0,0,0,0,0,10.099999999999966,6.35489739548553
233,L47412,L,298.2,308.4,1424,47.6,179,0,0,0,0,0,0,10.199999999999989,7.098156329422826
234,L47413,L,298.2,308.4,1512,34.9,181,0,0,0,0,0,0,10.199999999999989,5.525935813958303
235,L47414,L,298.2,308.4,1478,42.9,183,0,0,0,0,0,0,10.199999999999989,6.639881737068171
236,M15095,M,298.1,308.3,1680,33.7,185,0,0,0,0,0,0,10.199999999999989,5.9288136558546585
237,L47416,L,298.1,308.3,1495,38.7,188,0,0,0,0,0,0,10.199999999999989,6.058718512080596
238,M15097,M,298.0,308.1,1552,36.6,190,0,0,0,0,0,0,10.100000000000023,5.948417194013059
239,L47418,L,297.9,308.1,1393,50.3,193,0,0,0,0,0,0,10.200000000000045,7.337493329748809
240,L47419,L,298.0,308.2,1611,30.6,195,0,0,0,0,0,0,10.199999999999989,5.16232788023182
241,M15100,M,298.0,308.1,1339,51.6,197,0,0,0,0,0,0,10.100000000000023,7.235339208629581
242,L47421,L,298.0,308.1,1777,24.3,200,0,0,0,0,0,0,10.100000000000023,4.521914217797541
243,L47422,L,298.0,308.2,1348,58.8,202,1,0,0,0,1,0,10.199999999999989,8.30033911819652
244,L47423,L,298.0,308.2,1442,44.1,204,0,0,0,0,0,0,10.199999999999989,6.659359611520428
245,M15104,M,298.0,308.2,1395,49.1,206,0,0,0,0,0,0,10.199999999999989,7.172727267043536
246,M15105,M,297.9,308.1,1627,31.4,209,0,0,0,0,0,0,10.200000000000045,5.349901905602153
247,L47426,L,297.9,308.1,1585,33.5,212,0,0,0,0,0,0,10.200000000000045,5.560357197466135
248,L47427,L,298.0,308.2,1469,45.5,214,0,0,0,0,0,0,10.199999999999989,6.9994160723205
249,L47428,L,298.0,308.3,1362,56.8,216,1,0,0,0,1,0,10.300000000000011,8.10128780766507
250,L47429,L,298.0,308.3,1405,56.2,218,1,0,0,0,1,0,10.300000000000011,8.268776584003456
251,L47430,L,298.0,308.3,1662,32.7,0,0,0,0,0,0,0,10.300000000000011,5.691246419390198
252,M15111,M,298.0,308.2,1466,42.6,2,0,0,0,0,0,0,10.199999999999989,6.539916258830945
253,L47432,L,298.0,308.2,1620,35.8,5,0,0,0,0,0,0,10.199999999999989,6.073326917919788
254,L47433,L,298.0,308.2,1357,48.2,7,0,0,0,0,0,0,10.199999999999989,6.849446911013636
255,L47434,L,298.0,308.2,1514,37.9,9,0,0,0,0,0,0,10.199999999999989,6.008882380619149
256,L47435,L,298.0,308.2,1489,40.4,11,0,0,0,0,0,0,10.199999999999989,6.299479701076204
257,L47436,L,298.1,308.3,1331,63.0,13,0,0,0,0,0,0,10.199999999999989,8.78106562604883
258,L47437,L,298.0,308.0,1615,29.5,15,0,0,0,0,0,0,10.0,4.989110933288391
259,L47438,L,298.1,308.2,1482,37.9,17,0,0,0,0,0,0,10.099999999999966,5.881878261610026
260,M15119,M,298.1,308.2,1420,63.9,19,1,0,0,1,0,0,10.099999999999966,9.502061140047687
261,M15120,M,298.2,308.3,1522,49.1,22,0,0,0,0,0,0,10.100000000000023,7.825728244043199
262,L47441,L,298.1,308.2,1654,32.1,25,0,0,0,0,0,0,10.099999999999966,5.559927846470145
263,M15122,M,298.1,308.2,1736,26.8,27,0,0,0,0,0,0,10.099999999999966,4.872065662991147
264,M15123,M,298.0,308.1,1587,32.3,30,0,0,0,0,0,0,10.100000000000023,5.367945119409271
265,L47444,L,298.1,308.2,1390,47.5,33,0,0,0,0,0,0,10.099999999999966,6.914121831775536
266,L47445,L,298.0,308.1,1454,37.1,35,0,0,0,0,0,0,10.100000000000023,5.648939638321855
267,H29680,H,298.0,308.1,1440,43.7,37,0,0,0,0,0,0,10.100000000000023,6.589804750169951
268,L47447,L,297.9,308.0,1954,21.1,42,0,0,0,0,0,0,10.100000000000023,4.3175326717305005
269,H29682,H,297.9,308.0,1800,24.8,44,0,0,0,0,0,0,10.100000000000023,4.674689868541612
270,L47449,L,298.0,308.0,1524,37.0,49,0,0,0,0,0,0,10.0,5.904937551687375
271,H29684,H,298.0,308.0,1520,39.6,51,0,0,0,0,0,0,10.0,6.303291500162562
272,M15131,M,298.1,308.1,1452,40.8,56,0,0,0,0,0,0,10.0,6.203765844896835
273,L47452,L,298.1,308.1,1484,40.4,59,0,0,0,0,0,0,10.0,6.278326310542034
274,L47453,L,298.1,308.0,1426,46.0,61,0,0,0,0,0,0,9.899999999999977,6.869197056829202
275,L47454,L,298.1,308.0,1652,28.5,63,0,0,0,0,0,0,9.899999999999977,4.930415510543821
276,L47455,L,298.0,308.0,1401,54.7,65,0,0,0,0,0,0,10.0,8.025167017668592
277,M15136,M,298.0,307.9,1750,26.6,67,0,0,0,0,0,0,9.899999999999977,4.874704600820162
278,H29691,H,298.0,308.0,1479,50.7,70,0,0,0,0,0,0,10.0,7.852442253574224
279,M15138,M,298.0,308.0,1620,29.4,75,0,0,0,0,0,0,10.0,4.987592496839155
280,L47459,L,298.0,308.1,1819,23.4,78,0,0,0,0,0,0,10.100000000000023,4.45735448876627
281,M15140,M,298.1,308.1,1456,43.7,80,0,0,0,0,0,0,10.0,6.663024802949617
282,L47461,L,298.1,308.0,1626,36.5,83,0,0,0,0,0,0,9.899999999999977,6.215012746596688
283,M15142,M,298.1,308.1,1390,49.8,85,0,0,0,0,0,0,10.0,7.248910888893088
284,L47463,L,298.2,308.2,1469,43.0,88,0,0,0,0,0,0,10.0,6.614832771643549
285,L47464,L,298.2,308.3,2051,19.2,90,0,0,0,0,0,0,10.100000000000023,4.123780180808105
286,L47465,L,298.2,308.3,1568,36.0,92,0,0,0,0,0,0,10.100000000000023,5.911220736994554
287,L47466,L,298.2,308.3,1589,33.2,94,0,0,0,0,0,0,10.100000000000023,5.524469737386627
288,L47467,L,298.2,308.3,1805,31.6,96,0,0,0,0,0,0,10.100000000000023,5.973005392515155
289,H29702,H,298.2,308.4,1385,42.2,98,0,0,0,0,0,0,10.199999999999989,6.120555527478755
290,L47469,L,298.1,308.4,1436,46.7,103,0,0,0,0,0,0,10.299999999999955,7.022632442030529
291,L47470,L,298.1,308.4,1438,45.6,105,0,0,0,0,0,0,10.299999999999955,6.866767558510427
292,L47471,L,298.0,308.3,1473,42.6,107,0,0,0,0,0,0,10.300000000000011,6.571143689807627
293,L47472,L,298.1,308.4,1335,40.2,109,0,0,0,0,0,0,10.299999999999955,5.619995098006781
294,H29707,H,298.1,308.5,1392,44.8,111,0,0,0,0,0,0,10.399999999999977,6.530491480870174
295,M15154,M,298.1,308.5,1372,51.1,116,0,0,0,0,0,0,10.399999999999977,7.341818255635252
296,M15155,M,298.1,308.6,1716,30.7,119,0,0,0,0,0,0,10.5,5.516762363409819
297,L47476,L,298.0,308.5,1395,46.2,122,0,0,0,0,0,0,10.5,6.749083497706952
298,L47477,L,298.0,308.5,1713,25.3,124,0,0,0,0,0,0,10.5,4.538438995155423
299,H29712,H,297.9,308.5,2129,18.7,126,0,0,0,0,0,0,10.600000000000023,4.16913430675043
300,M15159,M,297.8,308.3,1567,35.6,131,0,0,0,0,0,0,10.5,5.841812483301244
301,L47480,L,297.8,308.4,1622,38.3,134,0,0,0,0,0,0,10.599999999999966,6.505463459396575
302,L47481,L,297.7,308.4,1740,27.1,136,0,0,0,0,0,0,10.699999999999989,4.937955332912437
303,H29716,H,297.8,308.4,1512,35.1,138,0,0,0,0,0,0,10.599999999999966,5.557603067906487
304,M15163,M,297.8,308.4,1479,43.5,143,0,0,0,0,0,0,10.599999999999966,6.73730252525599
305,L47484,L,297.8,308.4,1737,27.5,146,0,0,0,0,0,0,10.599999999999966,5.002200902678348
306,L47485,L,297.8,308.4,2129,19.2,148,0,0,0,0,0,0,10.599999999999966,4.280608486075308
307,L47486,L,297.8,308.4,1374,47.1,150,0,0,0,0,0,0,10.599999999999966,6.77698084047083
308,M15167,M,297.8,308.4,1579,36.6,152,0,0,0,0,0,0,10.599999999999966,6.051901256022306
309,L47488,L,297.9,308.5,1305,47.2,155,0,0,0,0,0,0,10.600000000000023,6.4503180363505646
310,M15169,M,297.9,308.5,1449,40.8,157,0,0,0,0,0,0,10.600000000000023,6.190948146870189
311,H29724,H,298.0,308.6,1526,41.8,160,0,0,0,0,0,0,10.600000000000023,6.679738075866714
312,M15171,M,298.0,308.6,1453,44.1,165,0,0,0,0,0,0,10.600000000000023,6.710159164728975
313,L47492,L,297.9,308.6,1468,36.0,168,0,0,0,0,0,0,10.700000000000045,5.53422961856378
314,L47493,L,298.0,308.6,1313,50.8,170,0,0,0,0,0,0,10.600000000000023,6.984849554383354
315,M15174,M,297.9,308.5,1300,53.0,172,0,0,0,0,0,0,10.600000000000023,7.215191127744559
316,L47495,L,297.9,308.4,1646,40.6,175,0,0,0,0,0,0,10.5,6.998169907234576
317,L47496,L,297.8,308.4,1714,33.2,177,0,0,0,0,0,0,10.599999999999966,5.959056721133216
318,L47497,L,297.8,308.4,1685,28.4,179,0,0,0,0,0,0,10.599999999999966,5.0112591614961985
319,L47498,L,297.8,308.4,1512,39.9,181,0,0,0,0,0,0,10.599999999999966,6.3176171626629305
320,L47499,L,297.8,308.4,1612,32.1,183,0,0,0,0,0,0,10.599999999999966,5.418744672617819
321,H29734,H,297.8,308.4,1550,38.2,185,0,0,0,0,0,0,10.599999999999966,6.200456700635056
322,L47501,L,297.8,308.4,1518,32.5,190,0,0,0,0,0,0,10.599999999999966,5.166349118828414
323,L47502,L,297.8,308.5,1448,40.0,192,0,0,0,0,0,0,10.699999999999989,6.065368216530693
324,L47503,L,297.8,308.5,1561,46.3,194,0,0,0,0,0,0,10.699999999999989,7.568546997444825
325,M15184,M,297.8,308.5,1488,41.9,196,0,0,0,0,0,0,10.699999999999989,6.528983516396451
326,L47505,L,297.8,308.5,1699,27.8,199,0,0,0,0,0,0,10.699999999999989,4.9461444177627945
327,L47506,L,297.7,308.5,1501,41.4,201,0,0,0,0,0,0,10.800000000000011,6.507432190792825
328,L47507,L,297.7,308.5,1373,56.7,203,1,0,0,0,1,0,10.800000000000011,8.152338688285905
329,H29742,H,297.6,308.4,1703,31.4,205,0,0,0,0,0,0,10.799999999999955,5.5998051292197095
330,H29743,H,297.7,308.5,1720,29.9,210,0,0,0,0,0,0,10.800000000000011,5.385527566293862
331,M15190,M,297.6,308.4,1398,41.9,215,0,0,0,0,0,0,10.799999999999955,6.1340853198402145
332,M15191,M,297.6,308.4,1391,51.9,218,0,0,0,0,0,0,10.799999999999955,7.560022809378086
333,M15192,M,297.6,308.3,1538,40.2,0,0,0,0,0,0,0,10.699999999999989,6.474571131636277
334,L47513,L,297.5,308.2,1647,31.3,3,0,0,0,0,0,0,10.699999999999989,5.398418568149093
335,M15194,M,297.5,308.1,1469,44.8,5,0,0,0,0,0,0,10.600000000000023,6.891732748130953
336,L47515,L,297.4,308.1,1749,25.9,8,0,0,0,0,0,0,10.700000000000045,4.743710659140979
337,M15196,M,297.6,308.2,1995,20.5,10,0,0,0,0,0,0,10.599999999999966,4.282776185006285
338,L47517,L,297.6,308.3,1742,27.7,13,0,0,0,0,0,0,10.699999999999989,5.05308423169099
339,L47518,L,297.5,308.2,1563,38.2,15,0,0,0,0,0,0,10.699999999999989,6.252460531027478
340,M15199,M,297.5,308.2,1713,32.2,17,0,0,0,0,0,0,10.699999999999989,5.776195084743265
341,L47520,L,297.4,308.1,1474,39.4,20,0,0,0,0,0,0,10.700000000000045,6.081662610427313
342,M15201,M,297.4,308.2,1530,32.6,22,0,0,0,0,0,0,10.800000000000011,5.22321194585839
343,L47522,L,297.4,308.2,1471,46.5,25,0,0,0,0,0,0,10.800000000000011,7.1629883298174075
344,L47523,L,297.5,308.3,1388,48.6,27,0,0,0,0,0,0,10.800000000000011,7.0640595771558665
345,M15204,M,297.5,308.2,2448,13.8,29,0,0,0,0,0,0,10.699999999999989,3.537684655354395
346,L47525,L,297.5,308.3,1585,32.9,32,0,0,0,0,0,0,10.800000000000011,5.460768710347339
347,M15206,M,297.5,308.3,1459,45.2,34,0,0,0,0,0,0,10.800000000000011,6.905932746925179
348,L47527,L,297.5,308.3,1544,40.8,37,0,0,0,0,0,0,10.800000000000011,6.5968419177139905
349,L47528,L,297.6,308.3,1617,31.7,39,0,0,0,0,0,0,10.699999999999989,5.367819455703128
350,L47529,L,297.6,308.3,1595,34.3,41,0,0,0,0,0,0,10.699999999999989,5.729060722963905
351,H29764,H,297.6,308.3,1400,44.3,43,0,0,0,0,0,0,10.699999999999989,6.494719212521298
352,M15211,M,297.6,308.4,1611,31.0,48,0,0,0,0,0,0,10.799999999999955,5.229809290430929
353,M15212,M,297.6,308.4,1507,46.0,51,0,0,0,0,0,0,10.799999999999955,7.259382864405055
354,H29767,H,297.5,308.3,1674,30.0,54,0,0,0,0,0,0,10.800000000000011,5.259026102109313
355,L47534,L,297.6,308.3,1658,34.3,59,0,0,0,0,0,0,10.699999999999989,5.955349641801979
356,L47535,L,297.6,308.3,1623,36.9,61,0,0,0,0,0,0,10.699999999999989,6.271529998434769
357,M15216,M,297.6,308.4,1398,48.9,63,0,0,0,0,0,0,10.799999999999955,7.1588728434412054
358,L47537,L,297.6,308.4,1517,34.2,66,0,0,0,0,0,0,10.799999999999955,5.4330075032651175
359,M15218,M,297.6,308.3,1467,36.7,68,0,0,0,0,0,0,10.699999999999989,5.637996423911852
360,M15219,M,297.6,308.3,1567,34.6,71,0,0,0,0,0,0,10.699999999999989,5.677716627028738
361,M15220,M,297.5,308.3,1521,38.2,74,0,0,0,0,0,0,10.800000000000011,6.084448155913496
362,L47541,L,297.5,308.3,1596,36.8,77,0,0,0,0,0,0,10.800000000000011,6.150484433491952
363,H29776,H,297.6,308.3,1640,30.9,79,0,0,0,0,0,0,10.699999999999989,5.306778310443877
364,L47543,L,297.6,308.3,1438,47.8,84,0,0,0,0,0,0,10.699999999999989,7.1980589758069815
365,L47544,L,297.6,308.4,1407,55.2,86,0,0,0,0,0,0,10.799999999999955,8.133206389025544
366,L47545,L,297.6,308.4,1353,57.5,88,0,0,0,0,0,0,10.799999999999955,8.146935148921731
367,M15226,M,297.6,308.5,1552,40.9,90,0,0,0,0,0,0,10.899999999999977,6.647274951779619
368,M15227,M,297.6,308.4,1569,38.3,93,0,0,0,0,0,0,10.799999999999955,6.292892828479178
369,L47548,L,297.5,308.4,1489,39.5,96,0,0,0,0,0,0,10.899999999999977,6.159144757240349
370,H29783,H,297.5,308.4,1587,36.1,98,0,0,0,0,0,0,10.899999999999977,5.999468074633892
371,M15230,M,297.5,308.3,1622,37.2,103,0,0,0,0,0,0,10.800000000000011,6.31862247231208
372,L47551,L,297.5,308.4,1604,38.1,106,0,0,0,0,0,0,10.899999999999977,6.399675562774696
373,M15232,M,297.4,308.3,1405,51.7,108,0,0,0,0,0,0,10.900000000000034,7.606685932259407
374,L47553,L,297.4,308.3,1412,42.0,111,0,0,0,0,0,0,10.900000000000034,6.210300357616304
375,L47554,L,297.4,308.3,1431,43.0,113,0,0,0,0,0,0,10.900000000000034,6.443720691778025
376,L47555,L,297.4,308.2,1533,37.4,115,0,0,0,0,0,0,10.800000000000011,6.004023383981597
377,M15236,M,297.4,308.2,1401,51.9,117,0,0,0,0,0,0,10.800000000000011,7.614372362285189
378,M15237,M,297.4,308.2,1424,53.9,120,0,0,0,0,0,0,10.800000000000011,8.037618196552318
379,L47558,L,297.3,308.2,1754,29.4,123,0,0,0,0,0,0,10.899999999999977,5.400146444108567
380,L47559,L,297.3,308.2,1754,26.8,125,0,0,0,0,0,0,10.899999999999977,4.922582472860872
381,L47560,L,297.5,308.3,2564,12.8,127,1,0,0,1,0,0,10.800000000000011,3.436818587223138
382,L47561,L,297.5,308.5,1546,40.4,129,0,0,0,0,0,0,11.0,6.540628353165757
383,L47562,L,297.5,308.5,1335,48.0,131,0,0,0,0,0,0,11.0,6.710441908067799
384,M15243,M,297.5,308.6,1842,27.0,133,0,0,0,0,0,0,11.100000000000023,5.208132301121159
385,L47564,L,297.5,308.5,1712,26.8,136,0,0,0,0,0,0,11.0,4.804709916498182
386,M15245,M,297.6,308.6,1414,45.4,138,0,0,0,0,0,0,11.0,6.722547511759631
387,L47566,L,297.6,308.7,1319,50.9,141,0,0,0,0,0,0,11.099999999999966,7.030580671444111
388,L47567,L,297.7,308.7,1249,60.4,143,0,0,0,0,0,0,11.0,7.900016438325085
389,L47568,L,297.6,308.7,1455,48.2,145,0,0,0,0,0,0,11.099999999999966,7.34410114629686
390,M15249,M,297.6,308.7,1408,54.8,147,0,0,0,0,0,0,11.099999999999966,8.080008753424757
391,L47570,L,297.6,308.7,1460,46.7,150,0,0,0,0,0,0,11.099999999999966,7.140002343568644
392,L47571,L,297.6,308.6,1491,38.1,152,0,0,0,0,0,0,11.0,5.948825601058024
393,M15252,M,297.6,308.5,1490,43.4,154,0,0,0,0,0,0,10.899999999999977,6.771807684567919
394,M15253,M,297.5,308.4,1350,52.2,157,0,0,0,0,0,0,10.899999999999977,7.379601143282425
395,L47574,L,297.5,308.4,1528,39.9,160,0,0,0,0,0,0,10.899999999999977,6.384470254331321
396,L47575,L,297.4,308.3,1571,37.7,162,0,0,0,0,0,0,10.900000000000034,6.202205520545554
397,L47576,L,297.4,308.3,1490,42.6,164,0,0,0,0,0,0,10.900000000000034,6.6469817364652855
398,M15257,M,297.4,308.3,1774,28.9,166,0,0,0,0,0,0,10.900000000000034,5.368835237327789
399,H29812,H,297.4,308.3,1502,43.6,169,0,0,0,0,0,0,10.900000000000034,6.857803547472184
400,L47579,L,297.4,308.4,1392,49.7,174,0,0,0,0,0,0,11.0,7.244763986590351
401,L47580,L,297.4,308.5,2100,16.9,176,0,0,0,0,0,0,11.100000000000023,3.7165041091967246
402,L47581,L,297.5,308.5,1722,30.4,178,0,0,0,0,0,0,11.0,5.481953516808046
403,L47582,L,297.4,308.6,1678,32.3,180,0,0,0,0,0,0,11.200000000000045,5.675747895632488
404,L47583,L,297.3,308.6,1273,59.8,182,0,0,0,0,0,0,11.300000000000011,7.971833246386147
405,L47584,L,297.3,308.6,1297,45.9,184,0,0,0,0,0,0,11.300000000000011,6.234207877710122
406,L47585,L,297.3,308.5,1350,57.6,186,0,0,0,0,0,0,11.199999999999989,8.143008158104744
407,L47586,L,297.4,308.6,1439,51.9,188,0,0,0,0,0,0,11.200000000000045,7.820900663332182
408,M15267,M,297.4,308.5,1600,42.1,190,0,0,0,0,0,0,11.100000000000023,7.053922704860281
409,M15268,M,297.4,308.6,1434,44.4,193,0,0,0,0,0,0,11.200000000000045,6.667464920566689
410,L47589,L,297.4,308.6,1459,41.3,196,0,0,0,0,0,0,11.200000000000045,6.310066868318802
411,M15270,M,297.5,308.6,1472,44.9,198,0,0,0,0,0,0,11.100000000000023,6.921221831172648
412,L47591,L,297.5,308.7,1429,44.3,201,0,0,0,0,0,0,11.199999999999989,6.629252681923525
413,L47592,L,297.5,308.6,1388,48.2,203,0,0,0,0,0,0,11.100000000000023,7.00591916911343
414,L47593,L,297.4,308.4,1573,34.5,205,0,0,0,0,0,0,11.0,5.682984030711256
415,L47594,L,297.4,308.4,1588,32.5,207,0,0,0,0,0,0,11.0,5.40458656172564
416,L47595,L,297.5,308.4,1511,42.8,209,0,0,0,0,0,0,10.899999999999977,6.772310339392493
417,L47596,L,297.4,308.5,1495,37.8,211,0,0,0,0,0,0,11.100000000000023,5.917818081567093
418,L47597,L,297.4,308.4,1394,50.1,213,0,0,0,0,0,0,11.0,7.313564865703967
419,L47598,L,297.4,308.4,2151,17.7,0,0,0,0,0,0,0,11.0,3.98696382074427
420,M15279,M,297.3,308.3,1501,38.2,2,0,0,0,0,0,0,11.0,6.004442263002076
421,M15280,M,297.3,308.3,1301,39.6,5,0,0,0,0,0,0,11.0,5.395119895862824
422,M15281,M,297.3,308.3,1657,31.1,8,0,0,0,0,0,0,11.0,5.39649172465489
423,L47602,L,297.3,308.3,1333,55.2,11,0,0,0,0,0,0,11.0,7.705447133312758
424,L47603,L,297.3,308.3,1484,43.9,13,0,0,0,0,0,0,11.0,6.822240718633546
425,L47604,L,297.3,308.4,1430,45.7,15,0,0,0,0,0,0,11.099999999999966,6.8435407168248865
426,M15285,M,297.3,308.4,1665,28.9,17,0,0,0,0,0,0,11.099999999999966,5.0389575367253485
427,L47606,L,297.4,308.5,1501,44.9,20,0,0,0,0,0,0,11.100000000000023,7.0575774243139575
428,M15287,M,297.5,308.5,1496,42.2,22,0,0,0,0,0,0,11.0,6.611083804410265
429,M15288,M,297.6,308.6,1595,36.9,25,0,0,0,0,0,0,11.0,6.163333547445135
430,L47609,L,297.5,308.6,1208,62.3,28,0,0,0,0,0,0,11.100000000000023,7.881041218697402
431,L47610,L,297.5,308.6,1596,37.1,30,0,0,0,0,0,0,11.100000000000023,6.200624252243247
432,L47611,L,297.5,308.5,1446,41.9,32,0,0,0,0,0,0,11.0,6.344697691336873
433,M15292,M,297.6,308.5,1466,39.7,34,0,0,0,0,0,0,10.899999999999977,6.094710691915223
434,M15293,M,297.6,308.5,1848,23.7,37,0,0,0,0,0,0,10.899999999999977,4.586473946828811
435,M15294,M,297.5,308.5,1484,44.7,40,0,0,0,0,0,0,11.0,6.946564011911608
436,L47615,L,297.4,308.3,1493,41.2,43,0,0,0,0,0,0,10.900000000000034,6.441479689018466
437,L47616,L,297.3,308.3,1504,36.3,45,0,0,0,0,0,0,11.0,5.71719597470885
438,L47617,L,297.3,308.3,1538,38.5,47,0,0,0,0,0,0,11.0,6.200770859900413
439,L47618,L,297.4,308.4,1341,52.2,49,0,0,0,0,0,0,11.0,7.330403802327209
440,M15299,M,297.4,308.3,1535,34.6,51,0,0,0,0,0,0,10.900000000000034,5.561770914160251
441,L47620,L,297.4,308.5,1389,39.2,54,0,0,0,0,0,0,11.100000000000023,5.701865002559331
442,H29855,H,297.5,308.5,1393,46.6,56,0,0,0,0,0,0,11.0,6.797757239886571
443,L47622,L,297.4,308.5,1399,61.5,61,1,0,0,1,0,0,11.100000000000023,9.009930650862847
444,H29857,H,297.4,308.5,1469,45.1,63,0,0,0,0,0,0,11.100000000000023,6.937882744212186
445,L47624,L,297.4,308.4,1582,37.2,68,0,0,0,0,0,0,11.0,6.162799476694025
446,L47625,L,297.5,308.6,1793,26.7,70,0,0,0,0,0,0,11.100000000000023,5.013259308818984
447,L47626,L,297.5,308.6,1452,39.0,72,0,0,0,0,0,0,11.100000000000023,5.930070292916094
448,M15307,M,297.6,308.7,1376,59.9,74,0,0,0,0,0,0,11.099999999999966,8.631253544374646
449,L47628,L,297.5,308.6,1552,44.9,77,0,0,0,0,0,0,11.100000000000023,7.297375191562466
450,L47629,L,297.6,308.7,1622,37.9,79,0,0,0,0,0,0,11.099999999999966,6.437521282274941
451,M15310,M,297.6,308.7,1419,41.7,81,0,0,0,0,0,0,11.099999999999966,6.196508765867044
452,H29865,H,297.5,308.6,1440,46.1,84,0,0,0,0,0,0,11.100000000000023,6.951716223863494
453,M15312,M,297.4,308.6,1643,31.0,89,0,0,0,0,0,0,11.200000000000045,5.333691287509631
454,L47633,L,297.4,308.7,1510,36.2,92,0,0,0,0,0,0,11.300000000000011,5.724191254350843
455,L47634,L,297.4,308.7,1468,46.6,94,0,0,0,0,0,0,11.300000000000011,7.163752784029781
456,L47635,L,297.4,308.7,1429,57.4,96,0,0,0,0,0,0,11.300000000000011,8.589596025788046
457,H29870,H,297.3,308.7,1478,47.6,98,0,0,0,0,0,0,11.399999999999977,7.367327987982399
458,L47637,L,297.4,308.6,1276,53.6,103,0,0,0,0,0,0,11.200000000000045,7.162161043751964
459,L47638,L,297.3,308.6,1486,42.6,105,0,0,0,0,0,0,11.300000000000011,6.629137490192895
460,L47639,L,297.4,308.6,1476,42.3,107,0,0,0,0,0,0,11.200000000000045,6.538156966944934
461,H29874,H,297.3,308.6,1431,42.0,109,0,0,0,0,0,0,11.300000000000011,6.293866722201792
462,L47641,L,297.4,308.7,1402,40.2,114,0,0,0,0,0,0,11.300000000000011,5.902047286446073
463,L47642,L,297.4,308.7,1433,43.4,116,0,0,0,0,0,0,11.300000000000011,6.512751954352904
464,L47643,L,297.4,308.7,2874,4.2,118,1,0,0,1,0,0,11.300000000000011,1.264051220098389
465,L47644,L,297.3,308.6,1511,35.7,120,0,0,0,0,0,0,11.300000000000011,5.648866334493272
466,M15325,M,297.3,308.6,1456,42.9,122,0,0,0,0,0,0,11.300000000000011,6.541047232186236
467,L47646,L,297.2,308.5,1550,41.5,125,0,0,0,0,0,0,11.300000000000011,6.736098248072115
468,L47647,L,297.2,308.5,2182,16.5,127,0,0,0,0,0,0,11.300000000000011,3.770225343573111
469,L47648,L,297.3,308.7,1619,31.6,129,0,0,0,0,0,0,11.399999999999977,5.357504559823842
470,M15329,M,297.3,308.8,1586,32.7,131,0,0,0,0,0,0,11.5,5.430996883966819
471,H29884,H,297.3,308.8,1499,44.2,134,0,0,0,0,0,0,11.5,6.938291151257156
472,H29885,H,297.3,308.8,1419,42.4,139,0,0,0,0,0,0,11.5,6.3005268986274015
473,M15332,M,297.4,309.0,1497,41.8,144,0,0,0,0,0,0,11.600000000000023,6.552796788710663
474,M15333,M,297.4,309.0,1520,37.0,147,0,0,0,0,0,0,11.600000000000023,5.889439027929666
475,L47654,L,297.4,309.1,1478,49.8,150,0,0,0,0,0,0,11.700000000000045,7.707834743729486
476,L47655,L,297.4,309.1,1380,41.1,152,0,0,0,0,0,0,11.700000000000045,5.939495070876863
477,L47656,L,297.4,309.0,1570,37.9,154,0,0,0,0,0,0,11.600000000000023,6.231139588885115
478,H29891,H,297.4,309.0,1468,41.4,156,0,0,0,0,0,0,11.600000000000023,6.364364061348346
479,L47658,L,297.4,309.0,1833,22.6,161,0,0,0,0,0,0,11.600000000000023,4.338099631636002
480,M15339,M,297.4,308.9,1323,57.3,163,0,0,0,0,0,0,11.5,7.938584724135655
481,L47660,L,297.4,309.0,1583,32.0,166,0,0,0,0,0,0,11.600000000000023,5.304683915341486
482,M15341,M,297.3,309.0,1556,39.5,168,0,0,0,0,0,0,11.699999999999989,6.436285589164529
483,L47662,L,297.3,309.0,1548,37.4,171,0,0,0,0,0,0,11.699999999999989,6.062771166603726
484,L47663,L,297.4,309.0,1324,56.9,173,0,0,0,0,0,0,11.600000000000023,7.889125583792641
485,L47664,L,297.4,309.0,1568,33.7,175,0,0,0,0,0,0,11.600000000000023,5.533559412131014
486,M15345,M,297.4,309.0,1685,30.7,177,0,0,0,0,0,0,11.600000000000023,5.41710057246244
487,M15346,M,297.4,309.1,1582,35.9,180,0,0,0,0,0,0,11.700000000000045,5.947432828314933
488,M15347,M,297.4,309.1,1463,35.0,183,0,0,0,0,0,0,11.700000000000045,5.362175060902178
489,L47668,L,297.4,309.2,1584,42.8,186,0,0,0,0,0,0,11.800000000000011,7.099496742288358
490,M15349,M,297.5,309.2,1347,55.8,188,0,0,0,0,0,0,11.699999999999989,7.871009066156939
491,L47670,L,297.4,309.2,1459,37.9,191,0,0,0,0,0,0,11.800000000000011,5.790594051072217
492,L47671,L,297.4,309.2,1420,45.6,193,0,0,0,0,0,0,11.800000000000011,6.78081358350821
493,L47672,L,297.5,309.3,1404,43.5,195,0,0,0,0,0,0,11.800000000000011,6.395654324178101
494,L47673,L,297.5,309.3,1470,38.8,197,0,0,0,0,0,0,11.800000000000011,5.972795953004914
495,L47674,L,297.6,309.4,1326,49.8,199,0,0,0,0,0,0,11.799999999999955,6.9151480853757095
496,H29909,H,297.5,309.3,1459,49.7,201,0,0,0,0,0,0,11.800000000000011,7.593470299163306
497,M15356,M,297.5,309.2,1530,40.0,206,0,0,0,0,0,0,11.699999999999989,6.408849013323178
498,L47677,L,297.4,309.0,1505,39.2,209,0,0,0,0,0,0,11.600000000000023,6.178046673039449
499,L47678,L,297.5,309.1,1611,30.2,211,0,0,0,0,0,0,11.600000000000023,5.094846470032711
500,L47679,L,297.5,309.1,1515,35.1,213,0,0,0,0,0,0,11.600000000000023,5.568630058120588
501,M15360,M,297.5,309.2,1804,27.4,215,0,0,0,0,0,0,11.699999999999989,5.176255607662735
502,M15361,M,297.6,309.3,1464,46.2,218,0,0,0,0,0,0,11.699999999999989,7.082909133077404
503,L47682,L,297.6,309.2,1390,43.3,221,0,0,0,0,0,0,11.599999999999966,6.302767901386962
504,M15363,M,297.6,309.2,1442,48.1,0,0,0,0,0,0,0,11.599999999999966,7.263383159050627
505,M15364,M,297.6,309.3,1529,41.9,3,0,0,0,0,0,0,11.699999999999989,6.708881583716515
506,L47685,L,297.6,309.3,1610,35.0,6,0,0,0,0,0,0,11.699999999999989,5.900958200992828
507,L47686,L,297.6,309.3,1543,34.3,8,0,0,0,0,0,0,11.699999999999989,5.542282567732481
508,H29921,H,297.8,309.4,1445,48.2,10,0,0,0,0,0,0,11.599999999999966,7.293626224329184
509,L47688,L,297.7,309.3,1893,24.6,15,0,0,0,0,0,0,11.600000000000023,4.876568612461293
510,M15369,M,297.6,309.3,1415,41.3,17,0,0,0,0,0,0,11.699999999999989,6.119770129315356
511,L47690,L,297.5,309.3,1564,37.5,20,0,0,0,0,0,0,11.800000000000011,6.1418136377680455
512,L47691,L,297.5,309.3,1479,39.4,22,0,0,0,0,0,0,11.800000000000011,6.102292402185887
513,L47692,L,297.5,309.2,1426,44.8,24,0,0,0,0,0,0,11.699999999999989,6.690000611868441
514,L47693,L,297.4,309.2,1428,38.8,26,0,0,0,0,0,0,11.800000000000011,5.802144640061917
515,L47694,L,297.4,309.2,1620,33.2,28,0,0,0,0,0,0,11.800000000000011,5.632247309355781
516,L47695,L,297.5,309.2,1715,28.0,30,0,0,0,0,0,0,11.699999999999989,5.028642640846063
517,L47696,L,297.5,309.3,1732,29.9,32,0,0,0,0,0,0,11.800000000000011,5.423101014430796
518,M15377,M,297.5,309.4,1391,58.2,34,0,0,0,0,0,0,11.899999999999977,8.477713439418201
519,L47698,L,297.6,309.5,1924,20.6,37,0,0,0,0,0,0,11.899999999999977,4.150504662314644
520,M15379,M,297.7,309.5,2027,19.8,39,0,0,0,0,0,0,11.800000000000011,4.202885483825497
521,L47700,L,297.6,309.5,1617,36.2,42,0,0,0,0,0,0,11.899999999999977,6.129812753831332
522,L47701,L,297.5,309.4,1497,35.8,44,0,0,0,0,0,0,11.899999999999977,5.612203948225879
523,M15382,M,297.5,309.5,1448,43.7,46,0,0,0,0,0,0,12.0,6.626414776559785
524,L47703,L,297.4,309.4,1401,45.9,49,0,0,0,0,0,0,12.0,6.734098100749329
525,L47704,L,297.4,309.4,1620,35.4,51,0,0,0,0,0,0,12.0,6.005468516602249
526,L47705,L,297.4,309.4,1466,45.5,53,0,0,0,0,0,0,12.0,6.985121825746665
527,L47706,L,297.6,309.5,1373,50.6,55,0,0,0,0,0,0,11.899999999999977,7.275279323232219
528,M15387,M,297.6,309.6,1592,35.8,57,0,0,0,0,0,0,12.0,5.968355835387841
529,M15388,M,297.5,309.5,1553,42.4,60,0,0,0,0,0,0,12.0,6.89550265931526
530,L47709,L,297.6,309.5,1569,36.2,63,0,0,0,0,0,0,11.899999999999977,5.9478517073354125
531,M15390,M,297.6,309.5,1709,32.2,65,0,0,0,0,0,0,11.899999999999977,5.7627071802838525
532,L47711,L,297.6,309.5,1549,34.9,68,0,0,0,0,0,0,11.899999999999977,5.661160433744318
533,L47712,L,297.5,309.4,1443,45.4,70,0,0,0,0,0,0,11.899999999999977,6.860421541350174
534,L47713,L,297.5,309.3,1675,29.8,72,0,0,0,0,0,0,11.800000000000011,5.227086576797818
535,L47714,L,297.5,309.3,1623,33.4,74,0,0,0,0,0,0,11.800000000000011,5.676669429477541
536,H29949,H,297.4,309.3,1365,52.4,76,0,0,0,0,0,0,11.900000000000034,7.4901852046887845
537,L47716,L,297.4,309.3,1759,24.8,81,0,0,0,0,0,0,11.900000000000034,4.568210821535942
538,H29951,H,297.4,309.3,1516,43.0,83,0,0,0,0,0,0,11.900000000000034,6.826471396740382
539,M15398,M,297.4,309.3,1499,36.8,88,0,0,0,0,0,0,11.900000000000034,5.776676795616815
540,M15399,M,297.4,309.3,1775,25.8,91,0,0,0,0,0,0,11.900000000000034,4.795641185704819
541,L47720,L,297.4,309.4,1473,45.5,94,0,0,0,0,0,0,12.0,7.018475067752278
542,L47721,L,297.4,309.4,1296,52.3,96,0,0,0,0,0,0,12.0,7.097988777814634
543,L47722,L,297.5,309.4,1803,24.7,98,0,0,0,0,0,0,11.899999999999977,4.66360004647444
544,H29957,H,297.5,309.3,1563,36.1,100,0,0,0,0,0,0,11.800000000000011,5.908738878798219
545,M15404,M,297.5,309.4,1831,26.6,105,0,0,0,0,0,0,11.899999999999977,5.100333785200982
546,L47725,L,297.6,309.4,1958,22.1,108,0,0,0,0,0,0,11.799999999999955,4.531412299586894
547,L47726,L,297.5,309.4,1809,24.3,110,0,0,0,0,0,0,11.899999999999977,4.6033442993785885
548,M15407,M,297.5,309.4,1482,39.3,112,0,0,0,0,0,0,11.899999999999977,6.099150809532295
549,L47728,L,297.4,309.3,1332,53.2,115,0,0,0,0,0,0,11.900000000000034,7.420693175191379
550,L47729,L,297.4,309.2,1437,40.4,117,0,0,0,0,0,0,11.800000000000011,6.079484439520824
551,L47730,L,297.4,309.2,1698,29.4,119,0,0,0,0,0,0,11.800000000000011,5.227735839279559
552,L47731,L,297.4,309.2,1274,54.3,121,0,0,0,0,0,0,11.800000000000011,7.244324163618847
553,M15412,M,297.4,309.3,1622,35.0,123,0,0,0,0,0,0,11.900000000000034,5.944940498143085
554,M15413,M,297.4,309.3,1564,36.0,126,0,0,0,0,0,0,11.900000000000034,5.8961410922573245
555,H29968,H,297.5,309.4,1368,45.3,129,0,0,0,0,0,0,11.899999999999977,6.489525112667364
556,M15415,M,297.4,309.4,1539,42.2,134,0,0,0,0,0,0,12.0,6.8011082720504
557,L47736,L,297.5,309.4,1357,50.1,137,0,0,0,0,0,0,11.899999999999977,7.119445855638652
558,M15417,M,297.5,309.4,1433,48.3,139,0,0,0,0,0,0,11.899999999999977,7.248062658876619
559,L47738,L,297.5,309.4,1650,34.6,142,0,0,0,0,0,0,11.899999999999977,5.978450819781376
560,L47739,L,297.5,309.4,1503,40.6,144,0,0,0,0,0,0,11.899999999999977,6.390187952960855
561,L47740,L,297.5,309.4,1318,58.2,146,0,0,0,0,0,0,11.899999999999977,8.032801087816814
562,M15421,M,297.5,309.4,1678,34.4,148,0,0,0,0,0,0,11.899999999999977,6.0447593687231445
563,L47742,L,297.6,309.5,1574,30.9,151,0,0,0,0,0,0,11.899999999999977,5.093212841852845
564,L47743,L,297.7,309.6,1529,35.2,153,0,0,0,0,0,0,11.900000000000034,5.636100996344186
565,H29978,H,297.6,309.6,1669,32.1,155,0,0,0,0,0,0,12.0,5.610350408560261
566,H29979,H,297.7,309.7,1570,35.8,160,0,0,0,0,0,0,12.0,5.885878556255597
567,M15426,M,297.6,309.7,1541,33.7,165,0,0,0,0,0,0,12.099999999999966,5.438274906947637
568,M15427,M,297.7,309.7,1680,30.2,168,0,0,0,0,0,0,12.0,5.313061495751058
569,L47748,L,297.8,309.7,1935,22.1,171,0,0,0,0,0,0,11.899999999999977,4.478183248059572
570,M15429,M,297.7,309.6,1596,35.2,173,0,0,0,0,0,0,11.900000000000034,5.883072066818391
571,L47750,L,297.7,309.7,1498,41.0,176,0,0,0,0,0,0,12.0,6.431677919939263
572,M15431,M,297.8,309.8,1676,29.0,178,0,0,0,0,0,0,12.0,5.089798977835944
573,L47752,L,297.8,309.9,1351,49.0,181,0,0,0,0,0,0,12.099999999999966,6.932343069166357
574,L47753,L,297.9,309.9,1472,45.0,183,0,0,0,0,0,0,12.0,6.936636579126263
575,M15434,M,297.9,310.0,1439,41.7,185,0,0,0,0,0,0,12.100000000000023,6.283845041636841
576,M15435,M,297.9,309.9,1410,55.4,188,0,0,0,0,0,0,12.0,8.180078951417103
577,H29990,H,297.7,309.7,1440,51.1,191,0,0,0,0,0,0,12.0,7.705698460725045
578,L47757,L,297.7,309.7,1591,37.7,196,0,0,0,0,0,0,12.0,6.281164215905778
579,L47758,L,297.8,309.8,1533,36.8,198,0,0,0,0,0,0,12.0,5.907702153222534
580,M15439,M,297.8,309.7,1700,31.3,200,0,0,0,0,0,0,11.899999999999977,5.572138169917097
581,M15440,M,297.8,309.8,1798,25.5,203,0,0,0,0,0,0,12.0,4.80129605248128
582,L47761,L,297.8,309.7,1394,42.9,206,0,0,0,0,0,0,11.899999999999977,6.262513627518966
583,L47762,L,297.8,309.7,1341,49.2,208,0,0,0,0,0,0,11.899999999999977,6.909116227480817
584,H29997,H,297.7,309.6,1697,32.2,210,0,0,0,0,0,0,11.900000000000034,5.722243466905617
585,H29998,H,297.6,309.6,1419,48.2,215,0,0,0,0,0,0,12.0,7.162391427213226
586,L47765,L,297.6,309.5,2001,20.5,220,0,0,0,0,0,0,11.899999999999977,4.295656714886003
587,L47766,L,297.6,309.6,1501,49.8,222,1,0,0,0,1,0,12.0,7.8277807512435436
588,H30001,H,297.6,309.5,1623,33.1,224,0,0,0,0,0,0,11.899999999999977,5.6256813807097785
589,L47768,L,297.6,309.4,1628,33.4,229,0,0,0,0,0,0,11.799999999999955,5.694157628582524
590,L47769,L,297.6,309.4,1491,40.2,231,0,0,0,0,0,0,11.799999999999955,6.2767136263131915
591,L47770,L,297.5,309.4,1517,36.7,233,0,0,0,0,0,0,11.899999999999977,5.830157174556427
592,H30005,H,297.5,309.3,1525,41.7,235,0,0,0,0,0,0,11.800000000000011,6.659391027446964
593,H30006,H,297.5,309.5,1668,27.9,240,0,0,0,0,0,0,12.0,4.873364187954631
594,L47773,L,297.5,309.6,1312,50.7,0,0,0,0,0,0,0,12.100000000000023,6.965790558951577
595,H30008,H,297.6,309.6,1278,50.4,2,0,0,0,0,0,0,12.0,6.745125090963429
596,M15455,M,297.6,309.6,1330,53.1,7,0,0,0,0,0,0,12.0,7.395623265815733
597,M15456,M,297.6,309.6,1530,37.3,10,0,0,0,0,0,0,12.0,5.976251704923863
598,H30011,H,297.6,309.6,1428,46.6,13,0,0,0,0,0,0,12.0,6.968555160486736
599,L47778,L,297.7,309.6,1480,47.9,18,0,0,0,0,0,0,11.900000000000034,7.42379287994292
600,H30013,H,297.7,309.7,1616,31.1,20,0,0,0,0,0,0,12.0,5.2629635649018125
601,L47780,L,297.8,309.7,1547,37.3,25,0,0,0,0,0,0,11.899999999999977,6.04265450164524
602,L47781,L,297.9,309.7,2194,16.8,27,0,0,0,0,0,0,11.800000000000011,3.8598863979065636
603,L47782,L,297.9,309.8,2000,21.3,29,0,0,0,0,0,0,11.900000000000034,4.461061568097506
604,L47783,L,297.9,309.8,1336,71.6,31,1,0,0,1,0,0,11.900000000000034,10.017240447334366
605,L47784,L,297.9,309.9,1542,33.8,33,0,0,0,0,0,0,12.0,5.457951748934619
606,M15465,M,297.9,309.8,1693,29.9,35,0,0,0,0,0,0,11.900000000000034,5.300987307985761
607,L47786,L,297.9,309.8,1461,50.5,38,0,0,0,0,0,0,11.900000000000034,7.726275892606058
608,M15467,M,298.0,309.9,1565,33.9,40,0,0,0,0,0,0,11.899999999999977,5.555749528240869
609,L47788,L,298.0,309.9,1403,47.7,43,0,0,0,0,0,0,11.899999999999977,7.008170643848502
610,L47789,L,298.1,309.9,1629,32.5,45,0,0,0,0,0,0,11.799999999999955,5.544125635422587
611,L47790,L,298.1,310.0,1534,33.7,47,0,0,0,0,0,0,11.899999999999977,5.413571516714908
612,L47791,L,298.1,310.0,1553,40.9,49,0,0,0,0,0,0,11.899999999999977,6.651557989764013
613,L47792,L,298.1,309.9,1563,32.8,51,0,0,0,0,0,0,11.799999999999955,5.3686048538665245
614,L47793,L,298.1,309.9,1634,30.0,53,0,0,0,0,0,0,11.799999999999955,5.1333623959657215
615,M15474,M,298.0,309.9,1445,45.2,55,0,0,0,0,0,0,11.899999999999977,6.839666085885458
616,L47795,L,298.1,309.9,1642,30.4,58,0,0,0,0,0,0,11.799999999999955,5.227275072357034
617,H30030,H,298.1,309.9,1686,29.1,60,0,0,0,0,0,0,11.799999999999955,5.137823457533819
618,M15477,M,298.1,310.0,1393,43.1,65,0,0,0,0,0,0,11.899999999999977,6.28719607380067
619,H30032,H,298.2,310.0,1433,44.2,68,0,0,0,0,0,0,11.800000000000011,6.632802681622083
620,L47799,L,298.3,310.0,1507,44.7,73,0,0,0,0,0,0,11.699999999999989,7.05422639215013
621,M15480,M,298.3,310.1,1389,49.6,75,0,0,0,0,0,0,11.800000000000011,7.214604697115888
622,L47801,L,298.3,310.1,1408,45.3,78,0,0,0,0,0,0,11.800000000000011,6.6792773089441875
623,M15482,M,298.4,310.2,1725,32.0,80,0,0,0,0,0,0,11.800000000000011,5.780530482605219
624,L47803,L,298.4,310.1,1926,23.7,83,0,0,0,0,0,0,11.700000000000045,4.7800588861430136
625,H30038,H,298.3,310.1,1509,37.6,85,0,0,0,0,0,0,11.800000000000011,5.941631353881304
626,L47805,L,298.3,310.1,1545,36.3,90,0,0,0,0,0,0,11.800000000000011,5.873050386253438
627,L47806,L,298.4,310.1,1533,35.2,92,0,0,0,0,0,0,11.700000000000045,5.650845537865035
628,L47807,L,298.4,310.1,1455,42.2,94,0,0,0,0,0,0,11.700000000000045,6.4298976841022295
629,M15488,M,298.4,310.1,1335,57.8,96,0,0,0,0,0,0,11.700000000000045,8.080490464298306
630,L47809,L,298.3,310.1,1523,45.9,99,0,0,0,0,0,0,11.800000000000011,7.320507785468401
631,L47810,L,298.3,310.0,1460,47.6,101,0,0,0,0,0,0,11.699999999999989,7.277604101795875
632,L47811,L,298.4,310.0,1554,37.3,103,0,0,0,0,0,0,11.600000000000023,6.069996829706983
633,H30046,H,298.3,310.0,1419,47.1,105,0,0,0,0,0,0,11.699999999999989,6.998934361446949
634,L47813,L,298.3,310.0,1442,43.9,110,0,0,0,0,0,0,11.699999999999989,6.6291584341439185
635,L47814,L,298.3,309.9,1507,41.6,112,0,0,0,0,0,0,11.599999999999966,6.565007112157614
636,L47815,L,298.3,310.0,1858,23.9,114,0,0,0,0,0,0,11.699999999999989,4.6502063897946355
637,L47816,L,298.3,309.9,1463,43.9,116,0,0,0,0,0,0,11.599999999999966,6.725699576388733
638,L47817,L,298.2,309.7,1585,37.4,118,0,0,0,0,0,0,11.5,6.207682363738312
639,L47818,L,298.0,309.6,1536,37.3,120,0,0,0,0,0,0,11.600000000000023,5.999687986119642
640,L47819,L,298.0,309.6,1403,51.3,122,0,0,0,0,0,0,11.600000000000023,7.537089183006881
641,M15500,M,297.9,309.6,1515,38.8,124,0,0,0,0,0,0,11.700000000000045,6.15563664544384
642,L47821,L,297.9,309.5,1390,47.9,127,0,0,0,0,0,0,11.600000000000023,6.972346015622066
643,M15502,M,297.8,309.4,1226,58.7,129,0,0,0,0,0,0,11.599999999999966,7.536282840892459
644,M15503,M,297.8,309.4,1495,36.5,132,0,0,0,0,0,0,11.599999999999966,5.714295237492034
645,H30058,H,297.7,309.4,1608,30.2,135,0,0,0,0,0,0,11.699999999999989,5.085358860218869
646,L47825,L,297.7,309.4,1392,44.1,140,0,0,0,0,0,0,11.699999999999989,6.428452551481578
647,M15506,M,297.7,309.4,1461,43.7,142,0,0,0,0,0,0,11.699999999999989,6.685906069443264
648,L47827,L,297.7,309.3,1559,36.9,145,0,0,0,0,0,0,11.600000000000023,6.02422382474418
649,H30062,H,297.7,309.3,1400,48.9,147,0,0,0,0,0,0,11.600000000000023,7.169114435491908
650,M15509,M,297.7,309.2,1732,28.8,152,0,0,0,0,0,0,11.5,5.223588936976821
651,L47830,L,297.6,309.2,1611,33.1,155,0,0,0,0,0,0,11.599999999999966,5.58408669397625
652,L47831,L,297.6,309.1,1503,38.9,157,0,0,0,0,0,0,11.5,6.122618506654613
653,L47832,L,297.7,309.2,1391,44.5,159,0,0,0,0,0,0,11.5,6.48210048202938
654,L47833,L,297.8,309.3,2015,20.1,161,0,0,0,0,0,0,11.5,4.2413071619789005
655,L47834,L,297.8,309.2,1683,30.9,163,0,0,0,0,0,0,11.399999999999977,5.44591944907137
656,L47835,L,297.7,309.1,1435,38.8,165,0,0,0,0,0,0,11.400000000000034,5.830586525552416
657,M15516,M,297.7,309.1,1732,28.1,167,0,0,0,0,0,0,11.400000000000034,5.0966267058697445
658,L47837,L,297.7,309.2,1365,58.6,170,0,0,0,0,0,0,11.5,8.376428492266466
659,L47838,L,297.7,309.1,1562,36.8,172,0,0,0,0,0,0,11.400000000000034,6.0194590758862345
660,L47839,L,297.6,309.1,1449,49.1,174,0,0,0,0,0,0,11.5,7.450381225767803
661,M15520,M,297.7,309.2,1700,27.4,176,0,0,0,0,0,0,11.5,4.877846193473752
662,M15521,M,297.6,309.0,1427,45.6,179,0,0,0,0,0,0,11.399999999999977,6.814240129342405
663,M15522,M,297.6,308.9,1479,38.1,182,0,0,0,0,0,0,11.299999999999955,5.900947729017317
664,L47843,L,297.5,308.9,1469,44.0,185,0,0,0,0,0,0,11.399999999999977,6.768666091914329
665,L47844,L,297.5,308.9,1390,47.4,187,0,0,0,0,0,0,11.399999999999977,6.899565785813903
666,L47845,L,297.5,308.9,1729,28.1,189,0,0,0,0,0,0,11.399999999999977,5.087798830513158
667,L47846,L,297.5,309.0,1470,43.5,191,0,0,0,0,0,0,11.5,6.696304741126643
668,L47847,L,297.5,308.9,1459,48.5,193,0,0,0,0,0,0,11.399999999999977,7.410126951899804
669,L47848,L,297.5,308.9,1738,24.0,195,0,0,0,0,0,0,11.399999999999977,4.368070425551248
670,H30083,H,297.5,308.9,1471,37.7,197,0,0,0,0,0,0,11.399999999999977,5.807412043744437
671,L47850,L,297.6,309.0,1822,25.4,202,0,0,0,0,0,0,11.399999999999977,4.84630460323171
672,L47851,L,297.5,308.9,1554,34.8,204,0,0,0,0,0,0,11.399999999999977,5.663160581067104
673,M15532,M,297.6,308.9,1433,43.2,206,0,0,0,0,0,0,11.299999999999955,6.48273927253561
674,L47853,L,297.6,308.9,1449,47.7,209,0,0,0,0,0,0,11.299999999999955,7.237946730532061
675,L47854,L,297.8,309.0,1456,41.2,0,0,0,0,0,0,0,11.199999999999989,6.281844894314055
676,M15535,M,297.8,309.1,1424,45.5,2,0,0,0,0,0,0,11.300000000000011,6.785002373712996
677,H30090,H,297.9,309.2,1577,34.7,5,0,0,0,0,0,0,11.300000000000011,5.730463967682511
678,L47857,L,297.9,309.2,1478,39.7,10,0,0,0,0,0,0,11.300000000000011,6.14459918325423
679,M15538,M,297.8,309.2,1295,61.2,12,0,0,0,0,0,0,11.399999999999977,8.299459472253517
680,L47859,L,297.8,309.2,1372,47.3,15,0,0,0,0,0,0,11.399999999999977,6.795851340343392
681,M15540,M,297.8,309.1,1432,42.6,17,0,0,0,0,0,0,11.300000000000011,6.38824016551563
682,M15541,M,297.7,309.0,1656,33.2,20,0,0,0,0,0,0,11.300000000000011,5.757408360674799
683,H30096,H,297.8,309.0,1410,48.8,23,0,0,0,0,0,0,11.199999999999989,7.205556910273549
684,L47863,L,297.7,309.0,1874,24.4,28,0,0,0,0,0,0,11.300000000000011,4.788373634699514
685,L47864,L,297.7,309.0,1538,43.2,30,0,0,0,0,0,0,11.300000000000011,6.957748081758386
686,M15545,M,297.7,309.0,1636,29.7,32,0,0,0,0,0,0,11.300000000000011,5.088249125460173
687,M15546,M,297.7,309.0,1504,40.4,35,0,0,0,0,0,0,11.300000000000011,6.3629398726787185
688,M15547,M,297.7,309.0,1531,42.4,38,0,0,0,0,0,0,11.300000000000011,6.7978200717396415
689,H30102,H,297.6,309.0,1735,26.4,41,0,0,0,0,0,0,11.399999999999977,4.796583663500895
690,H30103,H,297.6,309.0,1354,55.6,46,0,0,0,0,0,0,11.399999999999977,7.8835544928202745
691,H30104,H,297.6,309.0,1413,40.2,51,0,0,0,0,0,0,11.399999999999977,5.948354362159986
692,L47871,L,297.7,309.1,1563,39.3,56,0,0,0,0,0,0,11.400000000000034,6.432505206004708
693,L47872,L,297.7,309.1,1479,42.1,58,0,0,0,0,0,0,11.400000000000034,6.520469800305222
694,L47873,L,297.7,309.1,1477,38.3,60,0,0,0,0,0,0,11.400000000000034,5.923902299339544
695,L47874,L,297.6,309.1,1394,50.0,62,0,0,0,0,0,0,11.5,7.298966931840287
696,L47875,L,297.6,309.0,1487,45.4,64,0,0,0,0,0,0,11.399999999999977,7.069609724177207
697,M15556,M,297.6,309.0,1815,25.3,66,0,0,0,0,0,0,11.399999999999977,4.808678795217217
698,M15557,M,297.6,308.8,1453,39.7,69,0,0,0,0,0,0,11.199999999999989,6.040664826297967
699,L47878,L,297.6,308.8,1539,40.2,72,0,0,0,0,0,0,11.199999999999989,6.4787808657920865
700,H30113,H,297.5,308.7,1416,39.2,74,0,0,0,0,0,0,11.199999999999989,5.812700391377979
701,M15560,M,297.6,308.8,1683,31.6,79,0,0,0,0,0,0,11.199999999999989,5.569289792577842
702,L47881,L,297.7,308.8,1515,40.1,82,0,0,0,0,0,0,11.100000000000023,6.36188220315201
703,M15562,M,297.7,308.9,1531,48.3,84,0,0,0,0,0,0,11.199999999999989,7.743743147760017
704,H30117,H,297.7,308.9,1479,40.9,87,0,0,0,0,0,0,11.199999999999989,6.334613178918851
705,L47884,L,297.7,308.9,1516,33.7,92,0,0,0,0,0,0,11.199999999999989,5.350048513259322
706,L47885,L,297.7,309.0,1507,38.2,94,0,0,0,0,0,0,11.300000000000011,6.028444030875502
707,M15566,M,297.8,309.0,1434,43.3,96,0,0,0,0,0,0,11.199999999999989,6.502279978840938
708,L47887,L,297.7,308.9,1838,27.3,99,0,0,0,0,0,0,11.199999999999989,5.254565040541216
709,M15568,M,297.6,308.8,1416,45.9,101,0,0,0,0,0,0,11.199999999999989,6.806197652149216
710,M15569,M,297.6,308.8,1357,49.7,104,0,0,0,0,0,0,11.199999999999989,7.062603972559703
711,M15570,M,297.5,308.7,1697,28.1,107,0,0,0,0,0,0,11.199999999999989,4.99363482670956
712,L47891,L,297.5,308.7,1443,46.2,110,0,0,0,0,0,0,11.199999999999989,6.981310026660311
713,L47892,L,297.5,308.7,1453,37.6,112,0,0,0,0,0,0,11.199999999999989,5.721133437501348
714,L47893,L,297.4,308.6,1439,46.4,114,0,0,0,0,0,0,11.200000000000045,6.992096161437635
715,L47894,L,297.4,308.6,1609,36.2,116,0,0,0,0,0,0,11.200000000000045,6.09948591274868
716,L47895,L,297.4,308.6,1324,59.1,118,0,0,0,0,0,0,11.200000000000045,8.194153286505188
717,H30130,H,297.4,308.6,1420,45.8,120,0,0,0,0,0,0,11.200000000000045,6.810553993962192
718,L47897,L,297.4,308.7,1545,36.9,125,0,0,0,0,0,0,11.300000000000011,5.970125599249363
719,L47898,L,297.5,308.8,1477,39.0,127,0,0,0,0,0,0,11.300000000000011,6.032172054157762
720,L47899,L,297.4,308.8,1447,58.1,129,0,0,0,0,0,0,11.400000000000034,8.80386311673838
721,L47900,L,297.4,308.9,1809,23.8,131,0,0,0,0,0,0,11.5,4.508625280872856
722,L47901,L,297.5,308.9,1696,30.9,133,0,0,0,0,0,0,11.399999999999977,5.487985374702937
723,L47902,L,297.5,308.9,1427,44.7,135,0,0,0,0,0,0,11.399999999999977,6.679748547842227
724,M15583,M,297.4,308.9,1500,46.3,137,0,0,0,0,0,0,11.5,7.272786993060371
725,L47904,L,297.5,308.9,1390,44.6,140,0,0,0,0,0,0,11.399999999999977,6.491996498888187
726,L47905,L,297.4,308.8,1640,34.2,142,0,0,0,0,0,0,11.400000000000034,5.8735216251514775
727,M15586,M,297.4,308.8,1628,37.4,144,0,0,0,0,0,0,11.400000000000034,6.3760926739217485
728,H30141,H,297.3,308.6,1499,37.6,147,0,0,0,0,0,0,11.300000000000011,5.9022567259563115
729,M15588,M,297.4,308.7,1425,50.3,152,0,0,0,0,0,0,11.300000000000011,7.506050247589414
730,L47909,L,297.3,308.6,1586,37.7,155,0,0,0,0,0,0,11.300000000000011,6.261424542065722
731,M15590,M,297.3,308.6,1471,50.7,157,0,0,0,0,0,0,11.300000000000011,7.809967920897689
732,M15591,M,297.3,308.6,1431,53.0,160,0,0,0,0,0,0,11.300000000000011,7.942260387540356
733,L47912,L,297.2,308.6,1924,22.1,163,0,0,0,0,0,0,11.400000000000034,4.452725875589982
734,M15593,M,297.1,308.4,1421,42.0,165,0,0,0,0,0,0,11.299999999999955,6.249884425051535
735,H30148,H,297.0,308.4,1305,54.6,168,0,0,0,0,0,0,11.399999999999977,7.461596711541118
736,L47915,L,296.9,308.4,1557,32.4,173,0,0,0,0,0,0,11.5,5.282776542570452
737,L47916,L,296.9,308.3,1555,38.2,175,0,0,0,0,0,0,11.400000000000034,6.2204581738629106
738,H30151,H,296.9,308.3,1474,39.2,177,0,0,0,0,0,0,11.400000000000034,6.0507912266180375
739,L47918,L,296.8,308.3,1506,45.9,182,0,0,0,0,0,0,11.5,7.23879496054853
740,L47919,L,296.9,308.4,1390,41.8,184,0,0,0,0,0,0,11.5,6.084427211962472
741,M15600,M,296.9,308.4,1450,46.9,186,0,0,0,0,0,0,11.5,7.121466946912463
742,L47921,L,296.9,308.3,1513,38.8,189,0,0,0,0,0,0,11.400000000000034,6.147510392446555
743,L47922,L,296.8,308.2,1643,34.7,191,0,0,0,0,0,0,11.399999999999977,5.970293150857555
744,L47923,L,296.8,308.2,1361,53.8,193,0,0,0,0,0,0,11.399999999999977,7.667768965420703
745,L47924,L,296.7,308.1,1450,40.9,195,0,0,0,0,0,0,11.400000000000034,6.210405077371424
746,L47925,L,296.7,308.0,1451,50.7,197,0,0,0,0,0,0,11.300000000000011,7.7037820892063555
747,L47926,L,296.8,308.1,1289,62.0,199,1,0,0,0,1,0,11.300000000000011,8.36899338965297
748,L47927,L,296.8,308.1,1356,48.3,201,0,0,0,0,0,0,11.300000000000011,6.858599417611092
749,H30162,H,296.7,308.1,1528,46.3,203,0,0,0,0,0,0,11.400000000000034,7.408545683597496
750,L47929,L,296.6,308.0,1978,22.3,208,0,0,0,0,0,0,11.399999999999977,4.6191255664751205
751,L47930,L,296.7,308.0,1535,36.8,210,0,0,0,0,0,0,11.300000000000011,5.9154095271993405
752,M15611,M,296.8,308.1,1843,24.2,212,0,0,0,0,0,0,11.300000000000011,4.670563910189898
753,L47932,L,296.9,308.1,1422,48.7,215,0,0,0,0,0,0,11.200000000000045,7.251989649693607
754,L47933,L,296.8,308.0,1536,40.4,217,0,0,0,0,0,0,11.199999999999989,6.498321572097415
755,M15614,M,296.9,308.1,1483,44.3,219,0,0,0,0,0,0,11.200000000000045,6.879763280120776
756,H30169,H,296.8,308.1,1492,43.7,222,0,0,0,0,0,0,11.300000000000011,6.827769921703865
757,L47936,L,296.8,308.0,1584,40.4,227,0,0,0,0,0,0,11.199999999999989,6.7013941212254595
758,L47937,L,296.9,308.1,1555,33.7,229,0,0,0,0,0,0,11.200000000000045,5.487681687413092
759,L47938,L,296.8,308.0,1497,41.7,231,0,0,0,0,0,0,11.199999999999989,6.53712024136925
760,M15619,M,296.7,307.8,1537,36.3,233,0,0,0,0,0,0,11.100000000000023,5.84263976936669
761,L47940,L,296.7,307.8,1505,39.4,236,0,0,0,0,0,0,11.100000000000023,6.209567319330465
762,L47941,L,296.7,307.8,1646,34.6,238,0,0,0,0,0,0,11.100000000000023,5.963957605672816
763,M15622,M,296.7,307.8,1286,60.5,0,0,0,0,0,0,0,11.100000000000023,8.14751110757489
764,L47943,L,296.7,307.8,1400,47.5,3,0,0,0,0,0,0,11.100000000000023,6.963863715457375
765,L47944,L,296.8,307.9,1337,56.5,5,0,0,0,0,0,0,11.099999999999966,7.910582661616659
766,L47945,L,296.9,308.0,1332,53.9,7,0,0,0,0,0,0,11.100000000000023,7.51833387486495
767,L47946,L,296.8,308.0,1561,38.3,9,0,0,0,0,0,0,11.199999999999989,6.260806695510514
768,L47947,L,296.9,308.0,1546,31.1,11,0,0,0,0,0,0,11.100000000000023,5.034988658006314
769,L47948,L,296.9,308.0,1713,29.3,13,0,0,0,0,0,0,11.100000000000023,5.255978757235333
770,L47949,L,296.9,308.0,1343,44.5,15,0,0,0,0,0,0,11.100000000000023,6.258419085093788
771,L47950,L,296.8,308.0,1391,54.4,17,0,0,0,0,0,0,11.199999999999989,7.924185757806703
772,H30185,H,296.8,308.0,1311,58.6,19,0,0,0,0,0,0,11.199999999999989,8.045053299165815
773,H30186,H,296.8,308.0,1453,51.0,24,0,0,0,0,0,0,11.199999999999989,7.760048013632147
774,L47953,L,296.8,308.0,1510,39.4,29,0,0,0,0,0,0,11.199999999999989,6.230197111089038
775,L47954,L,296.8,307.9,1448,48.8,31,0,0,0,0,0,0,11.099999999999966,7.399749224167446
776,L47955,L,296.7,307.8,1453,46.0,33,0,0,0,0,0,0,11.100000000000023,6.999258992687819
777,L47956,L,296.7,307.8,1468,39.2,35,0,0,0,0,0,0,11.100000000000023,6.026161140213894
778,L47957,L,296.7,307.8,1382,47.5,37,0,0,0,0,0,0,11.100000000000023,6.874328324830066
779,L47958,L,296.7,308.0,1580,32.2,39,0,0,0,0,0,0,11.300000000000011,5.3277222614678115
780,L47959,L,296.8,308.0,1666,29.8,41,0,0,0,0,0,0,11.199999999999989,5.199000738474725
781,M15640,M,296.9,308.0,1409,50.7,43,0,0,0,0,0,0,11.100000000000023,7.480791842654551
782,L47961,L,296.8,308.0,1675,29.7,46,0,0,0,0,0,0,11.199999999999989,5.209546017815274
783,L47962,L,296.8,307.9,1698,30.8,48,0,0,0,0,0,0,11.099999999999966,5.476675641150015
784,H30197,H,296.7,307.9,1579,33.4,50,0,0,0,0,0,0,11.199999999999989,5.522773277353688
785,L47964,L,296.7,307.9,1743,27.9,55,0,0,0,0,0,0,11.199999999999989,5.092490275542518
786,M15645,M,296.9,308.0,1497,44.8,57,0,0,0,0,0,0,11.100000000000023,7.023093208953054
787,L47966,L,296.9,308.1,1741,28.8,60,0,0,0,0,0,0,11.200000000000045,5.250732297503837
788,L47967,L,296.9,308.1,1435,45.3,62,0,0,0,0,0,0,11.200000000000045,6.807360041431043
789,M15648,M,296.9,308.1,1440,46.3,64,0,0,0,0,0,0,11.200000000000045,6.981875513337956
790,M15649,M,296.9,308.0,1641,33.3,67,0,0,0,0,0,0,11.100000000000023,5.722442434440343
791,L47970,L,296.8,307.9,1420,45.4,70,0,0,0,0,0,0,11.099999999999966,6.751073173054226
792,L47971,L,296.8,307.9,1611,35.4,72,0,0,0,0,0,0,11.099999999999966,5.972104802621124
793,L47972,L,296.8,307.8,1373,42.9,74,0,0,0,0,0,0,11.0,6.168171600131664
794,M15653,M,296.8,307.9,1683,31.8,76,0,0,0,0,0,0,11.099999999999966,5.604538462151119
795,H30208,H,296.9,307.9,1547,32.6,79,0,0,0,0,0,0,11.0,5.281247634145706
796,L47975,L,296.9,307.8,1605,37.0,84,0,0,0,0,0,0,10.900000000000034,6.218782657780996
797,M15656,M,296.9,307.9,2010,18.9,86,0,0,0,0,0,0,11.0,3.9781987772407548
798,L47977,L,296.8,307.7,1565,40.1,89,0,0,0,0,0,0,10.899999999999977,6.5718453121669285
799,M15658,M,296.9,307.8,1828,24.6,91,0,0,0,0,0,0,10.900000000000034,4.709121724024957
800,M15659,M,297.0,307.8,1579,34.1,94,0,0,0,0,0,0,10.800000000000011,5.638520022687448
801,M15660,M,297.0,307.9,1882,24.2,97,0,0,0,0,0,0,10.899999999999977,4.769398415071833
802,L47981,L,296.9,307.8,1285,52.1,100,0,0,0,0,0,0,10.900000000000034,7.010830525628542
803,L47982,L,296.9,307.8,1571,35.0,102,0,0,0,0,0,0,10.900000000000034,5.758015735254492
804,H30217,H,296.9,307.8,1549,37.8,104,0,0,0,0,0,0,10.900000000000034,6.131572045717342
805,M15664,M,296.9,307.8,1544,37.6,109,0,0,0,0,0,0,10.900000000000034,6.079442551618777
806,M15665,M,297.0,307.9,1412,47.4,112,0,0,0,0,0,0,10.899999999999977,7.008767546452685
807,M15666,M,297.0,307.9,1422,53.0,115,0,0,0,0,0,0,10.899999999999977,7.892309064348279
808,L47987,L,297.0,307.7,1867,22.8,118,0,0,0,0,0,0,10.699999999999989,4.457668648031629
809,L47988,L,296.9,307.7,1424,43.3,120,0,0,0,0,0,0,10.800000000000011,6.456936324874126
810,L47989,L,296.9,307.6,1452,45.7,122,0,0,0,0,0,0,10.700000000000045,6.948825958622192
811,L47990,L,296.9,307.7,1550,39.7,124,0,0,0,0,0,0,10.800000000000011,6.443930131288265
812,L47991,L,296.8,307.6,1588,37.6,126,0,0,0,0,0,0,10.800000000000011,6.252690914488741
813,L47992,L,296.8,307.6,1338,44.4,128,0,0,0,0,0,0,10.800000000000011,6.221107436344651
814,L47993,L,296.8,307.6,1513,40.0,130,0,0,0,0,0,0,10.800000000000011,6.337639579841809
815,M15674,M,296.8,307.5,1470,45.9,132,0,0,0,0,0,0,10.699999999999989,7.0657560371888035
816,M15675,M,296.8,307.5,1516,36.7,135,0,0,0,0,0,0,10.699999999999989,5.826313959543535
817,L47996,L,296.8,307.6,1434,48.3,138,0,0,0,0,0,0,10.800000000000011,7.253120623048899
818,L47997,L,296.8,307.6,1368,52.0,140,0,0,0,0,0,0,10.800000000000011,7.449344500192118
819,L47998,L,296.8,307.6,1304,48.7,142,0,0,0,0,0,0,10.800000000000011,6.65020710492297
820,L47999,L,296.8,307.6,1398,46.7,144,0,0,0,0,0,0,10.800000000000011,6.8367967645951815
821,L48000,L,296.7,307.6,1516,37.4,146,0,0,0,0,0,0,10.900000000000034,5.937442563676517
822,L48001,L,296.7,307.6,1474,41.7,148,0,0,0,0,0,0,10.900000000000034,6.436683524233985
823,M15682,M,296.7,307.6,1547,34.7,150,0,0,0,0,0,0,10.900000000000034,5.621450702602944
824,M15683,M,296.6,307.5,1482,39.9,153,0,0,0,0,0,0,10.899999999999977,6.192267615784698
825,L48004,L,296.6,307.4,1436,42.8,156,0,0,0,0,0,0,10.799999999999955,6.4361599254583854
826,L48005,L,296.6,307.3,1474,40.0,158,0,0,0,0,0,0,10.699999999999989,6.174276761855141
827,L48006,L,296.5,307.2,1481,38.2,160,0,0,0,0,0,0,10.699999999999989,5.924436370090656
828,L48007,L,296.5,307.3,1501,42.1,162,0,0,0,0,0,0,10.800000000000011,6.617461237497051
829,L48008,L,296.5,307.3,1566,37.2,164,0,0,0,0,0,0,10.800000000000011,6.100470278446805
830,L48009,L,296.5,307.3,1579,34.5,166,0,0,0,0,0,0,10.800000000000011,5.704661020021026
831,L48010,L,296.6,307.4,1631,35.0,168,0,0,0,0,0,0,10.799999999999955,5.977927221005778
832,M15691,M,296.6,307.4,1544,42.3,170,0,0,0,0,0,0,10.799999999999955,6.839372870571124
833,L48012,L,296.6,307.4,1521,38.6,173,0,0,0,0,0,0,10.799999999999955,6.148159654928298
834,L48013,L,296.6,307.4,1616,28.0,175,0,0,0,0,0,0,10.799999999999955,4.738359479654365
835,H30248,H,296.6,307.4,1333,50.2,177,0,0,0,0,0,0,10.799999999999955,7.007489965440225
836,M15695,M,296.7,307.4,1533,32.5,182,0,0,0,0,0,0,10.699999999999989,5.217399999449249
837,L48016,L,296.6,307.4,1368,45.1,185,0,0,0,0,0,0,10.799999999999955,6.460873787666625
838,L48017,L,296.6,307.4,1465,47.8,187,0,0,0,0,0,0,10.799999999999955,7.333210291764415
839,H30252,H,296.6,307.4,1406,41.5,189,0,0,0,0,0,0,10.799999999999955,6.11029299147703
840,M15699,M,296.5,307.4,1565,43.5,194,0,0,0,0,0,0,10.899999999999977,7.129059129158637
841,L48020,L,296.6,307.5,1582,37.9,197,0,0,0,0,0,0,10.899999999999977,6.278766133513536
842,L48021,L,296.6,307.5,1439,45.5,199,0,0,0,0,0,0,10.899999999999977,6.856473606582163
843,M15702,M,296.6,307.5,1566,35.0,201,0,0,0,0,0,0,10.899999999999977,5.739689778108552
844,L48023,L,296.6,307.5,1485,42.7,204,0,0,0,0,0,0,10.899999999999977,6.640227312260066
845,L48024,L,296.5,307.5,1566,35.1,206,0,0,0,0,0,0,11.0,5.756088891760291
846,L48025,L,296.3,307.3,1439,41.5,208,0,0,0,0,0,0,11.0,6.253706696113403
847,M15706,M,296.4,307.4,1416,50.0,210,0,0,0,0,0,0,11.0,7.4141586624719125
848,L48027,L,296.4,307.4,2833,5.6,213,1,0,0,1,0,0,11.0,1.6613579710223783
849,L48028,L,296.3,307.4,1465,47.1,215,0,0,0,0,0,0,11.099999999999966,7.225820182889203
850,H30263,H,296.4,307.4,1586,35.5,0,0,0,0,0,0,0,11.0,5.896036372502205
851,L48030,L,296.3,307.3,1567,31.4,5,0,0,0,0,0,0,11.0,5.152609886956715
852,M15711,M,296.2,307.2,1389,48.6,7,0,0,0,0,0,0,11.0,7.069148957254682
853,M15712,M,296.3,307.3,1368,49.5,10,0,0,0,0,0,0,11.0,7.0912029376828825
854,L48033,L,296.3,307.3,1444,49.0,13,0,0,0,0,0,0,11.0,7.409550993246647
855,M15714,M,296.3,307.3,1498,41.6,15,0,0,0,0,0,0,11.0,6.525800035840814
856,L48035,L,296.1,307.2,1615,30.8,18,0,0,0,0,0,0,11.099999999999966,5.208970059162117
857,L48036,L,296.1,307.1,1898,22.7,20,0,0,0,0,0,0,11.0,4.511808761428492
858,M15717,M,296.1,307.1,1350,53.3,22,0,0,0,0,0,0,11.0,7.535109979635118
859,M15718,M,296.2,307.0,1516,37.6,25,0,0,0,0,0,0,10.800000000000011,5.969193593428798
860,H30273,H,296.2,307.0,1542,40.6,28,0,0,0,0,0,0,10.800000000000011,6.556001213217325
861,H30274,H,296.1,306.9,1541,32.6,33,0,0,0,0,0,0,10.799999999999955,5.2607644500443005
862,M15721,M,296.1,306.9,1951,23.3,38,0,0,0,0,0,0,10.799999999999955,4.760382044156029
863,H30276,H,296.1,306.8,1645,31.0,41,0,0,0,0,0,0,10.699999999999989,5.340183912327049
864,L48043,L,296.0,306.7,1416,44.2,46,0,0,0,0,0,0,10.699999999999989,6.554116257625171
865,M15724,M,296.0,306.7,2044,22.3,48,0,0,0,0,0,0,10.699999999999989,4.773252102060235
866,L48045,L,295.9,306.6,1414,50.2,51,0,0,0,0,0,0,10.700000000000045,7.433301433707786
867,L48046,L,295.9,306.6,1678,26.7,53,0,0,0,0,0,0,10.700000000000045,4.6917173007240685
868,H30281,H,295.9,306.5,1594,33.2,55,0,0,0,0,0,0,10.600000000000023,5.541853216736491
869,M15728,M,295.8,306.5,1514,37.7,60,0,0,0,0,0,0,10.699999999999989,5.977173238768917
870,L48049,L,295.8,306.5,1358,49.2,63,0,0,0,0,0,0,10.699999999999989,6.996703830662901
871,L48050,L,295.8,306.4,1325,56.2,65,0,0,0,0,0,0,10.599999999999966,7.797956564985465
872,L48051,L,295.8,306.4,1339,53.2,67,0,0,0,0,0,0,10.599999999999966,7.45969081199794
873,M15732,M,295.8,306.4,1335,51.7,69,0,0,0,0,0,0,10.599999999999966,7.227705138481358
874,L48053,L,295.9,306.4,1892,21.7,72,0,0,0,0,0,0,10.5,4.2994161540948
875,L48054,L,295.9,306.4,1575,28.5,74,0,0,0,0,0,0,10.5,4.700608007933728
876,M15735,M,295.8,306.3,1444,45.5,76,0,0,0,0,0,0,10.5,6.880297350871886
877,L48056,L,295.7,306.3,1915,22.4,79,0,0,0,0,0,0,10.600000000000023,4.492058615612926
878,M15737,M,295.6,306.2,1584,33.6,81,0,0,0,0,0,0,10.599999999999966,5.57343669488058
879,M15738,M,295.7,306.3,1685,34.9,84,0,0,0,0,0,0,10.600000000000023,6.1582022794442715
880,L48059,L,295.8,306.3,1337,54.6,87,0,0,0,0,0,0,10.5,7.644563067686187
881,M15740,M,295.8,306.3,1235,76.2,89,1,0,0,1,0,0,10.5,9.854861995045823
882,L48061,L,295.7,306.2,1464,46.2,92,0,0,0,0,0,0,10.5,7.082909133077404
883,M15742,M,295.7,306.2,1739,25.9,94,0,0,0,0,0,0,10.5,4.716588242564988
884,L48063,L,295.7,306.3,1490,34.3,97,0,0,0,0,0,0,10.600000000000023,5.3519125249004516
885,L48064,L,295.8,306.4,1356,48.0,99,0,0,0,0,0,0,10.599999999999966,6.815999421228415
886,L48065,L,295.7,306.2,1397,52.0,101,0,0,0,0,0,0,10.5,7.607261890912565
887,L48066,L,295.7,306.2,1458,40.6,103,0,0,0,0,0,0,10.5,6.198864960357237
888,H30301,H,295.7,306.2,2161,16.5,105,0,0,0,0,0,0,10.5,3.733939948424149
889,M15748,M,295.6,306.1,1651,28.1,110,0,0,0,0,0,0,10.5,4.858274071241888
890,L48069,L,295.6,306.1,1389,46.2,113,0,0,0,0,0,0,10.5,6.7200551815877825
891,L48070,L,295.6,306.0,1370,52.4,115,0,0,0,0,0,0,10.399999999999977,7.517621780530136
892,L48071,L,295.7,306.1,1408,47.9,117,0,0,0,0,0,0,10.400000000000034,7.062635388486236
893,L48072,L,295.7,306.1,1343,54.4,119,0,0,0,0,0,0,10.400000000000034,7.650741533238247
894,M15753,M,295.7,306.2,1423,42.5,121,0,0,0,0,0,0,10.5,6.333188990249224
895,L48074,L,295.6,306.2,1426,48.6,124,0,0,0,0,0,0,10.599999999999966,7.257456020910854
896,M15755,M,295.6,306.2,1435,51.6,126,0,0,0,0,0,0,10.599999999999966,7.7540789875903275
897,L48076,L,295.5,306.1,1573,35.1,129,0,0,0,0,0,0,10.600000000000023,5.781818535593191
898,L48077,L,295.6,306.2,1612,31.2,131,0,0,0,0,0,0,10.599999999999966,5.266817251890217
899,L48078,L,295.6,306.2,1446,49.9,133,0,0,0,0,0,0,10.599999999999966,7.556095818561098
900,H30313,H,295.6,306.2,1329,55.3,135,0,0,0,0,0,0,10.599999999999966,7.696242266837739
901,L48080,L,295.6,306.2,1569,35.1,140,0,0,0,0,0,0,10.599999999999966,5.767115881974391
902,H30315,H,295.6,306.1,1256,62.3,142,0,0,0,0,0,0,10.5,8.194195174407232
903,L48082,L,295.6,306.1,1383,48.7,147,0,0,0,0,0,0,10.5,7.053095418794836
904,L48083,L,295.7,306.2,2270,14.6,149,1,0,0,1,0,0,10.5,3.470622124175764
905,H30318,H,295.7,306.2,1458,49.8,151,0,0,0,0,0,0,10.5,7.603533867630304
906,L48085,L,295.6,306.1,1474,41.2,156,0,0,0,0,0,0,10.5,6.359505064710795
907,M15766,M,295.6,306.1,1462,49.2,158,0,0,0,0,0,0,10.5,7.532533873659177
908,M15767,M,295.6,306.1,1669,29.0,161,0,0,0,0,0,0,10.5,5.068540867546653
909,M15768,M,295.5,306.1,1822,24.3,164,0,0,0,0,0,0,10.600000000000023,4.636425270020889
910,L48089,L,295.5,306.0,1456,39.2,167,0,0,0,0,0,0,10.5,5.976900967405606
911,L48090,L,295.5,306.0,1546,35.9,169,0,0,0,0,0,0,10.5,5.812093016798285
912,M15771,M,295.6,306.1,1490,42.7,171,0,0,0,0,0,0,10.5,6.662584979978114
913,L48092,L,295.6,306.0,1569,40.4,174,0,0,0,0,0,0,10.399999999999977,6.637933949622946
914,L48093,L,295.5,306.0,1621,29.5,176,0,0,0,0,0,0,10.5,5.007646329944571
915,M15774,M,295.4,305.9,1518,40.6,178,0,0,0,0,0,0,10.5,6.453962283828727
916,M15775,M,295.4,305.8,1526,38.2,181,0,0,0,0,0,0,10.400000000000034,6.104449629141351
917,M15776,M,295.3,305.8,1589,36.2,184,0,0,0,0,0,0,10.5,6.023668810042045
918,L48097,L,295.3,305.7,1475,51.0,187,0,0,0,0,0,0,10.399999999999977,7.8775435788764065
919,M15778,M,295.3,305.7,1473,38.5,189,0,0,0,0,0,0,10.399999999999977,5.938709672713466
920,L48099,L,295.4,305.8,1407,50.7,192,0,0,0,0,0,0,10.400000000000034,7.470173259485417
921,M15780,M,295.5,305.9,1518,44.1,194,0,0,0,0,0,0,10.399999999999977,7.010338342779479
922,H30335,H,295.5,305.9,1593,37.2,197,0,0,0,0,0,0,10.399999999999977,6.20565080048899
923,M15782,M,295.5,305.9,1380,52.4,202,0,0,0,0,0,0,10.399999999999977,7.5724949322128365
924,M15783,M,295.5,306.0,1423,45.3,205,0,0,0,0,0,0,10.5,6.750434382547996
925,L48104,L,295.5,306.0,1800,27.6,208,0,0,0,0,0,0,10.5,5.202477434344697
926,H30339,H,295.6,306.1,1623,30.9,210,0,0,0,0,0,0,10.5,5.251769023079522
927,L48106,L,295.6,306.1,1372,55.6,215,1,0,0,0,1,0,10.5,7.98835802374403
928,H30341,H,295.6,306.0,1396,52.4,0,0,0,0,0,0,0,10.399999999999977,7.66029197490516
929,L48108,L,295.6,306.0,1949,21.9,5,0,0,0,0,0,0,10.399999999999977,4.46976377974795
930,L48109,L,295.6,306.0,1419,51.1,7,0,0,0,0,0,0,10.399999999999977,7.593323691506139
931,M15790,M,295.5,305.9,1453,47.3,9,0,0,0,0,0,0,10.399999999999977,7.197064138133345
932,L48111,L,295.5,305.9,1542,36.2,12,0,0,0,0,0,0,10.399999999999977,5.8454986186814555
933,L48112,L,295.6,306.0,1363,50.0,14,0,0,0,0,0,0,10.399999999999977,7.136651311404814
934,L48113,L,295.5,306.0,1597,37.2,16,0,0,0,0,0,0,10.5,6.221233100050796
935,M15794,M,295.5,306.0,1326,50.8,18,0,0,0,0,0,0,10.5,7.054006480664378
936,M15795,M,295.5,306.0,1641,36.6,21,0,0,0,0,0,0,10.5,6.289531324339839
937,M15796,M,295.6,306.1,1418,46.2,24,0,0,0,0,0,0,10.5,6.860358709497103
938,L48117,L,295.6,306.2,1263,61.8,27,0,0,0,0,0,0,10.599999999999966,8.173732934256853
939,L48118,L,295.6,306.2,1823,25.8,29,0,0,0,0,0,0,10.599999999999966,4.925326130445005
940,L48119,L,295.5,306.1,1488,40.7,31,0,0,0,0,0,0,10.600000000000023,6.341995921654788
941,L48120,L,295.6,306.2,1443,48.9,33,0,0,0,0,0,0,10.599999999999966,7.389308664582017
942,L48121,L,295.6,306.2,1650,28.2,35,0,0,0,0,0,0,10.599999999999966,4.872610205717769
943,M15802,M,295.7,306.3,1462,44.3,37,0,0,0,0,0,0,10.600000000000023,6.782342491932956
944,M15803,M,295.6,306.2,1477,45.0,40,0,0,0,0,0,0,10.599999999999966,6.960198524028187
945,M15804,M,295.7,306.3,1712,28.5,43,0,0,0,0,0,0,10.600000000000023,5.109486291798439
946,M15805,M,295.7,306.3,1347,50.4,46,0,0,0,0,0,0,10.600000000000023,7.109298511367558
947,L48126,L,295.6,306.2,1287,54.8,49,0,0,0,0,0,0,10.599999999999966,7.3856330011773155
948,L48127,L,295.6,306.2,1428,44.5,51,0,0,0,0,0,0,10.599999999999966,6.654521558833901
949,M15808,M,295.6,306.3,1426,45.5,53,0,0,0,0,0,0,10.699999999999989,6.794531871428885
950,L48129,L,295.6,306.3,1636,32.7,56,0,0,0,0,0,0,10.699999999999989,5.602213683587464
951,L48130,L,295.6,306.2,1424,42.5,58,0,0,0,0,0,0,10.599999999999966,6.3376395798418095
952,H30365,H,295.6,306.3,1509,35.8,60,0,0,0,0,0,0,10.699999999999989,5.6571915550252845
953,L48132,L,295.5,306.2,1448,48.9,65,0,0,0,0,0,0,10.699999999999989,7.414912644708774
954,L48133,L,295.5,306.1,1650,32.8,67,0,0,0,0,0,0,10.600000000000023,5.667433147075985
955,H30368,H,295.6,306.2,1414,42.5,69,0,0,0,0,0,0,10.599999999999966,6.293133683915954
956,L48135,L,295.6,306.3,1911,20.9,74,0,0,0,0,0,0,10.699999999999989,4.1824965475037
957,H30370,H,295.6,306.2,1632,32.2,76,0,0,0,0,0,0,10.599999999999966,5.503065019440169
958,M15817,M,295.7,306.4,1387,40.1,81,0,0,0,0,0,0,10.699999999999989,5.824376644073821
959,L48138,L,295.8,306.4,1399,47.6,84,0,0,0,0,0,0,10.599999999999966,6.973539820830431
960,L48139,L,295.8,306.5,1505,35.2,86,0,0,0,0,0,0,10.699999999999989,5.547633747219097
961,L48140,L,295.8,306.5,1534,37.9,88,0,0,0,0,0,0,10.699999999999989,6.0882599549998515
962,L48141,L,295.8,306.5,1493,40.5,90,0,0,0,0,0,0,10.699999999999989,6.332037072942907
963,M15822,M,295.8,306.6,1480,43.2,92,0,0,0,0,0,0,10.800000000000011,6.6953622633305665
964,L48143,L,295.8,306.6,1621,31.6,95,0,0,0,0,0,0,10.800000000000011,5.364122848347405
965,L48144,L,295.7,306.5,1737,26.2,97,0,0,0,0,0,0,10.800000000000011,4.765733223642645
966,L48145,L,295.8,306.6,1508,46.5,99,0,0,0,0,0,0,10.800000000000011,7.343158668500782
967,M15826,M,295.8,306.5,1641,32.2,101,0,0,0,0,0,0,10.699999999999989,5.533412804473846
968,M15827,M,295.9,306.6,1532,38.6,104,0,0,0,0,0,0,10.700000000000045,6.192623662952104
969,L48148,L,295.9,306.7,1547,40.9,107,0,0,0,0,0,0,10.800000000000011,6.625859761857648
970,L48149,L,295.9,306.6,1412,41.0,109,0,0,0,0,0,0,10.700000000000045,6.062436063387343
971,L48150,L,295.8,306.5,1568,35.1,111,0,0,0,0,0,0,10.699999999999989,5.7634402185696905
972,L48151,L,295.9,306.6,1557,41.1,113,0,0,0,0,0,0,10.700000000000045,6.701299873445852
973,L48152,L,295.8,306.6,1644,35.2,115,0,0,0,0,0,0,10.800000000000011,6.060006565068568
974,L48153,L,295.9,306.6,1679,30.4,117,0,0,0,0,0,0,10.700000000000045,5.345063852915626
975,L48154,L,296.0,306.6,1511,35.2,119,0,0,0,0,0,0,10.600000000000023,5.56975055950037
976,M15835,M,296.0,306.6,1628,36.8,121,0,0,0,0,0,0,10.600000000000023,6.273802417120865
977,M15836,M,296.0,306.6,1392,51.3,124,0,0,0,0,0,0,10.600000000000023,7.477995825192856
978,L48157,L,296.0,306.7,1917,21.0,127,0,0,0,0,0,0,10.699999999999989,4.2157031818521435
979,M15838,M,296.2,306.8,1526,42.3,129,0,0,0,0,0,0,10.600000000000023,6.759639249023015
980,L48159,L,296.2,306.8,1389,53.3,132,0,0,0,0,0,0,10.600000000000023,7.752790934602356
981,L48160,L,296.1,306.7,1409,42.8,134,0,0,0,0,0,0,10.599999999999966,6.3151457764421055
982,L48161,L,296.2,306.8,1655,31.1,136,0,0,0,0,0,0,10.600000000000023,5.389978155886448
983,L48162,L,296.2,306.9,1516,39.1,138,0,0,0,0,0,0,10.699999999999989,6.207326316570905
984,L48163,L,296.2,306.9,1526,34.9,140,0,0,0,0,0,0,10.699999999999989,5.577101886309768
985,L48164,L,296.3,307.1,1419,48.6,142,0,0,0,0,0,0,10.800000000000011,7.221830360219146
986,L48165,L,296.4,307.2,1748,25.3,144,0,0,0,0,0,0,10.800000000000011,4.631168338313882
987,H30400,H,296.4,307.1,1638,32.5,146,0,0,0,0,0,0,10.700000000000045,5.5747561637950875
988,M15847,M,296.3,307.1,1534,33.8,151,0,0,0,0,0,0,10.800000000000011,5.429635527150263
989,H30402,H,296.3,307.1,1774,25.9,154,0,0,0,0,0,0,10.800000000000011,4.811516700580959
990,M15849,M,296.2,307.0,2119,18.3,159,0,0,0,0,0,0,10.800000000000011,4.060791248103631
991,L48170,L,296.2,307.0,1414,48.3,162,0,0,0,0,0,0,10.800000000000011,7.151961339603307
992,M15851,M,296.1,307.0,1523,42.0,164,0,0,0,0,0,0,10.899999999999977,6.698503855984158
993,L48172,L,296.1,307.1,1651,35.7,167,0,0,0,0,0,0,11.0,6.172255670581332
994,M15853,M,296.1,307.1,1485,36.0,169,0,0,0,0,0,0,11.0,5.598318108697011
995,M15854,M,296.2,307.2,1168,63.4,172,0,0,0,0,0,0,11.0,7.75462353031695
996,L48175,L,296.3,307.3,1566,35.8,175,0,0,0,0,0,0,11.0,5.870882687322462
997,M15856,M,296.3,307.2,1286,51.1,177,0,0,0,0,0,0,10.899999999999977,6.8816168197863945
998,M15857,M,296.3,307.2,1446,45.9,180,0,0,0,0,0,0,10.899999999999977,6.950396754948987
999,M15858,M,296.4,307.2,2071,19.4,183,0,0,0,0,0,0,10.800000000000011,4.207367489344619
1000,L48179,L,296.3,307.1,1560,33.2,186,0,0,0,0,0,0,10.800000000000011,5.4236455571574185
1001,L48180,L,296.3,307.1,1654,29.6,188,0,0,0,0,0,0,10.800000000000011,5.126911659050351
1002,L48181,L,296.3,307.1,1662,32.9,190,0,0,0,0,0,0,10.800000000000011,5.726055265991973
1003,L48182,L,296.3,307.2,1646,35.0,192,0,0,0,0,0,0,10.899999999999977,6.0329050924436
1004,L48183,L,296.2,307.1,1444,46.7,194,0,0,0,0,0,0,10.900000000000034,7.061755742543233
1005,H30418,H,296.3,307.2,1424,42.0,196,0,0,0,0,0,0,10.899999999999977,6.263079114196612
1006,L48185,L,296.2,307.2,1382,52.0,201,0,0,0,0,0,0,11.0,7.52558048191923
1007,L48186,L,296.2,307.1,1413,53.4,203,0,0,0,0,0,0,10.900000000000034,7.901545346749831
1008,M15867,M,296.2,307.2,1633,31.1,0,0,0,0,0,0,0,11.0,5.318328899433578
1009,L48188,L,296.2,307.1,1441,41.7,3,0,0,0,0,0,0,10.900000000000034,6.292578669213821
1010,M15869,M,296.2,307.2,1385,44.0,5,0,0,0,0,0,0,11.0,6.381621876992066
1011,M15870,M,296.2,307.2,1552,34.8,8,0,0,0,0,0,0,11.0,5.655872086110776
1012,M15871,M,296.2,307.3,1451,42.8,11,0,0,0,0,0,0,11.100000000000023,6.503390008245207
1013,M15872,M,296.1,307.1,1433,38.5,14,0,0,0,0,0,0,11.0,5.77744124982919
1014,M15873,M,296.1,307.2,1619,29.7,17,0,0,0,0,0,0,11.099999999999966,5.035376121100256
1015,L48194,L,296.2,307.2,1445,41.8,20,0,0,0,0,0,0,11.0,6.32517792898257
1016,L48195,L,296.2,307.2,1356,43.6,22,0,0,0,0,0,0,11.0,6.191199474282477
1017,M15876,M,296.3,307.2,1319,68.3,24,1,0,0,1,0,0,10.899999999999977,9.433961883293373
1018,L48197,L,296.3,307.2,1637,31.6,27,0,0,0,0,0,0,10.899999999999977,5.417069156535905
1019,L48198,L,296.3,307.2,1291,58.6,29,0,0,0,0,0,0,10.899999999999977,7.922321746165573
1020,L48199,L,296.3,307.3,1398,52.7,31,0,0,0,0,0,0,11.0,7.715186070538886
1021,L48200,L,296.3,307.3,1372,57.7,33,0,0,0,0,0,0,11.0,8.290076582194795
1022,M15881,M,296.3,307.2,1454,42.5,35,0,0,0,0,0,0,10.899999999999977,6.471157267619375
1023,L48202,L,296.2,307.2,1515,36.5,38,0,0,0,0,0,0,11.0,5.790740658729385
1024,L48203,L,296.2,307.3,1881,24.3,40,0,0,0,0,0,0,11.100000000000023,4.786561982935946
1025,L48204,L,296.2,307.3,1711,29.9,42,0,0,0,0,0,0,11.100000000000023,5.357347480191161
1026,L48205,L,296.2,307.3,1475,37.0,44,0,0,0,0,0,0,11.100000000000023,5.715080635655432
1027,L48206,L,296.4,307.4,1512,36.8,46,0,0,0,0,0,0,11.0,5.82677472646606
1028,M15887,M,296.3,307.4,1335,50.5,48,0,0,0,0,0,0,11.099999999999966,7.059944090779664
1029,L48208,L,296.3,307.4,1472,39.9,51,0,0,0,0,0,0,11.099999999999966,6.150484433491952
1030,M15889,M,296.2,307.3,1477,35.2,53,0,0,0,0,0,0,11.100000000000023,5.44442195657316
1031,L48210,L,296.3,307.4,1760,28.4,56,0,0,0,0,0,0,11.099999999999966,5.234312239901073
1032,L48211,L,296.4,307.5,1549,36.1,58,0,0,0,0,0,0,11.100000000000023,5.855813514560742
1033,L48212,L,296.3,307.4,1648,34.0,60,0,0,0,0,0,0,11.099999999999966,5.867657318864776
1034,H30447,H,296.4,307.5,1556,38.0,62,0,0,0,0,0,0,11.100000000000023,6.191869680715243
1035,M15894,M,296.3,307.4,1958,19.1,67,0,0,0,0,0,0,11.099999999999966,3.9162884580140123
1036,L48215,L,296.4,307.4,1403,48.4,70,0,0,0,0,0,0,11.0,7.111015915351522
1037,M15896,M,296.4,307.5,1684,31.4,72,0,0,0,0,0,0,11.100000000000023,5.537329323315321
1038,H30451,H,296.4,307.5,1596,35.1,75,0,0,0,0,0,0,11.100000000000023,5.866358793901292
1039,L48218,L,296.6,307.6,1498,41.1,80,0,0,0,0,0,0,11.0,6.44736493925619
1040,L48219,L,296.7,307.7,1524,36.8,82,0,0,0,0,0,0,11.0,5.873018970326902
1041,L48220,L,296.7,307.7,1502,43.9,84,0,0,0,0,0,0,11.0,6.904990269129102
1042,L48221,L,296.6,307.6,1809,25.1,86,0,0,0,0,0,0,11.0,4.754894728987759
1043,L48222,L,296.6,307.6,1542,37.4,88,0,0,0,0,0,0,11.0,6.039272053554874
1044,L48223,L,296.5,307.6,1431,45.2,90,0,0,0,0,0,0,11.100000000000023,6.773399424845738
1045,L48224,L,296.5,307.6,1512,43.6,92,0,0,0,0,0,0,11.100000000000023,6.903461360704355
1046,H30459,H,296.4,307.5,1403,52.8,94,0,0,0,0,0,0,11.100000000000023,7.757471907656204
1047,L48226,L,296.4,307.5,1331,47.8,99,0,0,0,0,0,0,11.100000000000023,6.66245931627197
1048,M15907,M,296.6,307.7,1474,52.6,101,0,0,0,0,0,0,11.099999999999966,8.11917394183951
1049,L48228,L,296.5,307.6,1607,33.5,104,0,0,0,0,0,0,11.100000000000023,5.637535656989324
1050,L48229,L,296.5,307.6,1415,44.2,106,0,0,0,0,0,0,11.100000000000023,6.549487644448882
1051,L48230,L,296.6,307.6,1671,28.8,108,0,0,0,0,0,0,11.0,5.039617271182603
1052,L48231,L,296.6,307.7,1556,37.7,110,0,0,0,0,0,0,11.099999999999966,6.142986499025386
1053,L48232,L,296.7,307.7,1927,23.9,112,0,0,0,0,0,0,11.0,4.822899737962466
1054,M15913,M,296.7,307.7,1597,32.1,114,0,0,0,0,0,0,11.0,5.368322110527703
1055,H30468,H,296.8,307.8,1627,30.5,117,0,0,0,0,0,0,11.0,5.196560768180436
1056,L48235,L,296.8,307.8,1480,39.4,122,0,0,0,0,0,0,11.0,6.1064183605376
1057,L48236,L,296.8,307.8,1565,39.5,124,0,0,0,0,0,0,11.0,6.473513462109568
1058,L48237,L,296.8,307.8,1573,36.4,126,0,0,0,0,0,0,11.0,5.995959962837383
1059,L48238,L,296.7,307.8,1605,31.3,128,0,0,0,0,0,0,11.100000000000023,5.260753978068789
1060,M15919,M,296.7,307.9,1874,21.3,130,0,0,0,0,0,0,11.199999999999989,4.180014689307364
1061,H30474,H,296.7,307.9,1424,53.8,133,0,0,0,0,0,0,11.199999999999989,8.022706103423278
1062,L48241,L,296.7,307.9,1420,50.1,138,0,0,0,0,0,0,11.199999999999989,7.449972818722835
1063,L48242,L,296.8,307.9,1372,49.0,140,0,0,0,0,0,0,11.099999999999966,7.040099697184487
1064,M15923,M,296.8,307.8,1664,32.8,142,0,0,0,0,0,0,11.0,5.7155204586269335
1065,M15924,M,296.8,307.9,1409,44.3,145,0,0,0,0,0,0,11.099999999999966,6.536470978887506
1066,L48245,L,296.8,307.9,1718,25.2,148,0,0,0,0,0,0,11.099999999999966,4.533695190248501
1067,M15926,M,296.9,307.8,1544,40.3,150,0,0,0,0,0,0,10.900000000000034,6.515998266761613
1068,L48247,L,296.9,307.8,1466,45.7,153,0,0,0,0,0,0,10.900000000000034,7.015825657947749
1069,L48248,L,296.8,307.8,1394,47.7,155,0,0,0,0,0,0,11.0,6.963214452975634
1070,M15929,M,296.9,307.8,1840,24.6,157,0,0,0,0,0,0,10.900000000000034,4.740034995736281
1071,M15930,M,296.9,307.8,1477,37.2,160,0,0,0,0,0,0,10.900000000000034,5.753764113196635
1072,L48251,L,296.9,307.8,1425,49.1,163,0,0,0,0,0,0,10.900000000000034,7.326979466334795
1073,M15932,M,297.0,307.9,1414,46.2,165,0,0,0,0,0,0,10.899999999999977,6.841006498750989
1074,L48253,L,297.0,307.8,1414,47.5,168,0,0,0,0,0,0,10.800000000000011,7.033502352611949
1075,L48254,L,297.0,307.9,1595,31.7,170,0,0,0,0,0,0,10.899999999999977,5.294787898482678
1076,H30489,H,296.9,307.8,1345,54.5,172,0,0,0,0,0,0,10.900000000000034,7.6762198496588585
1077,L48256,L,296.9,307.7,1653,35.9,177,0,0,0,0,0,0,10.800000000000011,6.2143530121394335
1078,L48257,L,296.8,307.6,1547,36.5,179,0,0,0,0,0,0,10.800000000000011,5.913053332709149
1079,H30492,H,296.9,307.7,1656,30.8,181,0,0,0,0,0,0,10.800000000000011,5.341210165927224
1080,L48259,L,297.0,307.7,1731,28.5,186,0,0,0,0,0,0,10.699999999999989,5.166192039195735
1081,L48260,L,297.0,307.8,1774,28.0,188,0,0,0,0,0,0,10.800000000000011,5.20163967630374
1082,L48261,L,297.0,307.8,1521,40.2,190,0,0,0,0,0,0,10.800000000000011,6.4030056509875015
1083,H30496,H,297.1,307.9,1420,39.8,192,0,0,0,0,0,0,10.799999999999955,5.918341680342691
1084,L48263,L,297.0,307.8,1683,32.3,197,0,0,0,0,0,0,10.800000000000011,5.692660136084312
1085,M15944,M,297.0,307.7,1498,47.1,199,0,0,0,0,0,0,10.699999999999989,7.38858609827169
1086,L48265,L,297.0,307.8,1385,56.4,202,1,0,0,0,1,0,10.800000000000011,8.180078951417103
1087,L48266,L,297.0,307.9,1455,49.0,204,0,0,0,0,0,0,10.899999999999977,7.465994941256143
1088,H30501,H,296.9,307.8,1549,35.8,206,1,1,0,0,0,0,10.900000000000034,5.807150244356637
1089,M15948,M,296.9,307.8,1392,43.9,0,0,0,0,0,0,0,10.900000000000034,6.399298571656265
1090,M15949,M,296.9,307.7,2008,17.5,3,0,0,0,0,0,0,10.800000000000011,3.679852194904844
1091,L48270,L,296.9,307.7,1464,41.4,6,0,0,0,0,0,0,10.800000000000011,6.347022469900531
1092,L48271,L,297.0,307.7,1447,46.4,8,0,0,0,0,0,0,10.699999999999989,7.030968134538052
1093,M15952,M,296.9,307.6,1685,32.0,10,0,0,0,0,0,0,10.700000000000045,5.646489196052055
1094,M15953,M,296.8,307.5,1443,39.2,13,0,0,0,0,0,0,10.699999999999989,5.9235357801966275
1095,L48274,L,296.9,307.5,1354,44.4,16,0,0,0,0,0,0,10.600000000000023,6.295500350381658
1096,L48275,L,296.9,307.5,2721,9.3,18,1,0,0,1,0,0,10.600000000000023,2.6499648192295266
1097,L48276,L,297.0,307.6,1680,35.8,20,0,0,0,0,0,0,10.600000000000023,6.298264951916817
1098,H30511,H,296.9,307.5,1397,48.3,22,0,0,0,0,0,0,10.600000000000023,7.065975948674555
1099,M15958,M,296.9,307.4,1521,37.9,27,0,0,0,0,0,0,10.5,6.036664531652394
1100,M15959,M,296.8,307.4,1472,43.9,30,0,0,0,0,0,0,10.599999999999966,6.76707435163651
1101,H30514,H,296.8,307.5,1695,30.0,33,0,0,0,0,0,0,10.699999999999989,5.324999547834699
1102,H30515,H,296.7,307.5,1607,33.6,38,0,0,0,0,0,0,10.800000000000011,5.6543641216370535
1103,L48282,L,296.8,307.5,1347,54.8,43,0,0,0,0,0,0,10.699999999999989,7.729951556010756
1104,M15963,M,296.7,307.4,1540,38.7,45,0,0,0,0,0,0,10.699999999999989,6.241087965621483
1105,L48284,L,296.6,307.4,1389,42.7,48,0,0,0,0,0,0,10.799999999999955,6.210960092073557
1106,M15965,M,296.6,307.5,1734,27.0,50,0,0,0,0,0,0,10.899999999999977,4.902769495192231
1107,L48286,L,296.7,307.6,1540,38.6,53,0,0,0,0,0,0,10.900000000000034,6.224961123333055
1108,M15967,M,296.7,307.5,1515,42.1,55,0,0,0,0,0,0,10.800000000000011,6.67918306116458
1109,L48288,L,296.6,307.4,1504,45.8,58,0,0,0,0,0,0,10.799999999999955,7.213431835858547
1110,L48289,L,296.6,307.5,1557,35.1,60,0,0,0,0,0,0,10.899999999999977,5.72300792111799
1111,L48290,L,296.5,307.4,1292,52.5,62,0,0,0,0,0,0,10.899999999999977,7.103140989766523
1112,H30525,H,296.5,307.4,1432,49.2,64,0,0,0,0,0,0,10.899999999999977,7.377967515102559
1113,M15972,M,296.5,307.4,1350,55.6,69,0,0,0,0,0,0,10.899999999999977,7.860264819281661
1114,M15973,M,296.6,307.4,1790,25.8,72,0,0,0,0,0,0,10.799999999999955,4.836167730936127
1115,H30528,H,296.4,307.3,1540,37.4,75,0,0,0,0,0,0,10.900000000000034,6.031439015871923
1116,M15975,M,296.4,307.3,2077,19.1,80,0,0,0,0,0,0,10.900000000000034,4.154305989425487
1117,L48296,L,296.4,307.3,1487,37.5,83,0,0,0,0,0,0,10.900000000000034,5.839435344860028
1118,L48297,L,296.5,307.4,1523,40.7,85,0,0,0,0,0,0,10.899999999999977,6.491169212822744
1119,L48298,L,296.5,307.5,1443,41.8,87,0,0,0,0,0,0,11.0,6.316423357454566
1120,L48299,L,296.5,307.5,1340,59.1,89,0,0,0,0,0,0,11.0,8.293176286946336
1121,H30534,H,296.6,307.7,1654,31.0,91,0,0,0,0,0,0,11.099999999999966,5.369400724005435
1122,L48301,L,296.6,307.6,1459,40.2,96,0,0,0,0,0,0,11.0,6.142002133327261
1123,L48302,L,296.5,307.6,1541,38.5,98,0,0,0,0,0,0,11.100000000000023,6.212865991616735
1124,H30537,H,296.6,307.7,1386,62.3,100,1,0,0,1,0,0,11.099999999999966,9.042320471121357
1125,M15984,M,296.7,307.8,1258,69.0,105,1,0,0,1,0,0,11.100000000000023,9.089884183896707
1126,M15985,M,296.7,307.8,1375,51.4,108,0,0,0,0,0,0,11.100000000000023,7.401068693081954
1127,L48306,L,296.8,307.9,1706,30.8,111,0,0,0,0,0,0,11.099999999999966,5.502478588811499
1128,M15987,M,296.7,307.8,1672,32.4,113,0,0,0,0,0,0,11.100000000000023,5.672962350146305
1129,M15988,M,296.8,307.9,1843,25.2,116,0,0,0,0,0,0,11.099999999999966,4.86356241887543
1130,L48309,L,296.7,307.9,1690,29.6,119,0,0,0,0,0,0,11.199999999999989,5.238501030105861
1131,L48310,L,296.8,307.9,1413,46.5,121,0,0,0,0,0,0,11.099999999999966,6.880559150259685
1132,L48311,L,296.8,307.9,1489,33.4,123,0,0,0,0,0,0,11.099999999999966,5.207985693463992
1133,L48312,L,296.8,307.9,1271,61.4,125,0,0,0,0,0,0,11.099999999999966,8.172266857685175
1134,M15993,M,296.8,307.9,1418,47.9,127,0,0,0,0,0,0,11.099999999999966,7.1127961511885545
1135,M15994,M,296.9,307.8,1426,50.7,130,0,0,0,0,0,0,10.900000000000034,7.571049799592187
1136,L48315,L,296.9,307.9,1535,39.2,133,0,0,0,0,0,0,11.0,6.301197105060169
1137,L48316,L,296.9,307.8,1557,38.1,135,0,0,0,0,0,0,10.900000000000034,6.2121538972819215
1138,L48317,L,296.9,307.8,1653,29.7,137,0,0,0,0,0,0,10.900000000000034,5.141122129820089
1139,L48318,L,296.9,307.9,1435,41.6,139,0,0,0,0,0,0,11.0,6.251350501623209
1140,M15999,M,297.0,307.9,1569,33.3,141,0,0,0,0,0,0,10.899999999999977,5.471366349565447
1141,M16000,M,296.9,307.9,1385,44.8,144,0,0,0,0,0,0,11.0,6.49765136566465
1142,L48321,L,297.0,307.9,1635,31.6,147,0,0,0,0,0,0,10.899999999999977,5.410450868012342
1143,L48322,L,296.9,307.9,1423,43.9,149,0,0,0,0,0,0,11.0,6.54181168639861
1144,L48323,L,297.0,307.9,1479,39.2,151,0,0,0,0,0,0,10.899999999999977,6.0713162986214915
1145,L48324,L,297.0,307.9,1296,69.1,153,1,0,0,1,0,0,10.899999999999977,9.378031062083963
1146,L48325,L,297.0,307.8,1553,33.3,155,0,0,0,0,0,0,10.800000000000011,5.415571664037693
1147,L48326,L,297.0,307.9,1529,42.2,157,0,0,0,0,0,0,10.899999999999977,6.7569165353899034
1148,M16007,M,297.1,308.0,1690,25.6,159,0,0,0,0,0,0,10.899999999999977,4.530595485496961
1149,L48328,L,297.1,308.0,1348,58.0,162,0,0,0,0,0,0,10.899999999999977,8.187409334275479
1150,L48329,L,297.2,308.1,1446,38.5,164,0,0,0,0,0,0,10.900000000000034,5.829853487266579
1151,L48330,L,297.1,307.9,1456,50.0,166,0,0,0,0,0,0,10.799999999999955,7.623598172711232
1152,L48331,L,297.0,307.9,1350,47.7,168,0,0,0,0,0,0,10.899999999999977,6.743428630930491
1153,L48332,L,297.1,307.9,1507,38.3,170,0,0,0,0,0,0,10.799999999999955,6.044225297972035
1154,H30567,H,297.0,307.9,1448,45.6,172,0,0,0,0,0,0,10.899999999999977,6.914519766844992
1155,L48334,L,296.9,307.9,1626,29.9,177,0,0,0,0,0,0,11.0,5.091202222554547
1156,H30569,H,297.0,307.9,1846,27.3,179,0,0,0,0,0,0,10.899999999999977,5.27743583505935
1157,H30570,H,297.0,307.8,1404,40.7,184,0,0,0,0,0,0,10.800000000000011,5.9839800228516955
1158,L48337,L,297.0,307.8,1583,37.2,189,0,0,0,0,0,0,10.800000000000011,6.166695051584477
1159,L48338,L,297.0,307.9,1436,47.7,191,0,0,0,0,0,0,10.899999999999977,7.1730100103823595
1160,L48339,L,297.0,307.8,1609,35.6,193,0,0,0,0,0,0,10.800000000000011,5.99838946115616
1161,H30574,H,297.0,307.7,1834,23.8,195,0,0,0,0,0,0,10.699999999999989,4.570933535169053
1162,L48341,L,297.0,307.8,1316,61.2,200,1,0,0,0,1,0,10.800000000000011,8.434045301533303
1163,L48342,L,296.9,307.8,1400,57.1,202,1,0,0,0,1,0,10.900000000000034,8.371297224265602
1164,L48343,L,296.9,307.9,1367,47.1,204,0,0,0,0,0,0,11.0,6.742454737207877
1165,L48344,L,297.1,308.1,1754,30.3,206,0,0,0,0,0,0,11.0,5.565457049540463
1166,L48345,L,297.1,308.1,1487,34.6,208,0,0,0,0,0,0,11.0,5.387852344857519
1167,M16026,M,297.1,308.1,1506,37.7,210,0,0,0,0,0,0,11.0,5.945589760624828
1168,L48347,L,297.0,308.1,1362,52.5,213,1,0,0,0,1,0,11.100000000000023,7.4879860898312725
1169,L48348,L,297.1,308.1,1584,36.8,215,0,0,0,0,0,0,11.0,6.104240189631111
1170,L48349,L,297.0,308.1,1355,43.7,217,0,0,0,0,0,0,11.100000000000023,6.200823219777974
1171,M16030,M,297.1,308.1,1823,24.3,219,0,0,0,0,0,0,11.0,4.638969960070297
1172,H30585,H,297.0,308.1,1517,41.4,222,0,0,0,0,0,0,11.100000000000023,6.576798556584088
1173,L48352,L,297.1,308.1,1446,36.6,227,0,0,0,0,0,0,11.0,5.542146432050826
1174,H30587,H,297.1,308.0,1559,38.8,229,0,0,0,0,0,0,10.899999999999977,6.334414211384123
1175,M16034,M,297.1,308.1,1352,44.4,0,0,0,0,0,0,0,11.0,6.286201236127032
1176,M16035,M,297.2,308.3,1578,37.8,3,0,0,0,0,0,0,11.100000000000023,6.2463658412795136
1177,M16036,M,297.2,308.3,1429,42.0,6,0,0,0,0,0,0,11.100000000000023,6.2850702627717405
1178,M16037,M,297.2,308.3,1604,39.4,9,0,0,0,0,0,0,11.100000000000023,6.61803719615021
1179,L48358,L,297.3,308.5,1398,60.4,12,0,0,0,0,0,0,11.199999999999989,8.842452346499975
1180,L48359,L,297.3,308.4,1441,43.4,14,0,0,0,0,0,0,11.099999999999966,6.549110653330451
1181,H30594,H,297.3,308.4,1531,35.6,16,0,0,0,0,0,0,11.099999999999966,5.707603645139889
1182,L48361,L,297.2,308.3,1379,52.1,21,0,0,0,0,0,0,11.100000000000023,7.523685054351564
1183,L48362,L,297.3,308.3,1410,48.1,23,0,0,0,0,0,0,11.0,7.102198511970446
1184,L48363,L,297.3,308.4,1513,40.5,25,0,0,0,0,0,0,11.099999999999966,6.416860074589831
1185,L48364,L,297.3,308.5,1497,47.5,27,0,0,0,0,0,0,11.199999999999989,7.446359987171208
1186,L48365,L,297.3,308.4,1491,46.5,29,0,0,0,0,0,0,11.099999999999966,7.260377702078691
1187,L48366,L,297.3,308.4,1417,47.8,31,0,0,0,0,0,0,11.099999999999966,7.092941285617867
1188,M16047,M,297.4,308.6,1522,38.0,33,0,0,0,0,0,0,11.200000000000045,6.056571757100642
1189,L48368,L,297.3,308.4,1339,52.1,36,0,0,0,0,0,0,11.099999999999966,7.305449084682193
1190,M16049,M,297.2,308.3,1794,27.5,38,0,0,0,0,0,0,11.100000000000023,5.166349118828415
1191,L48370,L,297.2,308.4,1460,42.1,41,0,0,0,0,0,0,11.199999999999989,6.436704468185008
1192,M16051,M,297.2,308.3,1776,28.0,43,0,0,0,0,0,0,11.100000000000023,5.20750398259044
1193,M16052,M,297.2,308.3,1431,43.7,46,0,0,0,0,0,0,11.100000000000023,6.548618470481389
1194,L48373,L,297.1,308.2,1347,50.8,49,0,0,0,0,0,0,11.099999999999966,7.165721515426031
1195,M16054,M,297.0,308.1,1507,43.1,51,0,0,0,0,0,0,11.100000000000023,6.801726118605607
1196,M16055,M,297.0,308.0,1408,47.9,54,0,0,0,0,0,0,11.0,7.062635388486236
1197,M16056,M,297.0,307.9,1493,34.7,57,0,0,0,0,0,0,10.899999999999977,5.425226825459727
1198,M16057,M,296.9,307.9,1441,47.6,60,0,0,0,0,0,0,11.0,7.182895555265654
1199,H30612,H,296.9,307.9,1557,36.5,63,0,0,0,0,0,0,11.0,5.951276043327825
1200,M16059,M,296.9,307.9,1979,20.4,68,0,0,0,0,0,0,11.0,4.227704065788855
1201,M16060,M,296.9,308.0,1430,55.9,71,0,0,0,0,0,0,11.100000000000023,8.370983065000242
1202,L48381,L,296.9,308.0,1658,41.0,74,0,0,0,0,0,0,11.100000000000023,7.118639513524232
1203,M16062,M,297.0,308.1,1355,51.4,76,0,0,0,0,0,0,11.100000000000023,7.293416784818944
1204,H30617,H,297.0,308.1,1410,47.6,79,0,0,0,0,0,0,11.100000000000023,7.028371084611085
1205,L48384,L,296.9,308.0,1521,34.5,84,0,0,0,0,0,0,11.100000000000023,5.495116790026587
1206,L48385,L,296.8,308.0,1371,54.5,86,0,0,0,0,0,0,11.199999999999989,7.824607742663417
1207,H30620,H,296.9,308.0,1318,53.5,88,0,0,0,0,0,0,11.100000000000023,7.38410409275257
1208,M16067,M,297.0,308.1,1573,34.9,93,0,0,0,0,0,0,11.100000000000023,5.748873700632545
1209,L48388,L,297.0,308.1,1489,44.1,96,0,0,0,0,0,0,11.100000000000023,6.876412247956947
1210,H30623,H,297.0,308.1,2540,13.3,98,0,0,0,0,0,0,11.100000000000023,3.5376427674523465
1211,L48390,L,297.0,308.1,1537,39.0,103,0,0,0,0,0,0,11.100000000000023,6.277216281137766
1212,H30625,H,296.9,308.0,1416,46.9,105,0,0,0,0,0,0,11.100000000000023,6.954480825398653
1213,L48392,L,296.9,307.9,1359,56.5,110,0,0,0,0,0,0,11.0,8.040749317230397
1214,M16073,M,296.8,307.8,1551,38.9,112,0,0,0,0,0,0,11.0,6.31815123341404
1215,M16074,M,296.8,307.8,1694,33.0,115,0,0,0,0,0,0,11.0,5.85404375069922
1216,L48395,L,296.8,307.9,1709,28.4,118,0,0,0,0,0,0,11.099999999999966,5.082636146585759
1217,L48396,L,296.9,308.0,1514,41.0,120,0,0,0,0,0,0,11.100000000000023,6.50037407929776
1218,L48397,L,297.0,308.1,1455,43.5,122,0,0,0,0,0,0,11.100000000000023,6.6279751009110655
1219,M16078,M,297.0,308.2,1702,30.7,124,0,0,0,0,0,0,11.199999999999989,5.47175381265939
1220,M16079,M,296.9,308.1,1357,41.8,127,0,0,0,0,0,0,11.200000000000045,5.939976781750413
1221,L48400,L,297.0,308.2,1577,29.4,130,0,0,0,0,0,0,11.199999999999989,4.855205782416881
1222,M16081,M,297.0,308.3,1399,46.4,132,0,0,0,0,0,1,11.300000000000011,6.797736295935547
1223,L48402,L,297.0,308.3,1399,59.0,135,0,0,0,0,0,0,11.300000000000011,8.643673307331838
1224,L48403,L,297.0,308.3,1492,48.1,137,0,0,0,0,0,0,11.300000000000011,7.515234170113408
1225,L48404,L,297.1,308.3,1763,25.7,139,0,0,0,0,0,0,11.199999999999989,4.744757856692177
1226,H30639,H,297.1,308.3,1492,41.5,141,0,0,0,0,0,0,11.199999999999989,6.484037797499094
1227,L48406,L,297.1,308.4,1488,42.5,146,0,0,0,0,0,0,11.299999999999955,6.622477313767285
1228,L48407,L,297.1,308.4,1422,42.1,148,0,0,0,0,0,0,11.299999999999955,6.269173803944575
1229,M16088,M,297.1,308.4,1583,38.2,150,0,0,0,0,0,0,11.299999999999955,6.332466423938898
1230,L48409,L,297.1,308.4,1304,53.5,153,0,0,0,0,0,0,11.299999999999955,7.305668996167945
1231,M16090,M,297.1,308.4,1880,23.5,155,0,0,0,0,0,0,11.299999999999955,4.62651878118657
1232,M16091,M,297.2,308.5,1604,40.7,158,0,0,0,0,0,0,11.300000000000011,6.836398829525726
1233,L48412,L,297.2,308.6,1500,37.1,161,0,0,0,0,0,0,11.400000000000034,5.827654372409067
1234,M16093,M,297.2,308.5,1364,55.6,163,0,0,0,0,0,0,11.300000000000011,7.9417786766668055
1235,H30648,H,297.2,308.5,2440,14.0,166,0,0,0,0,0,0,11.300000000000011,3.5772268348875778
1236,H30649,H,297.1,308.4,1654,31.4,171,0,0,0,0,0,0,11.299999999999955,5.438683313992601
1237,H30650,H,297.1,308.4,1359,46.6,176,0,0,0,0,0,0,11.299999999999955,6.631839259874981
1238,M16097,M,297.1,308.4,1502,37.3,181,0,0,0,0,0,0,11.299999999999955,5.866882392676891
1239,M16098,M,297.1,308.4,1615,32.6,184,0,0,0,0,0,0,11.299999999999955,5.513390387294969
1240,H30653,H,297.2,308.5,1482,39.3,187,0,0,0,0,0,0,11.300000000000011,6.099150809532295
1241,L48420,L,297.2,308.6,1636,31.3,192,0,0,0,0,0,0,11.400000000000034,5.3623635564613945
1242,M16101,M,297.1,308.5,1621,32.4,194,0,0,0,0,0,0,11.399999999999977,5.499923426786578
1243,L48422,L,297.1,308.4,1468,44.4,197,0,0,0,0,0,0,11.299999999999955,6.825549862895327
1244,M16103,M,297.1,308.4,1432,53.4,199,0,0,0,0,0,0,11.299999999999955,8.007794010294239
1245,L48424,L,297.1,308.4,1726,28.4,202,0,0,0,0,0,0,11.299999999999955,5.133194844357529
1246,M16105,M,297.1,308.4,1588,33.4,204,0,0,0,0,0,0,11.299999999999955,5.554252035742659
1247,H30660,H,297.2,308.5,1653,33.3,207,0,0,0,0,0,0,11.300000000000011,5.76428844858616
1248,L48427,L,297.2,308.5,1513,42.9,212,0,0,0,0,0,0,11.300000000000011,6.797118449380341
1249,L48428,L,297.2,308.6,1489,40.2,214,0,0,0,0,0,0,11.400000000000034,6.268294158001571
1250,L48429,L,297.3,308.7,1467,36.8,216,0,0,0,0,0,0,11.399999999999977,5.6533588119879035
1251,L48430,L,297.3,308.7,1549,36.1,218,0,0,0,0,0,0,11.399999999999977,5.855813514560742
1252,M16111,M,297.4,308.8,1359,48.7,220,0,0,0,0,0,0,11.400000000000034,6.930698969010979
1253,L48432,L,297.5,308.8,1533,41.5,223,0,0,0,0,0,0,11.300000000000011,6.662218460835195
1254,L48433,L,297.5,308.8,1309,57.3,0,0,0,0,0,0,0,11.300000000000011,7.854578536578663
1255,H30668,H,297.5,308.8,1430,49.4,2,0,0,0,0,0,0,11.300000000000011,7.397612941163006
1256,H30669,H,297.5,308.9,1419,50.7,7,0,0,0,0,0,0,11.399999999999977,7.5338847585002195
1257,M16116,M,297.5,308.9,1535,37.7,12,0,0,0,0,0,0,11.399999999999977,6.060079868897152
1258,L48437,L,297.5,308.9,1466,43.0,15,0,0,0,0,0,0,11.399999999999977,6.601323923233113
1259,L48438,L,297.5,308.9,1427,50.4,17,0,0,0,0,0,0,11.399999999999977,7.531528564010025
1260,M16119,M,297.5,308.9,1280,48.5,19,0,0,0,0,0,0,11.399999999999977,6.501002397828478
1261,L48440,L,297.6,309.0,1528,33.8,22,0,0,0,0,0,0,11.399999999999977,5.408398360811995
1262,H30675,H,297.6,309.0,1885,25.2,24,0,0,0,0,0,0,11.399999999999977,4.9743978076940785
1263,H30676,H,297.8,309.2,1648,33.0,29,0,0,0,0,0,0,11.399999999999977,5.695079162427577
1264,L48443,L,297.8,309.2,1400,56.9,34,0,0,0,0,0,0,11.399999999999977,8.341975692832097
1265,M16124,M,297.8,309.3,2243,15.7,36,0,0,0,0,0,0,11.5,3.6877166485143302
1266,L48445,L,297.9,309.4,1558,35.7,39,0,0,0,0,0,0,11.5,5.82457561160855
1267,L48446,L,298.0,309.6,1633,34.8,41,0,0,0,0,0,0,11.600000000000023,5.951056131842073
1268,M16127,M,298.1,309.6,1549,38.7,43,0,0,0,0,0,0,11.5,6.27756185632966
1269,L48448,L,298.0,309.5,1496,45.8,46,0,0,0,0,0,0,11.5,7.175062517582703
1270,L48449,L,298.1,309.5,1467,41.8,48,0,0,0,0,0,0,11.399999999999977,6.421478215790609
1271,M16130,M,298.0,309.4,1276,65.9,50,0,0,0,0,0,0,11.399999999999977,8.805716656404
1272,H30685,H,298.0,309.4,1490,40.5,53,0,0,0,0,0,0,11.399999999999977,6.319313622695868
1273,H30686,H,298.0,309.4,1562,38.1,58,0,0,0,0,0,0,11.399999999999977,6.232103010632217
1274,L48453,L,298.1,309.4,1397,48.2,63,0,0,0,0,0,0,11.299999999999955,7.051346598884339
1275,H30688,H,298.1,309.5,1530,40.2,65,0,0,0,0,0,0,11.399999999999977,6.440893258389794
1276,M16135,M,298.1,309.4,1362,47.6,70,0,0,0,0,0,0,11.299999999999955,6.7891073881136865
1277,M16136,M,298.2,309.4,1693,34.4,73,0,0,0,0,0,0,11.199999999999989,6.09879476236489
1278,M16137,M,298.2,309.4,1408,46.5,76,0,0,0,0,0,0,11.199999999999989,6.856211807194364
1279,L48458,L,298.2,309.4,1398,52.9,79,0,0,0,0,0,0,11.199999999999989,7.7444657140703415
1280,M16139,M,298.3,309.6,1531,40.1,81,0,0,0,0,0,0,11.300000000000011,6.429070398036784
1281,H30694,H,298.3,309.5,1521,37.1,84,0,0,0,0,0,0,11.199999999999989,5.909241533622794
1282,H30695,H,298.3,309.5,1427,54.3,89,0,0,0,0,0,0,11.199999999999989,8.114325417177469
1283,L48462,L,298.3,309.4,1546,36.1,94,0,0,0,0,0,0,11.099999999999966,5.844472365081284
1284,L48463,L,298.3,309.4,1356,45.4,96,0,0,0,0,0,0,11.099999999999966,6.446799452578542
1285,L48464,L,298.4,309.5,2153,15.3,98,1,0,0,1,0,0,11.100000000000023,3.4495629814212005
1286,M16145,M,298.5,309.6,1492,41.7,100,0,0,0,0,0,0,11.100000000000023,6.5152861724268005
1287,L48466,L,298.5,309.6,1582,40.3,103,0,0,0,0,0,0,11.100000000000023,6.67636609975186
1288,L48467,L,298.5,309.6,1419,41.5,105,0,0,0,0,0,0,11.100000000000023,6.166789299364085
1289,M16148,M,298.5,309.6,1441,48.2,107,0,0,0,0,0,0,11.100000000000023,7.273436255542113
1290,M16149,M,298.6,309.7,1635,32.2,110,0,0,0,0,0,0,11.099999999999966,5.513180947784728
1291,L48470,L,298.6,309.7,1429,45.8,113,0,0,0,0,0,0,11.099999999999966,6.853719477022516
1292,M16151,M,298.6,309.7,1675,28.4,115,0,0,0,0,0,0,11.099999999999966,4.9815187510422145
1293,M16152,M,298.7,309.7,1868,23.8,118,0,0,0,0,0,0,11.0,4.655672761011881
1294,H30707,H,298.7,309.8,1582,33.4,121,0,0,0,0,0,0,11.100000000000023,5.533266196816679
1295,L48474,L,298.8,309.9,1486,40.3,126,0,0,0,0,0,0,11.099999999999966,6.27122631114492
1296,L48475,L,298.7,309.8,1402,54.3,128,0,0,0,0,0,0,11.100000000000023,7.972168349602531
1297,L48476,L,298.7,309.9,1621,34.1,130,0,0,0,0,0,0,11.199999999999989,5.788499655969826
1298,L48477,L,298.8,309.9,1428,42.4,132,0,0,0,0,0,0,11.099999999999966,6.340487957181064
1299,M16158,M,298.7,309.8,1343,53.6,134,0,0,0,0,0,0,11.100000000000023,7.5382306283376845
1300,M16159,M,298.7,309.9,1458,40.2,137,0,0,0,0,0,0,11.199999999999989,6.137792399171451
1301,L48480,L,298.7,309.8,1322,57.0,140,0,0,0,0,0,0,11.100000000000023,7.891052427286842
1302,L48481,L,298.7,309.9,1483,32.8,142,0,0,0,0,0,0,11.199999999999989,5.093820216432538
1303,L48482,L,298.6,309.8,1505,45.7,144,0,0,0,0,0,1,11.199999999999989,7.20246767749752
1304,L48483,L,298.7,309.9,1593,42.5,146,0,0,0,0,0,0,11.199999999999989,7.089789220988766
1305,L48484,L,298.8,310.0,2098,19.6,148,0,0,0,0,0,0,11.199999999999989,4.306160106324506
1306,L48485,L,298.8,310.0,1672,30.4,150,0,0,0,0,0,0,11.199999999999989,5.322779489026162
1307,L48486,L,298.8,310.0,1487,41.4,152,0,0,0,0,0,0,11.199999999999989,6.446736620725471
1308,L48487,L,298.8,310.0,1423,42.1,154,0,0,0,0,0,0,11.199999999999989,6.2735825056351135
1309,L48488,L,298.9,310.1,1750,25.0,156,0,0,0,0,0,0,11.200000000000045,4.581489286485115
1310,L48489,L,298.9,310.2,1654,31.1,158,0,0,0,0,0,0,11.300000000000011,5.386721371502226
1311,L48490,L,298.9,310.2,1498,50.2,160,0,0,0,0,0,0,11.300000000000011,7.874883697096367
1312,L48491,L,298.9,310.1,1587,30.2,162,0,0,0,0,0,0,11.200000000000045,5.018945591521981
1313,L48492,L,298.9,310.1,1473,42.6,164,0,0,0,0,0,0,11.200000000000045,6.571143689807627
1314,L48493,L,298.9,310.2,1359,56.9,166,0,0,0,0,0,0,11.300000000000011,8.097674976113444
1315,M16174,M,299.0,310.3,1635,34.5,168,0,0,0,0,0,0,11.300000000000011,5.906979586912208
1316,L48495,L,299.0,310.3,1520,45.0,171,0,0,0,0,0,0,11.300000000000011,7.162831250184729
1317,L48496,L,299.0,310.3,1507,36.7,173,0,0,0,0,0,0,11.300000000000011,5.791725024427511
1318,L48497,L,299.0,310.3,1428,46.3,175,0,0,0,0,0,0,11.300000000000011,6.923693217393473
1319,M16178,M,299.0,310.3,1582,33.3,177,0,0,0,0,0,0,11.300000000000011,5.516699531556748
1320,L48499,L,299.0,310.3,1929,24.4,180,0,0,0,0,0,0,11.300000000000011,4.928907546070098
1321,M16180,M,299.0,310.3,1540,38.1,182,0,0,0,0,0,0,11.300000000000011,6.144326911890919
1322,L48501,L,298.9,310.2,1362,53.0,185,0,0,0,0,0,0,11.300000000000011,7.559300243067761
1323,H30736,H,298.9,310.1,1452,49.9,187,0,0,0,0,0,0,11.200000000000045,7.587448913243924
1324,L48503,L,298.9,310.1,1361,51.7,192,0,0,0,0,0,0,11.200000000000045,7.368469433313206
1325,M16184,M,298.8,310.1,1243,74.5,194,1,0,0,1,1,0,11.300000000000011,9.697415843223414
1326,H30739,H,298.8,310.1,1567,36.8,197,0,0,0,0,0,0,11.300000000000011,6.038727510828251
1327,L48506,L,298.9,310.2,1411,46.5,202,0,0,0,0,0,0,11.300000000000011,6.870820213033556
1328,L48507,L,298.8,310.2,1814,26.8,204,0,0,0,0,0,0,11.399999999999977,5.090971839093284
1329,M16188,M,298.8,310.1,1719,28.8,206,0,0,0,0,0,0,11.300000000000011,5.184381860660021
1330,H30743,H,298.8,310.2,1663,30.4,209,0,0,0,0,0,0,11.399999999999977,5.294128164025423
1331,L48510,L,298.9,310.2,1696,30.2,214,0,0,0,0,0,0,11.300000000000011,5.363662081424877
1332,H30745,H,298.9,310.2,1771,26.8,216,0,0,0,0,0,0,11.300000000000011,4.970292793293388
1333,L48512,L,299.0,310.3,1868,24.0,221,0,0,0,0,0,0,11.300000000000011,4.6947960615245865
1334,M16193,M,299.0,310.3,1558,35.4,223,0,0,0,0,0,0,11.300000000000011,5.775629598065619
1335,L48514,L,299.0,310.4,1365,49.1,226,1,0,0,0,1,0,11.399999999999977,7.018475067752278
1336,L48515,L,299.0,310.4,1371,53.8,228,1,0,0,0,1,0,11.399999999999977,7.724108193675081
1337,L48516,L,298.9,310.3,1583,32.6,230,0,0,0,0,0,0,11.400000000000034,5.404146738754139
1338,H30751,H,298.7,310.2,1613,36.0,0,0,0,0,0,0,0,11.5,6.080866740288404
1339,L48518,L,298.6,310.1,1721,27.2,5,0,0,0,0,0,0,11.5,4.902057400857418
1340,M16199,M,298.6,310.2,1668,31.5,7,0,0,0,0,0,0,11.599999999999966,5.502185373497164
1341,L48520,L,298.6,310.2,1569,36.3,10,0,0,0,0,0,0,11.599999999999966,5.964282236913686
1342,M16201,M,298.6,310.2,1328,50.5,12,0,0,0,0,0,0,11.599999999999966,7.022925657344863
1343,M16202,M,298.6,310.1,1596,33.0,15,0,0,0,0,0,0,11.5,5.515380062642242
1344,L48523,L,298.5,310.2,1676,32.7,18,0,0,0,0,0,0,11.699999999999989,5.739187123283979
1345,L48524,L,298.5,310.1,1809,28.9,20,0,0,0,0,0,0,11.600000000000023,5.474759269631325
1346,L48525,L,298.5,310.0,1804,26.1,22,0,0,0,0,0,0,11.5,4.930666837956109
1347,L48526,L,298.6,310.1,1533,33.9,24,0,0,0,0,0,0,11.5,5.442149537887063
1348,L48527,L,298.7,310.2,1717,27.3,26,0,0,0,0,0,0,11.5,4.908644273454444
1349,L48528,L,298.7,310.2,1363,45.5,28,0,0,0,0,0,0,11.5,6.494352693378381
1350,L48529,L,298.7,310.2,1402,45.9,30,0,0,0,0,0,0,11.5,6.738904737509322
1351,L48530,L,298.7,310.2,1436,47.5,32,0,0,0,0,0,0,11.5,7.142934496711994
1352,L48531,L,298.7,310.2,1525,43.7,34,0,0,0,0,0,0,11.5,6.978786280561927
1353,M16212,M,298.7,310.2,1598,33.3,36,0,0,0,0,0,0,11.5,5.572494217084503
1354,M16213,M,298.6,310.1,1444,48.1,39,0,0,0,0,0,0,11.5,7.273457199493137
1355,L48534,L,298.6,310.0,1334,48.0,42,0,0,0,0,0,0,11.399999999999977,6.705415359822054
1356,M16215,M,298.6,310.0,1681,35.5,44,0,0,0,0,0,0,11.399999999999977,6.249203746643257
1357,L48536,L,298.6,309.9,1593,37.4,47,0,0,0,0,0,0,11.299999999999955,6.239014514470114
1358,L48537,L,298.6,309.9,1461,45.7,49,0,0,0,0,0,0,11.299999999999955,6.991897193902908
1359,M16218,M,298.7,310.1,1693,31.9,51,0,0,0,0,0,0,11.400000000000034,5.65556839882093
1360,L48539,L,298.7,310.2,1404,50.3,54,0,0,0,0,0,0,11.5,7.395434770256516
1361,H30774,H,298.8,310.2,1707,27.6,56,0,0,0,0,0,0,11.399999999999977,4.933682766903555
1362,M16221,M,298.6,310.1,1458,41.9,61,0,0,0,0,0,0,11.5,6.3973507842110395
1363,L48542,L,298.6,310.0,1517,41.2,64,0,0,0,0,0,0,11.399999999999977,6.545026582880785
1364,L48543,L,298.7,310.1,1433,54.6,66,0,0,0,0,0,0,11.400000000000034,8.193462136121395
1365,L48544,L,298.7,310.2,1566,33.1,68,0,0,0,0,0,0,11.5,5.428106618725517
1366,L48545,L,298.7,310.1,1676,33.5,70,0,0,0,0,0,0,11.400000000000034,5.879595370948417
1367,M16226,M,298.7,310.1,1368,56.8,72,0,0,0,0,0,0,11.400000000000034,8.13697630020985
1368,M16227,M,298.8,310.2,1581,37.5,75,0,0,0,0,0,0,11.399999999999977,6.208572481656828
1369,H30782,H,298.8,310.3,1708,27.1,78,0,0,0,0,0,0,11.5,4.847142361272668
1370,M16229,M,298.7,310.3,1481,41.5,83,0,0,0,0,0,0,11.600000000000023,6.4362332292869695
1371,L48550,L,298.7,310.3,1451,40.0,86,0,0,0,0,0,0,11.600000000000023,6.077934587145053
1372,M16231,M,298.7,310.3,1495,38.7,88,0,0,0,0,0,0,11.600000000000023,6.058718512080596
1373,M16232,M,298.8,310.3,1573,41.8,91,0,0,0,0,0,0,11.5,6.885470506774798
1374,M16233,M,298.8,310.3,1366,59.0,94,0,0,0,0,0,0,11.5,8.43978394411386
1375,L48554,L,298.8,310.3,1553,36.8,97,0,0,0,0,0,0,11.5,5.984775892990603
1376,M16235,M,298.8,310.3,1528,37.1,99,0,0,0,0,0,0,11.5,5.9364372540273695
1377,M16236,M,298.8,310.2,1527,31.2,102,0,0,0,0,0,0,11.399999999999977,4.989100461312878
1378,L48557,L,298.8,310.2,1461,46.7,105,0,0,0,0,0,0,11.399999999999977,7.144892756132731
1379,H30792,H,298.8,310.2,1455,44.9,107,0,0,0,0,0,0,11.399999999999977,6.841289242089813
1380,L48559,L,298.7,310.1,1620,34.8,112,0,0,0,0,0,0,11.400000000000034,5.903680914625938
1381,L48560,L,298.7,310.1,1786,27.7,114,0,0,0,0,0,0,11.400000000000034,5.180716669230832
1382,M16241,M,298.8,310.2,1583,35.7,116,0,0,0,0,0,0,11.399999999999977,5.918037993052845
1383,L48562,L,298.8,310.1,1653,30.3,119,0,0,0,0,0,0,11.300000000000011,5.244983182947767
1384,M16243,M,298.9,310.2,1331,49.0,121,0,0,0,0,0,0,11.300000000000011,6.82971770914909
1385,L48564,L,298.9,310.3,1484,43.8,124,0,0,0,0,0,0,11.400000000000034,6.806700306973789
1386,M16245,M,298.9,310.2,1603,36.1,126,0,0,0,0,0,0,11.300000000000011,6.059954205191008
1387,L48566,L,298.9,310.2,1445,40.0,129,0,0,0,0,0,0,11.300000000000011,6.052801845916334
1388,L48567,L,298.9,310.1,1823,26.1,131,0,0,0,0,0,0,11.200000000000045,4.9825973645199495
1389,H30802,H,298.9,310.1,1491,45.3,133,0,0,0,0,0,0,11.200000000000045,7.073013116218596
1390,L48569,L,298.9,310.2,1533,42.8,138,0,0,0,0,0,0,11.300000000000011,6.870914460813164
1391,L48570,L,298.9,310.2,1409,54.8,140,0,0,0,0,0,0,11.300000000000011,8.085747396005313
1392,L48571,L,298.9,310.2,2737,8.8,142,1,0,0,1,0,0,11.300000000000011,2.5222381339100775
1393,M16252,M,299.0,310.3,1494,46.6,144,0,0,0,0,0,0,11.300000000000011,7.290631239332762
1394,L48573,L,299.1,310.4,1594,33.3,147,0,0,0,0,0,0,11.299999999999955,5.5585455457025645
1395,L48574,L,299.1,310.4,1527,44.0,149,0,0,0,0,0,0,11.299999999999955,7.0359109069797
1396,L48575,L,299.1,310.4,1452,39.7,151,0,0,0,0,0,0,11.299999999999955,6.036507452019717
1397,L48576,L,299.0,310.3,1483,39.2,153,0,0,0,0,0,0,11.300000000000011,6.087736356224253
1398,L48577,L,299.1,310.2,1569,38.2,155,0,0,0,0,0,0,11.099999999999966,6.2764622989009045
1399,L48578,L,299.1,310.3,1472,46.6,157,0,0,0,0,0,0,11.199999999999989,7.183272546384086
1400,L48579,L,299.0,310.2,1533,43.5,159,0,0,0,0,0,0,11.199999999999989,6.983289230032071
1401,H30814,H,298.9,310.1,1366,62.7,161,0,0,0,0,0,0,11.200000000000045,8.969058530439645
1402,H30815,H,298.9,310.2,1532,37.7,166,0,0,0,0,0,0,11.300000000000011,6.048236064593119
1403,M16262,M,298.9,310.1,1313,56.8,171,0,0,0,0,0,0,11.200000000000045,7.809831785216034
1404,L48583,L,299.0,310.2,1372,48.0,174,0,0,0,0,0,0,11.199999999999989,6.896424193160314
1405,M16264,M,298.9,310.1,1555,40.6,176,0,0,0,0,0,0,11.200000000000045,6.611272299969481
1406,L48585,L,298.9,310.1,1394,42.7,179,0,0,0,0,0,0,11.200000000000045,6.233317759791604
1407,L48586,L,298.9,310.1,1442,48.0,181,0,0,0,0,0,0,11.200000000000045,7.24828257036237
1408,L48587,L,298.9,310.0,1564,33.8,183,0,0,0,0,0,0,11.100000000000023,5.535821358841598
1409,L48588,L,298.9,310.0,1452,48.9,185,0,0,0,0,0,0,11.100000000000023,7.435395828810179
1410,L48589,L,298.9,310.1,1466,42.5,187,0,0,0,0,0,0,11.200000000000045,6.524564342730402
1411,M16270,M,298.9,310.1,1469,53.2,189,0,0,0,0,0,0,11.200000000000045,8.183932638405507
1412,L48591,L,298.9,310.1,1944,23.4,192,0,0,0,0,0,0,11.200000000000045,4.763659772491274
1413,M16272,M,298.8,309.9,1415,53.2,194,0,0,0,0,0,0,11.099999999999966,7.883093725897749
1414,M16273,M,298.7,309.8,1528,36.7,197,0,0,0,0,0,0,11.100000000000023,5.872432539698233
1415,M16274,M,298.7,309.8,1570,42.1,200,0,0,0,0,0,0,11.100000000000023,6.921661654144152
1416,L48595,L,298.7,309.9,1617,33.0,203,0,0,0,0,0,0,11.199999999999989,5.587950852940166
1417,M16276,M,298.7,309.9,2083,18.2,205,0,0,0,0,0,0,11.199999999999989,3.9699887484393734
1418,L48597,L,298.7,309.9,1541,38.5,208,0,0,0,0,0,0,11.199999999999989,6.212865991616735
1419,L48598,L,298.8,309.9,1320,47.4,210,0,0,0,0,0,0,11.099999999999966,6.552105638326872
1420,L48599,L,298.7,309.8,1354,53.3,212,1,0,0,0,1,0,11.100000000000023,7.55743623142663
1421,M16280,M,298.8,309.9,1495,35.2,214,0,0,0,0,0,0,11.099999999999966,5.5107723934169766
1422,L48601,L,298.7,309.8,1589,31.8,217,0,0,0,0,0,0,11.100000000000023,5.291510170147432
1423,L48602,L,298.7,309.8,1530,35.5,0,0,0,0,0,0,0,11.100000000000023,5.687853499324321
1424,L48603,L,298.7,309.8,1539,33.4,2,0,0,0,0,0,0,11.100000000000023,5.3828676845138235
1425,L48604,L,298.7,309.7,1462,46.8,4,0,0,0,0,0,0,11.0,7.165093196895312
1426,L48605,L,298.6,309.7,1356,54.0,6,0,0,0,0,0,0,11.099999999999966,7.667999348881966
1427,M16286,M,298.7,309.7,1622,34.6,8,0,0,0,0,0,0,11.0,5.876998321021451
1428,L48607,L,298.7,309.8,1394,40.3,11,0,0,0,0,0,0,11.100000000000023,5.8829673470632695
1429,L48608,L,298.8,309.9,1568,33.7,13,0,0,0,0,0,0,11.099999999999966,5.533559412131014
1430,M16289,M,298.9,310.0,1456,43.8,15,0,0,0,0,0,0,11.100000000000023,6.6782719992950375
1431,L48610,L,298.9,310.0,1378,49.3,18,0,0,0,0,0,0,11.100000000000023,7.114178451956134
1432,M16291,M,298.9,309.9,1404,41.4,20,0,0,0,0,0,0,11.0,6.0868985981832955
1433,L48612,L,298.8,309.8,1437,42.8,23,0,0,0,0,0,0,11.0,6.440641930977507
1434,L48613,L,298.8,309.8,1363,44.0,25,0,0,0,0,0,0,11.0,6.280253154036235
1435,M16294,M,298.8,309.8,1377,49.6,27,0,0,0,0,0,0,11.0,7.152275498868667
1436,H30849,H,298.8,309.9,1526,42.1,30,0,0,0,0,0,0,11.099999999999966,6.7276787797604936
1437,H30850,H,298.8,309.8,1510,44.2,35,0,0,0,0,0,0,11.0,6.989205896196333
1438,H30851,H,298.8,309.9,1439,45.2,40,1,0,0,0,0,0,11.099999999999966,6.811266088297007
1439,L48618,L,298.8,309.9,1482,39.1,45,0,0,0,0,0,0,11.099999999999966,6.0681118741148286
1440,M16299,M,298.8,309.8,1534,37.0,47,0,0,0,0,0,0,11.0,5.94368386108165
1441,M16300,M,298.8,309.9,1741,27.7,50,0,0,0,0,0,0,11.099999999999966,5.050183494474176
1442,L48621,L,298.8,309.9,1550,38.8,53,0,0,0,0,0,0,11.099999999999966,6.297846072896339
1443,M16302,M,298.8,310.0,1486,38.5,55,0,0,0,0,0,0,11.199999999999989,5.991121910150856
1444,L48623,L,298.9,310.1,1602,38.2,58,0,0,0,0,0,0,11.200000000000045,6.408472022204748
1445,L48624,L,299.0,310.2,1477,37.9,60,0,0,0,0,0,0,11.199999999999989,5.8620338680148505
1446,L48625,L,299.0,310.1,1618,29.2,62,0,0,0,0,0,0,11.100000000000023,4.947547662481397
1447,M16306,M,299.0,310.2,1628,35.8,64,0,0,0,0,0,0,11.199999999999989,6.103318655786058
1448,M16307,M,299.0,310.3,1662,33.6,67,0,0,0,0,0,0,11.300000000000011,5.847886229098184
1449,M16308,M,299.0,310.3,1657,31.0,70,0,0,0,0,0,0,11.300000000000011,5.379139661231563
1450,H30863,H,299.0,310.4,1677,30.8,73,0,0,0,0,0,0,11.399999999999977,5.408942903538619
1451,M16310,M,299.0,310.3,1447,39.9,78,0,0,0,0,0,0,11.300000000000011,6.046026477760093
1452,L48631,L,298.9,310.4,1831,25.4,81,0,0,0,0,0,0,11.5,4.870243539252065
1453,L48632,L,299.0,310.3,1584,34.4,83,0,0,0,0,0,0,11.300000000000011,5.706137568568213
1454,L48633,L,299.1,310.4,1450,40.9,85,0,0,0,0,0,0,11.299999999999955,6.210405077371424
1455,L48634,L,299.1,310.4,1428,46.9,87,0,0,0,0,0,0,11.299999999999955,7.0134171035799975
1456,L48635,L,299.0,310.4,1382,53.0,89,0,0,0,0,0,0,11.399999999999977,7.6703031834946
1457,L48636,L,299.0,310.3,1501,43.0,91,0,0,0,0,0,0,11.300000000000011,6.7589271546882
1458,L48637,L,299.0,310.3,1475,42.4,93,0,0,0,0,0,0,11.300000000000011,6.5491734851835215
1459,L48638,L,298.9,310.3,1364,54.0,95,0,0,0,0,0,0,11.400000000000034,7.713238283093659
1460,L48639,L,299.0,310.3,1472,36.1,97,0,0,0,0,0,0,11.300000000000011,5.564724011254625
1461,L48640,L,299.0,310.3,1437,47.8,99,0,0,0,0,0,0,11.300000000000011,7.193053371512262
1462,L48641,L,298.9,310.2,1491,45.1,101,0,0,0,0,0,0,11.300000000000011,7.041785685241913
1463,L48642,L,298.9,310.2,1706,27.6,103,0,0,0,0,0,0,11.300000000000011,4.9307925016622525
1464,L48643,L,298.8,310.1,1607,39.5,105,0,0,0,0,0,0,11.300000000000011,6.647243535853084
1465,L48644,L,298.8,310.0,1412,46.3,107,0,0,0,0,0,0,11.199999999999989,6.84611682280083
1466,L48645,L,298.7,309.8,1546,40.9,109,0,0,0,0,0,0,11.100000000000023,6.621576723873255
1467,L48646,L,298.7,309.8,1365,50.5,111,0,0,0,0,0,0,11.100000000000023,7.218594519785946
1468,L48647,L,298.6,309.8,1544,30.2,113,0,0,0,0,0,0,11.199999999999989,4.882956517523591
1469,M16328,M,298.6,309.8,1419,44.9,115,0,0,0,0,0,0,11.199999999999989,6.672020229914395
1470,L48649,L,298.6,309.8,1497,41.6,118,0,0,0,0,0,0,11.199999999999989,6.521443694027837
1471,L48650,L,298.5,309.7,1437,42.6,120,0,0,0,0,0,0,11.199999999999989,6.410545473356117
1472,L48651,L,298.5,309.6,1421,53.6,122,0,0,0,0,0,0,11.100000000000023,7.976042980541959
1473,M16332,M,298.5,309.6,1438,44.5,124,0,0,0,0,0,0,11.100000000000023,6.701121849862148
1474,M16333,M,298.5,309.5,1315,48.9,127,0,0,0,0,0,0,11.0,6.733846773337042
1475,M16334,M,298.5,309.5,1366,61.9,130,0,0,0,0,0,0,11.0,8.85462078204488
1476,M16335,M,298.4,309.5,1519,35.4,133,0,0,0,0,0,0,11.100000000000023,5.631053504147417
1477,L48656,L,298.4,309.5,1692,28.3,136,0,0,0,0,0,0,11.100000000000023,5.014358866247741
1478,L48657,L,298.3,309.4,1570,35.6,138,0,0,0,0,0,0,11.099999999999966,5.852996553148024
1479,L48658,L,298.3,309.4,1568,35.8,140,0,0,0,0,0,0,11.099999999999966,5.878380621789029
1480,L48659,L,298.2,309.3,1355,43.8,142,0,0,0,0,0,0,11.100000000000023,6.2150127465966865
1481,M16340,M,298.2,309.3,2056,18.7,144,0,0,0,0,0,0,11.100000000000023,4.026181369036583
1482,M16341,M,298.2,309.2,1332,60.2,147,0,0,0,0,0,0,11.0,8.397100171927088
1483,M16342,M,298.1,309.1,1448,52.5,150,0,0,0,0,0,0,11.0,7.960795784196536
1484,L48663,L,298.0,308.9,1578,35.6,153,0,0,0,0,0,0,10.899999999999977,5.882820739406104
1485,M16344,M,298.0,309.0,1562,39.2,155,0,0,0,0,0,0,11.0,6.412032493878816
1486,M16345,M,298.1,309.0,1976,19.3,158,0,0,0,0,0,0,10.899999999999977,3.9936763570474407
1487,M16346,M,298.2,309.2,1524,34.6,161,0,0,0,0,0,0,11.0,5.521914575361707
1488,L48667,L,298.2,309.1,1429,48.5,164,0,0,0,0,0,0,10.900000000000034,7.2577597082007
1489,L48668,L,298.2,309.1,1568,36.3,166,0,0,0,0,0,0,10.900000000000034,5.960480909802842
1490,M16349,M,298.2,309.0,1723,26.6,168,0,0,0,0,0,0,10.800000000000011,4.799494872693223
1491,L48670,L,298.2,309.0,1341,43.8,171,0,0,0,0,0,0,10.800000000000011,6.150798592757312
1492,M16351,M,298.1,308.9,1353,46.2,173,0,0,0,0,0,0,10.799999999999955,6.545885284872765
1493,M16352,M,298.0,308.7,1479,58.5,176,1,0,0,1,0,0,10.699999999999989,9.060510292585644
1494,L48673,L,298.0,308.8,1496,44.9,179,0,0,0,0,0,0,10.800000000000011,7.034067839289595
1495,M16354,M,298.0,308.7,1377,48.5,181,0,0,0,0,0,0,10.699999999999989,6.993656485788918
1496,H30909,H,297.9,308.5,1383,44.6,184,0,0,0,0,0,0,10.600000000000023,6.459302991339831
1497,L48676,L,298.0,308.7,1268,69.4,189,1,0,0,1,1,0,10.699999999999989,9.215254674725964
1498,L48677,L,298.0,308.7,1629,34.3,191,0,0,0,0,0,0,10.699999999999989,5.851184901384452
1499,L48678,L,298.0,308.8,1790,27.2,193,0,0,0,0,0,0,10.800000000000011,5.0985954372659945
1500,M16359,M,298.1,308.8,2206,16.3,195,0,0,0,0,0,0,10.699999999999989,3.7654920106417027
1501,M16360,M,298.0,308.7,2101,17.4,198,0,0,0,0,0,0,10.699999999999989,3.8282819758114495
1502,M16361,M,298.0,308.7,1436,48.2,201,0,0,0,0,0,0,10.699999999999989,7.248198794558275
1503,L48682,L,298.0,308.7,1462,48.2,204,0,0,0,0,0,0,10.699999999999989,7.379433591674232
1504,L48683,L,298.0,308.7,1771,26.2,206,0,0,0,0,0,0,10.699999999999989,4.859017581503237
1505,L48684,L,298.0,308.7,1506,47.0,208,0,0,0,0,0,0,10.699999999999989,7.412273706879759
1506,L48685,L,298.0,308.7,1626,36.7,210,0,0,0,0,0,0,10.699999999999989,6.2490676109616015
1507,L48686,L,298.0,308.8,1610,33.7,212,0,0,0,0,0,0,10.800000000000011,5.6817797535273815
1508,M16367,M,298.0,308.6,1376,55.7,214,0,0,0,0,0,0,10.600000000000023,8.026057135587108
1509,M16368,M,298.0,308.6,1507,37.3,217,0,0,0,0,0,0,10.600000000000023,5.886412627006707
1510,L48689,L,298.0,308.5,1429,37.7,220,1,1,0,0,0,0,10.5,5.641598783487967
1511,M16370,M,298.1,308.7,1547,38.9,0,0,0,0,0,0,0,10.599999999999966,6.301856839517422
1512,L48691,L,298.1,308.7,1642,30.3,3,0,0,0,0,0,0,10.599999999999966,5.210080088566384
1513,H30926,H,298.0,308.7,1503,36.3,5,0,0,0,0,0,0,10.699999999999989,5.713394647598005
1514,L48693,L,298.1,308.7,1568,32.9,10,0,0,0,0,0,0,10.599999999999966,5.402198951308912
1515,M16374,M,298.1,308.8,1628,37.6,12,0,0,0,0,0,0,10.699999999999989,6.410189426188709
1516,M16375,M,298.2,308.9,1614,35.5,15,0,0,0,0,0,0,10.699999999999989,6.000127809091146
1517,L48696,L,298.2,308.9,1278,54.0,18,0,0,0,0,0,0,10.699999999999989,7.2269197403179595
1518,M16377,M,298.2,308.9,1408,38.8,20,0,0,0,0,0,0,10.699999999999989,5.720882110089061
1519,H30932,H,298.2,309.0,1371,55.7,23,0,0,0,0,0,0,10.800000000000011,7.996892683786283
1520,M16379,M,298.2,308.9,1512,38.5,28,0,0,0,0,0,0,10.699999999999989,6.095946385025634
1521,L48700,L,298.3,309.1,1472,40.1,31,0,0,0,0,0,0,10.800000000000011,6.181313929399182
1522,M16381,M,298.2,308.9,1585,34.3,33,0,0,0,0,0,0,10.699999999999989,5.693141846957862
1523,H30936,H,298.2,309.0,1562,37.7,36,0,0,0,0,0,0,10.800000000000011,6.166674107633454
1524,L48703,L,298.3,309.0,1519,36.9,41,0,0,0,0,0,0,10.699999999999989,5.8696574661875625
1525,L48704,L,298.2,309.0,1601,35.8,43,0,0,0,0,0,0,10.800000000000011,6.002096540487396
1526,L48705,L,298.2,309.0,2449,13.8,45,0,0,0,0,0,0,10.800000000000011,3.539129787975046
1527,L48706,L,298.1,309.0,1787,27.6,47,0,0,0,0,0,0,10.899999999999977,5.164903986207763
1528,H30941,H,298.1,309.1,1425,44.5,49,0,0,0,0,0,0,11.0,6.640541471525426
1529,L48708,L,298.1,309.0,1559,34.0,54,0,0,0,0,0,0,10.899999999999977,5.550775339872686
1530,L48709,L,298.1,309.0,1557,36.0,56,0,0,0,0,0,0,10.899999999999977,5.869751713967169
1531,L48710,L,298.1,309.0,1497,40.5,58,0,0,0,0,0,0,10.899999999999977,6.349001673272292
1532,H30945,H,298.1,309.0,1438,41.4,60,0,0,0,0,0,0,10.899999999999977,6.234302125489729
1533,M16392,M,298.1,308.9,1417,39.2,65,0,0,0,0,0,0,10.799999999999955,5.81680540577867
1534,M16393,M,298.0,308.9,1339,51.4,68,0,0,0,0,0,0,10.899999999999977,7.207295258208537
1535,L48714,L,298.0,308.8,1757,29.1,71,0,0,0,0,0,0,10.800000000000011,5.3541849435865485
1536,L48715,L,298.0,308.8,1581,36.1,73,0,0,0,0,0,0,10.800000000000011,5.976785775674974
1537,M16396,M,298.2,308.9,1326,54.4,75,0,0,0,0,0,0,10.699999999999989,7.553896703703586
1538,M16397,M,298.4,309.1,1467,39.6,78,0,0,0,0,0,0,10.700000000000045,6.08350567811742
1539,L48718,L,298.4,309.1,1798,29.6,81,0,0,0,0,0,0,10.700000000000045,5.573269143272389
1540,M16399,M,298.5,309.2,1449,46.4,83,0,0,0,0,0,0,10.699999999999989,7.040686127813157
1541,M16400,M,298.4,309.1,1525,39.3,86,0,0,0,0,0,0,10.700000000000045,6.276116723709008
1542,L48721,L,298.4,309.0,2304,15.1,89,0,0,0,0,0,0,10.600000000000023,3.643242168515011
1543,L48722,L,298.3,308.9,1379,54.7,91,0,0,0,0,0,0,10.599999999999966,7.899147264357594
1544,L48723,L,298.4,308.9,1628,34.9,93,0,0,0,0,0,0,10.5,5.949883270584732
1545,L48724,L,298.4,309.0,1474,52.7,95,0,0,0,0,0,0,10.600000000000023,8.134609633744148
1546,M16405,M,298.4,309.0,1544,38.8,97,0,0,0,0,0,0,10.600000000000023,6.273467313904481
1547,L48726,L,298.4,308.9,1391,48.4,100,0,0,0,0,0,0,10.5,7.050194681578023
1548,L48727,L,298.3,308.9,1348,55.5,102,0,0,0,0,0,0,10.599999999999966,7.834503759522226
1549,M16408,M,298.3,308.8,1349,52.1,104,0,0,0,0,0,0,10.5,7.360008077099536
1550,L48729,L,298.4,308.9,1706,29.5,107,0,0,0,0,0,0,10.5,5.270231115907117
1551,L48730,L,298.4,308.9,1638,32.4,109,0,0,0,0,0,0,10.5,5.557603067906487
1552,L48731,L,298.4,308.8,1458,40.1,111,0,0,0,0,0,0,10.400000000000034,6.1225242588750035
1553,L48732,L,298.5,308.9,1781,27.8,113,0,0,0,0,0,0,10.399999999999977,5.184863571533571
1554,L48733,L,298.5,308.8,1332,59.1,115,0,0,0,0,0,0,10.300000000000011,8.24366478672576
1555,M16414,M,298.4,308.7,1584,31.7,117,0,0,0,0,0,0,10.300000000000011,5.258272119872451
1556,L48735,L,298.4,308.6,1491,42.0,120,0,0,0,0,0,0,10.200000000000045,6.557760505103334
1557,H30970,H,298.4,308.5,1398,47.1,122,0,0,0,0,0,0,10.100000000000023,6.8953560516580925
1558,L48737,L,298.3,308.4,1585,30.6,127,0,0,0,0,0,0,10.099999999999966,5.079012843058619
1559,M16418,M,298.2,308.3,1476,43.5,129,0,0,0,0,0,0,10.100000000000023,6.723636597212875
1560,L48739,L,298.2,308.3,1458,41.8,132,0,0,0,0,0,0,10.100000000000023,6.382082643914593
1561,M16420,M,298.2,308.4,1510,39.9,134,0,0,0,0,0,0,10.199999999999989,6.3092605262043815
1562,L48741,L,298.2,308.4,1388,53.8,137,0,0,0,0,0,0,10.199999999999989,7.819884881707521
1563,L48742,L,298.2,308.3,2216,16.8,139,0,0,0,0,0,0,10.100000000000023,3.8985908193987897
1564,L48743,L,298.2,308.3,1402,51.0,141,0,0,0,0,0,0,10.100000000000023,7.487671930565913
1565,M16424,M,298.0,308.2,2090,19.0,143,0,0,0,0,0,0,10.199999999999989,4.158421475801688
1566,L48745,L,298.0,308.2,1459,42.1,146,0,0,0,0,0,0,10.199999999999989,6.4322957664944695
1567,M16426,M,298.0,308.1,1403,44.8,148,0,0,0,0,0,0,10.100000000000023,6.5820973761931425
1568,L48747,L,298.1,308.2,1521,39.3,151,0,0,0,0,0,0,10.099999999999966,6.259654778204198
1569,L48748,L,298.2,308.2,1407,47.1,153,0,0,0,0,0,0,10.0,6.939746755853316
1570,M16429,M,298.1,308.2,1654,35.3,155,0,0,0,0,0,0,10.099999999999966,6.114188566367479
1571,L48750,L,298.2,308.4,1452,43.5,158,0,0,0,0,0,0,10.199999999999989,6.614309172867949
1572,L48751,L,298.3,308.4,1528,37.3,160,0,0,0,0,0,0,10.099999999999966,5.968439611191937
1573,L48752,L,298.2,308.3,1230,59.6,162,0,0,0,0,0,0,10.100000000000023,7.6767958083120185
1574,L48753,L,298.2,308.2,1466,42.4,164,0,0,0,0,0,0,10.0,6.50921242662986
1575,L48754,L,298.2,308.2,1478,50.1,166,0,0,0,0,0,0,10.0,7.754267483149542
1576,L48755,L,298.2,308.3,2057,18.0,168,0,0,0,0,0,0,10.100000000000023,3.8773536530605224
1577,L48756,L,298.3,308.4,1490,41.7,170,0,0,0,0,0,0,10.099999999999966,6.506552544849821
1578,L48757,L,298.3,308.4,1484,43.4,172,0,0,0,0,0,0,10.099999999999966,6.74453866033476
1579,L48758,L,298.3,308.4,1593,37.0,174,0,0,0,0,0,0,10.099999999999966,6.172287086507867
1580,L48759,L,298.3,308.3,1444,43.8,176,0,0,0,0,0,0,10.0,6.623231296004144
1581,M16440,M,298.3,308.4,1444,47.5,178,0,0,0,0,0,0,10.099999999999966,7.182728003657464
1582,M16441,M,298.2,308.3,1560,33.0,181,0,0,0,0,0,0,10.100000000000023,5.390972993560085
1583,H30996,H,298.1,308.3,1530,42.0,184,0,0,0,0,0,0,10.199999999999989,6.7292914639893375
1584,L48763,L,298.2,308.4,1310,61.0,189,1,0,0,0,1,0,10.199999999999989,8.368155631612014
1585,M16444,M,298.2,308.3,1639,33.3,191,0,0,0,0,0,0,10.100000000000023,5.7154680987493744
1586,L48765,L,298.2,308.3,1400,48.7,194,0,0,0,0,0,0,10.100000000000023,7.139792904058403
1587,M16446,M,298.3,308.4,1486,44.2,196,0,0,0,0,0,0,10.099999999999966,6.878119179965399
1588,M16447,M,298.2,308.3,1448,43.3,199,0,0,0,0,0,0,10.100000000000023,6.5657610943944755
1589,L48768,L,298.2,308.3,1688,32.0,202,0,0,0,0,0,0,10.100000000000023,5.656542292543542
1590,M16449,M,298.1,308.3,1453,41.5,204,0,0,0,0,0,0,10.199999999999989,6.314548873837924
1591,L48770,L,298.2,308.4,1497,37.7,207,0,0,0,0,0,0,10.199999999999989,5.910058347712726
1592,L48771,L,298.2,308.4,1355,49.4,209,0,0,0,0,0,0,10.199999999999989,7.0096262484446665
1593,L48772,L,298.1,308.4,1592,38.2,211,0,0,0,0,0,0,10.299999999999955,6.368469075749037
1594,L48773,L,298.0,308.3,1544,34.7,213,0,0,0,0,0,0,10.300000000000011,5.610549376094988
1595,M16454,M,298.0,308.2,1373,51.2,215,0,0,0,0,0,0,10.199999999999989,7.361547457499794
1596,L48775,L,298.0,308.2,1365,52.9,218,1,0,0,0,1,0,10.199999999999989,7.561656437557952
1597,L48776,L,298.0,308.1,1877,24.3,0,0,0,0,0,0,0,10.100000000000023,4.776383222738314
1598,L48777,L,297.9,308.1,1531,40.8,2,0,0,0,0,0,0,10.200000000000045,6.5412985595985225
1599,L48778,L,297.9,308.0,1501,36.7,4,0,0,0,0,0,0,10.100000000000023,5.768665734350162
1600,L48779,L,297.9,308.0,1490,46.2,6,0,0,0,0,0,0,10.100000000000023,7.208698502927139
1601,M16460,M,297.8,307.8,1543,43.7,8,0,0,0,0,0,0,10.0,7.0611588399390515
1602,L48781,L,297.8,307.8,1597,38.2,11,0,0,0,0,0,0,10.0,6.388470548976893
1603,H31016,H,297.8,307.9,1600,33.5,13,0,0,0,0,0,0,10.099999999999966,5.612978874413763
1604,M16463,M,297.8,307.8,1622,32.1,18,0,0,0,0,0,0,10.0,5.45235971401123
1605,L48784,L,297.8,307.8,1452,39.8,21,0,0,0,0,0,0,10.0,6.051712760463091
1606,L48785,L,297.8,307.8,1396,42.5,23,0,0,0,0,0,0,10.0,6.213023071249414
1607,L48786,L,297.8,307.7,1505,39.7,25,0,0,0,0,0,0,9.899999999999977,6.256848288766992
1608,L48787,L,297.8,307.8,1412,48.3,27,0,0,0,0,0,0,10.0,7.141845411258748
1609,L48788,L,297.8,307.7,1393,38.0,29,0,0,0,0,0,0,9.899999999999977,5.54323551750407
1610,L48789,L,297.7,307.7,1581,34.9,31,0,0,0,0,0,0,10.0,5.778111456261954
1611,L48790,L,297.8,307.8,1573,37.9,33,0,0,0,0,0,0,10.0,6.24304622504222
1612,M16471,M,297.8,307.9,1726,27.3,35,0,0,0,0,0,0,10.099999999999966,4.934373917287345
1613,M16472,M,297.9,307.9,1540,39.8,38,0,0,0,0,0,0,10.0,6.418483230794186
1614,L48793,L,297.9,308.0,1296,62.9,41,0,0,0,0,0,0,10.100000000000023,8.536586885746472
1615,M16474,M,297.8,307.9,1802,25.8,43,0,0,0,0,0,0,10.099999999999966,4.868588967121174
1616,L48795,L,297.8,307.9,1447,48.6,46,0,0,0,0,0,0,10.099999999999966,7.364333002985978
1617,H31030,H,297.8,307.8,1662,30.7,48,0,0,0,0,0,0,10.0,5.343157953372448
1618,L48797,L,297.8,307.8,1563,34.3,53,0,0,0,0,0,0,10.0,5.6141203197445675
1619,L48798,L,297.9,307.8,1286,59.5,55,0,0,0,0,0,0,9.900000000000034,8.012841502491007
1620,L48799,L,297.9,307.7,1590,34.6,57,0,0,0,0,0,0,9.800000000000011,5.761052608152963
1621,L48800,L,297.9,307.7,1492,43.7,59,0,0,0,0,0,0,9.800000000000011,6.827769921703865
1622,L48801,L,297.7,307.6,1844,21.9,61,0,0,0,0,0,0,9.900000000000034,4.228960702850292
1623,H31036,H,297.7,307.6,1538,38.3,63,0,0,0,0,0,0,9.900000000000034,6.168559063225606
1624,L48803,L,297.7,307.6,1921,22.9,68,0,0,0,0,0,0,9.900000000000034,4.606716275493441
1625,M16484,M,297.8,307.8,1310,57.9,70,0,0,0,0,0,0,10.0,7.942888706071073
1626,L48805,L,297.9,307.8,1365,46.9,73,0,0,0,0,0,0,9.900000000000034,6.704001643127938
1627,M16486,M,297.9,307.8,1303,59.3,75,0,0,0,0,0,0,9.900000000000034,8.091475566610358
1628,L48807,L,297.9,307.8,1499,37.5,78,0,0,0,0,0,0,9.900000000000034,5.886559234663875
1629,L48808,L,297.9,307.8,1451,38.2,80,0,0,0,0,0,0,9.900000000000034,5.804427530723526
1630,M16489,M,297.9,307.9,1336,54.4,82,0,0,0,0,0,0,10.0,7.610864250488681
1631,L48810,L,297.9,307.9,1412,44.5,85,0,0,0,0,0,0,10.0,6.579961093188702
1632,L48811,L,298.0,308.0,1433,39.2,87,0,0,0,0,0,0,10.0,5.882485636189721
1633,L48812,L,297.9,307.9,1426,43.6,89,0,0,0,0,0,0,10.0,6.510804166907679
1634,L48813,L,297.9,307.9,1476,45.2,91,0,0,0,0,0,0,10.0,6.9863994067591255
1635,H31048,H,297.9,307.9,1406,58.5,93,0,0,0,0,0,0,10.0,8.613304578347135
1636,L48815,L,297.8,307.8,1383,56.5,98,0,0,0,0,0,0,10.0,8.182749305172655
1637,L48816,L,297.9,307.8,1505,37.3,100,0,0,0,0,0,0,9.900000000000034,5.87860053327478
1638,L48817,L,297.9,307.8,1665,33.9,102,0,0,0,0,0,0,9.900000000000034,5.910749498096516
1639,L48818,L,297.9,307.8,1397,45.0,104,0,0,0,0,0,0,9.900000000000034,6.5832074055974115
1640,M16499,M,297.9,307.8,1450,43.5,106,0,0,0,0,0,0,9.900000000000034,6.6051985541725395
1641,L48820,L,298.0,307.8,1567,36.4,109,0,0,0,0,0,0,9.800000000000011,5.973089168319249
1642,M16501,M,298.0,308.0,1555,37.0,111,0,0,0,0,0,0,10.0,6.025051110809625
1643,H31056,H,298.0,307.8,1588,35.4,114,0,0,0,0,0,0,9.800000000000011,5.886841978002698
1644,L48823,L,298.0,307.8,1453,37.7,119,0,0,0,0,0,0,9.800000000000011,5.7363492179202344
1645,L48824,L,298.0,307.8,1622,33.3,121,0,0,0,0,0,0,9.800000000000011,5.6561862453761345
1646,L48825,L,297.9,307.8,1538,38.5,123,0,0,0,0,0,0,9.900000000000034,6.200770859900413
1647,M16506,M,297.9,307.7,1527,42.8,125,0,0,0,0,0,0,9.800000000000011,6.844022427698436
1648,L48827,L,297.8,307.8,1761,28.9,128,0,0,0,0,0,0,10.0,5.329492025329333
1649,L48828,L,297.9,307.8,1373,50.2,130,0,0,0,0,0,0,9.900000000000034,7.217767233720502
1650,H31063,H,298.0,307.9,1482,37.8,132,0,0,0,0,0,0,9.899999999999977,5.866358793901292
1651,M16510,M,298.0,307.9,1417,51.0,137,0,0,0,0,0,0,9.899999999999977,7.567782543232451
1652,L48831,L,298.0,307.8,1414,51.7,140,0,0,0,0,0,0,9.800000000000011,7.655412034316585
1653,H31066,H,297.9,307.8,1635,34.0,142,0,0,0,0,0,0,9.900000000000034,5.821371187101887
1654,L48833,L,298.0,307.8,1386,57.3,147,0,0,0,0,0,0,9.800000000000011,8.316612568142114
1655,L48834,L,298.2,308.1,1379,62.3,149,0,0,0,0,0,0,9.900000000000034,8.996652185913673
1656,M16515,M,298.2,308.0,1577,35.9,151,0,0,0,0,0,0,9.800000000000011,5.928635632270954
1657,L48836,L,298.2,308.1,1532,42.5,154,0,0,0,0,0,0,9.900000000000034,6.818303255841048
1658,M16517,M,298.1,308.0,1374,48.8,156,0,0,0,0,0,0,9.899999999999977,7.02158524447933
1659,H31072,H,298.1,308.0,1570,35.3,159,0,0,0,0,0,0,9.899999999999977,5.803673548486664
1660,L48839,L,298.1,308.0,1697,31.0,164,0,0,0,0,0,0,9.899999999999977,5.508992157579941
1661,L48840,L,298.2,308.0,1499,44.1,166,0,0,0,0,0,0,9.800000000000011,6.922593659964717
1662,M16521,M,298.2,308.0,1411,47.2,168,0,0,0,0,0,0,9.800000000000011,6.974251915165246
1663,H31076,H,298.2,307.9,1462,45.5,171,0,0,0,0,0,0,9.699999999999989,6.966062830314887
1664,M16523,M,298.1,307.9,1759,28.6,176,0,0,0,0,0,0,9.799999999999955,5.268178608706773
1665,L48844,L,298.2,308.0,1535,38.0,179,0,0,0,0,0,0,9.800000000000011,6.108303316129754
1666,H31079,H,298.2,307.9,1491,39.7,181,0,0,0,0,0,0,9.699999999999989,6.1986450488714855
1667,L48846,L,298.2,307.9,1551,36.0,186,0,0,0,0,0,0,9.699999999999989,5.847132246861323
1668,L48847,L,298.2,307.9,1769,27.2,188,0,0,0,0,0,0,9.699999999999989,5.0387795131416455
1669,L48848,L,298.2,307.9,1551,34.1,190,0,0,0,0,0,0,9.699999999999989,5.538533600499198
1670,L48849,L,298.2,307.9,1544,31.4,192,0,0,0,0,0,0,9.699999999999989,5.076981279809297
1671,L48850,L,298.2,307.8,1528,31.1,194,0,0,0,0,0,0,9.600000000000023,4.976366539090328
1672,L48851,L,298.1,307.9,1614,35.8,196,0,0,0,0,0,0,9.799999999999955,6.050833114520085
1673,L48852,L,298.1,307.8,1432,49.8,198,0,0,0,0,0,0,9.699999999999989,7.467942728701368
1674,M16533,M,298.1,307.8,1384,43.7,200,0,0,0,0,0,0,9.699999999999989,6.333534565441119
1675,L48854,L,298.1,307.8,1540,37.8,203,0,0,0,0,0,0,9.699999999999989,6.095946385025633
1676,L48855,L,298.0,307.7,1407,43.9,205,0,0,0,0,0,0,9.699999999999989,6.468256530402561
1677,H31090,H,297.9,307.6,1418,43.0,207,0,0,0,0,0,0,9.700000000000045,6.3851823486661345
1678,M16537,M,297.9,307.5,1647,30.8,212,0,0,0,0,0,0,9.600000000000023,5.312181849808054
1679,L48858,L,298.0,307.5,1644,32.8,215,0,0,0,0,0,0,9.5,5.646824299268437
1680,L48859,L,298.0,307.5,1792,27.9,217,0,0,0,0,0,0,9.5,5.235652652766605
1681,M16540,M,297.9,307.4,1610,34.6,219,0,0,0,0,0,0,9.5,5.833518678695768
1682,M16541,M,297.8,307.3,1804,26.0,222,0,0,0,0,0,0,9.5,4.911775394132522
1683,H31096,H,297.9,307.4,1604,36.1,225,1,1,0,0,0,0,9.5,6.063734588350827
1684,M16543,M,297.9,307.4,1403,52.8,0,0,0,0,0,0,0,9.5,7.757471907656204
1685,L48864,L,297.8,307.3,1438,44.5,3,0,0,0,0,0,0,9.5,6.701121849862148
1686,L48865,L,297.9,307.3,1824,26.3,5,0,0,0,0,0,0,9.400000000000034,5.0235323167962225
1687,H31100,H,297.9,307.3,1663,28.7,7,0,0,0,0,0,0,9.400000000000034,4.998074944326634
1688,L48867,L,297.9,307.3,1502,36.7,12,0,0,0,0,0,0,9.400000000000034,5.772508949363054
1689,L48868,L,297.9,307.4,1606,35.5,14,0,0,0,0,0,0,9.5,5.970387398637163
1690,L48869,L,297.9,307.5,1561,37.7,16,0,0,0,0,0,0,9.600000000000023,6.162726172865442
1691,M16550,M,297.9,307.4,1435,42.9,18,0,0,0,0,0,0,9.5,6.446705204798936
1692,L48871,L,297.9,307.5,1602,38.3,21,0,0,0,0,0,0,9.600000000000023,6.425248126974916
1693,M16552,M,298.1,307.6,1764,27.7,23,0,0,0,0,0,0,9.5,5.116900450460912
1694,H31107,H,298.0,307.5,1683,27.8,26,0,0,0,0,0,0,9.5,4.899565070685569
1695,L48874,L,298.0,307.5,1618,35.2,31,0,0,0,0,0,0,9.5,5.964167045183056
1696,L48875,L,298.0,307.6,1509,41.6,33,0,0,0,0,0,0,9.600000000000023,6.57371979578357
1697,L48876,L,297.9,307.6,1550,39.0,35,0,0,0,0,0,0,9.700000000000045,6.330309196983433
1698,M16557,M,297.9,307.6,1519,44.0,37,0,0,0,0,0,0,9.700000000000045,6.99904955317758
1699,L48878,L,297.9,307.6,1481,38.0,40,0,0,0,0,0,0,9.700000000000045,5.893418378624212
1700,L48879,L,298.1,307.7,1289,48.3,42,0,0,0,0,0,0,9.599999999999966,6.519715818068362
1701,M16560,M,298.0,307.6,1844,23.8,44,0,0,0,0,0,0,9.600000000000023,4.595856836887532
1702,L48881,L,298.0,307.7,1479,42.5,47,0,0,0,0,0,0,9.699999999999989,6.582422007434014
1703,L48882,L,298.0,307.7,1430,47.3,49,0,0,0,0,0,0,9.699999999999989,7.083139516538668
1704,M16563,M,298.1,307.8,1636,36.7,51,0,0,0,0,0,0,9.699999999999989,6.287499761090516
1705,M16564,M,298.1,307.8,1503,44.7,54,0,0,0,0,0,0,9.699999999999989,7.0355024999347355
1706,M16565,M,298.1,307.8,1608,32.6,57,0,0,0,0,0,0,9.699999999999989,5.489493339176661
1707,L48886,L,298.2,307.8,1521,42.9,60,0,0,0,0,0,0,9.600000000000023,6.833058269337408
1708,L48887,L,298.2,307.8,1439,41.6,62,0,0,0,0,0,0,9.600000000000023,6.268775868875121
1709,L48888,L,298.2,307.8,1627,31.5,64,0,0,0,0,0,0,9.600000000000023,5.366939809760123
1710,L48889,L,298.2,307.8,1749,26.1,66,0,0,0,0,0,0,9.600000000000023,4.780341629481837
1711,L48890,L,298.2,307.8,1530,35.9,68,0,0,0,0,0,0,9.600000000000023,5.751941989457552
1712,L48891,L,298.2,307.8,1355,51.3,70,0,0,0,0,0,0,9.600000000000023,7.27922725800023
1713,L48892,L,298.3,307.9,1551,33.8,72,0,0,0,0,0,0,9.599999999999966,5.48980749844202
1714,L48893,L,298.2,307.8,1515,46.7,74,0,0,0,0,0,0,9.600000000000023,7.40897503459349
1715,L48894,L,298.2,307.8,1388,48.6,76,0,0,0,0,0,0,9.600000000000023,7.0640595771558665
1716,L48895,L,298.2,307.8,1585,34.6,78,0,0,0,0,0,0,9.600000000000023,5.7429360905172615
1717,L48896,L,298.1,307.7,1523,37.7,80,0,0,0,0,0,0,9.599999999999966,6.012704651681018
1718,L48897,L,298.2,307.6,1369,54.5,82,0,0,0,0,0,0,9.400000000000034,7.813193289355375
1719,M16578,M,298.2,307.7,1681,31.0,84,0,0,0,0,0,0,9.5,5.45705115904059
1720,L48899,L,298.2,307.7,1503,38.3,87,0,0,0,0,0,0,9.5,6.028182231487702
1721,L48900,L,298.2,307.7,1459,44.5,89,0,0,0,0,0,0,9.5,6.798982461021471
1722,L48901,L,298.2,307.7,1688,32.4,91,0,0,0,0,0,0,9.5,5.727249071200337
1723,M16582,M,298.2,307.7,1952,21.6,93,0,0,0,0,0,0,9.5,4.4153199790612385
1724,L48903,L,298.2,307.8,2029,19.9,96,0,0,0,0,0,0,9.600000000000023,4.228280024442015
1725,M16584,M,298.3,307.8,1457,52.5,98,0,0,0,0,0,0,9.5,8.010275868490575
1726,M16585,M,298.3,307.8,1392,50.4,101,0,0,0,0,0,0,9.5,7.346802915978945
1727,L48906,L,298.3,307.8,1906,22.1,104,0,0,0,0,0,0,9.5,4.411068357003382
1728,M16587,M,298.3,307.7,1602,33.4,106,0,0,0,0,0,0,9.399999999999977,5.603218993236612
1729,L48908,L,298.3,307.7,1465,49.4,109,0,0,0,0,0,0,9.399999999999977,7.578673397764898
1730,M16589,M,298.3,307.7,1439,43.8,111,0,0,0,0,0,0,9.399999999999977,6.60029766963294
1731,M16590,M,298.3,307.8,1330,55.4,114,0,0,0,0,0,0,9.5,7.71596099672677
1732,M16591,M,298.3,307.9,1485,42.0,117,0,0,0,0,0,0,9.599999999999966,6.53137112681318
1733,H31146,H,298.4,307.9,1700,28.2,120,0,0,0,0,0,0,9.5,5.02026506043649
1734,L48913,L,298.4,308.0,1515,42.8,125,0,0,0,0,0,0,9.600000000000023,6.790238361468978
1735,M16594,M,298.5,308.1,1501,39.2,127,0,0,0,0,0,0,9.600000000000023,6.161626615436686
1736,L48915,L,298.4,308.0,1380,47.6,130,0,0,0,0,0,0,9.600000000000023,6.878831274300211
1737,L48916,L,298.4,307.9,1544,35.9,132,0,0,0,0,0,0,9.5,5.804574138380692
1738,L48917,L,298.4,307.9,1743,27.3,134,0,0,0,0,0,0,9.5,4.982974355638378
1739,H31152,H,298.4,307.9,1948,21.4,136,0,0,0,0,0,0,9.5,4.365473375624281
1740,H31153,H,298.5,307.9,1260,54.2,141,0,0,0,0,0,0,9.399999999999977,7.151521516631805
1741,M16600,M,298.5,307.9,1640,33.1,146,0,0,0,0,0,0,9.399999999999977,5.684607186915612
1742,M16601,M,298.5,308.0,1363,49.2,149,0,0,0,0,0,0,9.5,7.022464890422338
1743,L48922,L,298.5,308.0,1379,49.6,152,0,0,0,0,0,0,9.5,7.162663698576537
1744,M16603,M,298.5,308.0,1713,25.8,154,0,0,0,0,0,0,9.5,4.628131465415412
1745,M16604,M,298.5,308.0,1461,51.9,157,0,0,0,0,0,0,9.5,7.94046967972781
1746,L48925,L,298.5,308.0,1624,29.8,160,0,0,0,0,0,0,9.5,5.067933492966959
1747,L48926,L,298.4,308.0,1526,41.1,162,0,0,0,0,0,0,9.600000000000023,6.567876433447894
1748,L48927,L,298.4,307.9,2381,14.2,164,0,0,0,0,0,0,9.5,3.54059586454672
1749,H31162,H,298.4,307.7,1626,31.1,166,0,0,0,0,0,1,9.300000000000011,5.295531408744027
1750,L48929,L,298.3,307.7,1576,33.8,171,0,0,0,0,0,0,9.399999999999977,5.578295691518131
1751,M16610,M,298.4,307.8,1617,31.6,173,0,0,0,0,0,0,9.400000000000034,5.350886271300279
1752,L48931,L,298.3,307.6,1942,20.6,176,0,0,0,0,0,0,9.300000000000011,4.189334747513013
1753,L48932,L,298.2,307.6,1492,37.2,178,0,0,0,0,0,0,9.400000000000034,5.812197736553405
1754,L48933,L,298.2,307.5,1470,51.3,180,0,0,0,0,0,0,9.300000000000011,7.897021453328662
1755,M16614,M,298.0,307.4,1463,46.5,182,0,0,0,0,0,0,9.399999999999977,7.124032580912894
1756,L48935,L,298.0,307.3,1424,46.5,185,0,0,0,0,0,0,9.300000000000011,6.934123305003391
1757,M16616,M,298.1,307.4,1363,60.1,187,0,0,0,0,0,0,9.299999999999955,8.578254876308586
1758,M16617,M,298.1,307.4,1335,56.2,190,0,0,0,0,0,0,9.299999999999955,7.856809067362714
1759,L48938,L,298.1,307.4,1608,33.9,193,0,0,0,0,0,0,9.299999999999955,5.708399515278797
1760,H31173,H,298.0,307.4,1606,35.2,195,0,0,0,0,0,0,9.399999999999977,5.919933420620511
1761,L48940,L,298.1,307.5,1684,33.1,200,0,0,0,0,0,0,9.399999999999977,5.837121038271883
1762,L48941,L,298.1,307.6,1950,20.3,202,0,0,0,0,0,0,9.5,4.145331506411733
1763,H31176,H,298.2,307.6,1460,48.6,204,0,0,0,0,0,0,9.400000000000034,7.430494944270579
1764,L48943,L,298.2,307.6,1511,31.0,209,1,1,0,0,0,0,9.400000000000034,4.905178049559983
1765,H31178,H,298.2,307.6,1318,55.7,0,0,0,0,0,0,0,9.400000000000034,7.687749494697535
1766,L48945,L,298.2,307.6,1368,51.8,5,0,0,0,0,0,0,9.400000000000034,7.420693175191378
1767,M16626,M,298.3,307.7,1717,27.1,7,0,0,0,0,0,0,9.399999999999977,4.872683509546352
1768,M16627,M,298.3,307.7,1520,41.4,10,0,0,0,0,0,0,9.399999999999977,6.589804750169949
1769,M16628,M,298.3,307.8,1485,42.0,13,0,0,0,0,0,0,9.5,6.53137112681318
1770,L48949,L,298.4,307.9,1981,23.2,16,0,0,0,0,0,0,9.5,4.812836169495467
1771,H31184,H,298.4,307.9,1605,31.0,18,0,0,0,0,0,0,9.5,5.210331415978671
1772,L48951,L,298.4,307.9,1446,45.3,23,0,0,0,0,0,0,9.5,6.859541895407169
1773,L48952,L,298.4,308.0,1508,47.9,25,0,0,0,0,0,0,9.600000000000023,7.564243015509407
1774,L48953,L,298.5,308.0,1384,59.5,27,0,0,0,0,0,0,9.5,8.623462394593743
1775,M16634,M,298.5,308.0,1519,37.3,29,0,0,0,0,0,0,9.5,5.933285189398267
1776,L48955,L,298.5,308.0,1404,48.1,32,0,0,0,0,0,0,9.5,7.071976390642913
1777,L48956,L,298.5,308.1,1564,31.1,34,0,0,0,0,0,0,9.600000000000023,5.093610776922299
1778,H31191,H,298.6,308.2,1555,36.8,36,0,0,0,0,0,0,9.599999999999966,5.99248326696741
1779,L48958,L,298.6,308.2,1325,54.0,41,0,0,0,0,0,0,9.599999999999966,7.492698478811656
1780,M16639,M,298.6,308.2,1488,44.0,43,0,0,0,0,0,0,9.599999999999966,6.856211807194364
1781,L48960,L,298.5,308.2,1595,32.3,46,0,0,0,0,0,0,9.699999999999989,5.395004704132192
1782,L48961,L,298.5,308.1,1662,28.6,48,0,0,0,0,0,0,9.600000000000023,4.977665064053813
1783,L48962,L,298.4,308.0,1571,37.4,50,0,0,0,0,0,0,9.600000000000023,6.152851099957657
1784,H31197,H,298.3,308.0,1553,41.0,52,0,0,0,0,0,0,9.699999999999989,6.667820967734095
1785,L48964,L,298.3,308.0,2886,3.8,57,1,0,0,1,0,0,9.699999999999989,1.1484406104462845
1786,L48965,L,298.2,308.0,1538,38.2,59,0,0,0,0,0,0,9.800000000000011,6.152453164888203
1787,L48966,L,298.4,308.2,1618,33.0,61,0,0,0,0,0,0,9.800000000000011,5.591406604859114
1788,L48967,L,298.4,308.2,1364,45.9,63,0,0,0,0,0,0,9.800000000000011,6.556252540629611
1789,L48968,L,298.3,308.0,1442,47.3,65,0,0,0,0,0,0,9.699999999999989,7.142578449544586
1790,L48969,L,298.2,307.9,1313,67.3,67,1,0,0,1,0,0,9.699999999999989,9.253550689173224
1791,L48970,L,298.2,307.9,1847,23.6,69,0,0,0,0,0,0,9.699999999999989,4.564650349861874
1792,L48971,L,298.1,307.8,1524,40.8,71,0,0,0,0,0,0,9.699999999999989,6.511390597536348
1793,M16652,M,298.1,307.7,1445,48.0,73,0,0,0,0,0,0,9.599999999999966,7.263362215099603
1794,L48973,L,298.1,307.8,1761,28.2,76,0,0,0,0,0,0,9.699999999999989,5.200403983193329
1795,M16654,M,298.1,307.8,1514,43.5,78,0,0,0,0,0,0,9.699999999999989,6.896738352425672
1796,M16655,M,298.1,307.7,1498,38.3,81,0,0,0,0,0,0,9.599999999999966,6.008128398382288
1797,H31210,H,298.1,307.6,1542,37.1,84,0,0,0,0,0,0,9.5,5.990828694836521
1798,M16657,M,298.0,307.6,1508,41.8,89,0,0,0,0,0,0,9.600000000000023,6.600946932114682
1799,M16658,M,298.0,307.5,1431,52.9,92,0,0,0,0,0,0,9.5,7.927274990582732
1800,M16659,M,298.0,307.5,1427,45.1,95,0,0,0,0,0,0,9.5,6.739522584064527
1801,M16660,M,298.0,307.5,1524,36.3,98,0,0,0,0,0,0,9.5,5.793222516925721
1802,M16661,M,298.0,307.5,1427,43.6,101,0,0,0,0,0,0,9.5,6.515369948230896
1803,H31216,H,298.1,307.6,1496,44.1,104,0,0,0,0,0,0,9.5,6.908739236362385
1804,L48983,L,298.1,307.7,1388,40.3,109,0,0,0,0,0,0,9.599999999999966,5.857646110275336
1805,L48984,L,298.1,307.7,1495,48.1,111,0,0,0,0,0,0,9.599999999999966,7.530345230777175
1806,H31219,H,298.1,307.7,1376,56.2,113,0,0,0,0,0,0,9.599999999999966,8.098104327109434
1807,H31220,H,298.0,307.6,1593,32.2,118,0,0,0,0,0,0,9.600000000000023,5.3715579509608995
1808,L48987,L,298.0,307.6,1654,28.9,123,0,0,0,0,0,0,9.600000000000023,5.005667126572809
1809,L48988,L,298.1,307.7,2567,12.8,125,1,0,0,1,0,0,9.599999999999966,3.440839825819733
1810,L48989,L,298.1,307.7,1767,27.0,127,0,0,0,0,0,0,9.599999999999966,4.996074797003848
1811,L48990,L,298.1,307.6,1364,53.8,129,0,0,0,0,0,0,9.5,7.684670733897017
1812,M16671,M,298.1,307.8,1569,31.2,131,0,0,0,0,0,0,9.699999999999989,5.126325228421681
1813,L48992,L,298.2,307.8,1476,36.8,134,0,0,0,0,0,0,9.600000000000023,5.688041994883535
1814,L48993,L,298.1,307.7,1479,45.0,136,0,0,0,0,0,0,9.599999999999966,6.969623301988957
1815,L48994,L,298.1,307.7,1650,34.1,138,0,0,0,0,0,0,9.599999999999966,5.892057021807657
1816,M16675,M,298.1,307.6,1565,36.3,140,0,0,0,0,0,0,9.5,5.949076928470311
1817,L48996,L,298.1,307.6,1460,46.5,143,0,0,0,0,0,0,9.5,7.109424175073701
1818,L48997,L,298.1,307.7,1664,27.6,145,0,0,0,0,0,0,9.599999999999966,4.809401361527543
1819,M16678,M,298.1,307.7,1435,40.9,147,0,0,0,0,0,0,9.599999999999966,6.146159507605511
1820,M16679,M,298.1,307.6,2066,19.2,150,0,0,0,0,0,0,9.5,4.153939470282569
1821,L49000,L,298.1,307.5,1493,43.7,153,0,0,0,0,0,0,9.399999999999977,6.832346175002595
1822,L49001,L,298.1,307.6,1354,43.3,155,0,0,0,0,0,0,9.5,6.139530747106436
1823,L49002,L,298.1,307.6,1488,39.4,157,0,0,0,0,0,0,9.5,6.139426027351317
1824,L49003,L,298.1,307.7,1414,48.7,159,0,0,0,0,0,0,9.599999999999966,7.211190833098987
1825,L49004,L,298.1,307.5,1391,57.4,161,0,0,0,0,0,0,9.399999999999977,8.361181295921043
1826,M16685,M,298.0,307.5,1784,27.8,163,0,0,0,0,0,0,9.5,5.19359719911055
1827,H31240,H,297.8,307.3,1516,40.1,166,0,0,0,0,0,0,9.5,6.366081465332309
1828,M16687,M,297.9,307.3,1420,47.8,171,0,0,0,0,0,0,9.400000000000034,7.107958098502027
1829,L49008,L,297.8,307.2,1351,56.3,174,0,0,0,0,0,0,9.399999999999977,7.965120710082977
1830,L49009,L,297.8,307.2,1880,23.0,176,0,0,0,0,0,0,9.399999999999977,4.5280822113740875
1831,L49010,L,297.8,307.3,1859,24.0,178,0,0,0,0,0,0,9.5,4.67217659441874
1832,M16691,M,297.8,307.3,1315,54.0,180,0,0,0,0,0,0,9.5,7.4361498110470405
1833,M16692,M,297.8,307.4,1330,51.7,183,0,0,0,0,0,0,9.599999999999966,7.200635081782926
1834,L49013,L,297.8,307.3,1327,61.0,186,1,0,0,0,1,0,9.5,8.4767500176711
1835,L49014,L,297.8,307.2,1498,38.1,188,0,0,0,0,0,0,9.399999999999977,5.976754359748438
1836,H31249,H,297.8,307.3,1555,35.8,190,0,0,0,0,0,0,9.5,5.82964404775634
1837,L49016,L,297.7,307.2,1518,35.8,195,0,0,0,0,0,0,9.5,5.690932260124838
1838,L49017,L,297.7,307.2,1392,43.0,197,0,0,0,0,0,0,9.5,6.268105662442355
1839,M16698,M,297.8,307.2,1456,39.6,199,0,0,0,0,0,0,9.399999999999977,6.0378897527872954
1840,L49019,L,297.7,307.1,1715,30.2,0,0,0,0,0,0,0,9.400000000000034,5.423750276912538
1841,M16700,M,297.7,307.2,1405,43.7,2,0,0,0,0,0,0,9.5,6.429635884714431
1842,L49021,L,297.7,307.2,1668,37.8,5,0,0,0,0,0,0,9.5,6.602622448196596
1843,H31256,H,297.7,307.1,1855,22.5,7,0,0,0,0,0,0,9.400000000000034,4.370740779306799
1844,L49023,L,297.6,307.1,1496,39.2,12,0,0,0,0,0,0,9.5,6.1411015434332334
1845,M16704,M,297.6,307.1,1471,44.9,14,0,0,0,0,0,0,9.5,6.916519914167776
1846,L49025,L,297.7,307.2,1444,40.0,17,0,0,0,0,0,0,9.5,6.048613055711549
1847,H31260,H,297.7,307.3,1514,38.6,19,0,0,0,0,0,0,9.600000000000023,6.119864377094966
1848,L49027,L,297.8,307.3,1412,50.7,24,0,0,0,0,0,0,9.5,7.4967197174082525
1849,H31262,H,297.7,307.2,1429,44.1,26,0,0,0,0,0,0,9.5,6.599323775910327
1850,L49029,L,297.7,307.2,1668,32.7,31,0,0,0,0,0,0,9.5,5.711792435344675
1851,M16710,M,297.7,307.2,1372,52.8,33,0,0,0,0,0,0,9.5,7.586066612476346
1852,M16711,M,297.7,307.3,1365,49.2,36,0,0,0,0,0,0,9.600000000000023,7.032769314326112
1853,M16712,M,297.6,307.1,1526,39.1,39,0,0,0,0,0,0,9.5,6.248271740822692
1854,L49033,L,297.6,307.2,1486,40.6,42,0,0,0,0,0,0,9.599999999999966,6.317910377977266
1855,M16714,M,297.6,307.2,1470,42.6,44,0,0,0,0,0,0,9.599999999999966,6.557760505103335
1856,H31269,H,297.7,307.3,1249,62.8,47,0,0,0,0,0,0,9.600000000000023,8.213924376271777
1857,M16716,M,297.8,307.4,1752,26.1,52,0,0,0,0,0,0,9.599999999999966,4.788541186307706
1858,L49037,L,297.7,307.4,1643,36.5,55,0,0,0,0,0,0,9.699999999999989,6.279991354648436
1859,M16718,M,297.8,307.4,1488,36.1,57,0,0,0,0,0,0,9.599999999999966,5.62521014181174
1860,L49039,L,297.8,307.4,1355,45.8,60,0,0,0,0,0,0,9.599999999999966,6.498803282970965
1861,L49040,L,297.8,307.6,1607,30.3,62,0,0,0,0,0,0,9.800000000000011,5.0990247882619855
1862,M16721,M,297.9,307.6,1609,30.3,64,0,0,0,0,0,0,9.700000000000045,5.105370805422237
1863,L49042,L,297.9,307.7,1517,44.4,67,0,0,0,0,0,0,9.800000000000011,7.05337816213366
1864,M16723,M,297.9,307.7,1517,39.5,69,0,0,0,0,0,0,9.800000000000011,6.274964806402694
1865,L49044,L,297.9,307.7,1546,37.6,72,0,0,0,0,0,0,9.800000000000011,6.087317477203775
1866,L49045,L,297.9,307.7,1567,34.7,74,0,0,0,0,0,0,9.800000000000011,5.694126212655989
1867,M16726,M,298.1,307.9,1662,28.9,76,0,0,0,0,0,0,9.799999999999955,5.029878333956474
1868,L49047,L,298.1,307.9,1502,41.8,79,0,0,0,0,0,0,9.799999999999955,6.574683217530672
1869,L49048,L,298.3,308.0,1361,56.9,81,0,0,0,0,0,0,9.699999999999989,8.109592084246062
1870,M16729,M,298.3,308.1,1630,32.7,83,0,0,0,0,0,0,9.800000000000011,5.581667667632987
1871,L49050,L,298.3,308.0,1486,42.3,86,0,0,0,0,0,0,9.699999999999989,6.58245342336055
1872,L49051,L,298.3,308.1,1840,21.5,88,0,0,0,0,0,0,9.800000000000011,4.14271351253374
1873,L49052,L,298.3,308.1,1326,58.4,90,0,0,0,0,0,0,9.800000000000011,8.10933028485826
1874,L49053,L,298.4,308.1,1367,57.8,92,0,0,0,0,0,0,9.700000000000045,8.27418012336763
1875,L49054,L,298.4,308.1,1598,32.7,94,0,0,0,0,0,0,9.700000000000045,5.472088915875775
1876,L49055,L,298.3,308.0,1363,50.1,96,0,0,0,0,0,0,9.699999999999989,7.150924614027622
1877,L49056,L,298.3,308.0,1242,62.0,98,0,0,0,0,0,0,9.699999999999989,8.063840023234281
1878,M16737,M,298.2,307.8,1566,33.8,100,0,0,0,0,0,0,9.600000000000023,5.542900414287686
1879,M16738,M,298.1,307.7,1424,47.7,103,0,0,0,0,0,0,9.599999999999966,7.1130684225518666
1880,M16739,M,298.2,307.7,1608,33.8,106,0,0,0,0,0,0,9.5,5.691560578655555
1881,L49060,L,298.1,307.7,1705,29.1,109,0,0,0,0,0,0,9.599999999999966,5.19572301013948
1882,L49061,L,298.0,307.6,1548,45.8,111,0,0,0,0,0,0,9.600000000000023,7.4244630863756855
1883,M16742,M,298.0,307.6,1581,43.4,113,0,0,0,0,0,0,9.600000000000023,7.185387885437503
1884,M16743,M,298.0,307.6,1472,46.7,116,0,0,0,0,0,0,9.600000000000023,7.1986872943377005
1885,M16744,M,298.0,307.6,1792,26.0,119,0,0,0,0,0,0,9.600000000000023,4.87910283053519
1886,L49065,L,298.0,307.6,1683,32.8,122,0,0,0,0,0,0,9.600000000000023,5.780781810017506
1887,L49066,L,297.9,307.6,1503,40.7,124,0,0,0,0,0,0,9.700000000000045,6.40592733215534
1888,M16747,M,297.9,307.5,1642,32.4,126,0,0,0,0,0,0,9.600000000000023,5.571174748169996
1889,M16748,M,297.8,307.4,1902,24.3,129,0,0,0,0,0,0,9.599999999999966,4.8400004739735065
1890,H31303,H,297.7,307.4,1432,40.2,132,0,0,0,0,0,0,9.699999999999989,6.028339311120383
1891,L49070,L,297.8,307.4,1512,40.8,137,0,0,0,0,0,0,9.599999999999966,6.460119805429762
1892,L49071,L,297.7,307.4,1764,29.0,139,0,0,0,0,0,0,9.699999999999989,5.357043792901315
1893,M16752,M,297.8,307.4,1438,43.6,141,0,0,0,0,0,0,9.599999999999966,6.565593542786285
1894,L49073,L,297.8,307.5,1631,29.9,144,0,0,0,0,0,0,9.699999999999989,5.106857825944936
1895,H31308,H,297.9,307.5,1880,23.3,146,0,0,0,0,0,0,9.600000000000023,4.587144153261576
1896,L49075,L,297.9,307.6,1344,54.3,151,0,0,0,0,0,0,9.700000000000045,7.642363952828674
1897,L49076,L,297.9,307.5,1574,35.8,153,0,0,0,0,0,0,9.600000000000023,5.900874425188732
1898,L49077,L,297.8,307.4,1418,41.2,155,0,0,0,0,0,0,9.599999999999966,6.117895645698717
1899,L49078,L,297.8,307.5,1372,54.1,157,0,0,0,0,0,0,9.699999999999989,7.77284476770777
1900,L49079,L,297.8,307.5,1388,40.0,159,0,0,0,0,0,0,9.699999999999989,5.814040804243511
1901,H31314,H,297.9,307.6,1493,36.0,161,0,0,0,0,0,0,9.700000000000045,5.628477398171474
1902,M16761,M,297.9,307.6,1505,40.1,166,0,0,0,0,0,0,9.700000000000045,6.3198895813490275
1903,L49082,L,298.0,307.6,1694,29.1,169,0,0,0,0,0,0,9.600000000000023,5.162202216525677
1904,L49083,L,297.9,307.6,1968,20.4,171,0,0,0,0,0,0,9.700000000000045,4.204204952740004
1905,M16764,M,298.0,307.6,1569,35.6,173,0,0,0,0,0,0,9.600000000000023,5.849268529865764
1906,L49085,L,297.9,307.6,1687,29.1,176,0,0,0,0,0,0,9.700000000000045,5.140870802407802
1907,L49086,L,297.9,307.6,1430,52.4,178,0,0,0,0,0,0,9.700000000000045,7.846860690626346
1908,L49087,L,297.9,307.6,1504,42.4,180,0,0,0,0,0,0,9.700000000000045,6.677936896078655
1909,L49088,L,297.9,307.6,1977,20.2,182,0,0,0,0,0,0,9.700000000000045,4.1820253086056605
1910,L49089,L,298.0,307.7,1435,45.6,184,0,0,0,0,0,0,9.699999999999989,6.852441896010057
1911,H31324,H,298.0,307.7,1547,36.8,186,0,0,0,0,0,0,9.699999999999989,5.961653771060182
1912,M16771,M,298.1,307.8,1316,57.2,191,0,0,0,0,0,0,9.699999999999989,7.882800510583414
1913,M16772,M,298.0,307.7,1621,34.9,194,0,0,0,0,0,0,9.699999999999989,5.924300234409
1914,M16773,M,298.0,307.8,1492,40.2,197,0,0,0,0,0,0,9.800000000000011,6.280923360469003
1915,L49094,L,298.0,307.7,1643,32.3,200,0,0,0,0,0,0,9.699999999999989,5.557362212469712
1916,L49095,L,298.0,307.7,1492,38.7,202,0,0,0,0,0,0,9.699999999999989,6.046560548511203
1917,L49096,L,298.0,307.7,1387,50.8,204,0,0,0,0,0,0,9.699999999999989,7.37851205782918
1918,M16777,M,298.1,307.9,1463,47.3,206,0,0,0,0,0,0,9.799999999999955,7.246596582304945
1919,M16778,M,298.1,307.9,1496,40.0,0,0,0,0,0,0,0,9.799999999999955,6.266430146360441
1920,L49099,L,298.2,308.0,1658,30.0,3,0,0,0,0,0,0,9.800000000000011,5.208760619651876
1921,L49100,L,298.1,307.9,2161,17.5,5,0,0,0,0,0,0,9.799999999999955,3.9602393392377335
1922,L49101,L,298.1,307.9,1665,32.0,7,0,0,0,0,0,0,9.799999999999955,5.579468552775473
1923,L49102,L,298.0,307.8,1716,26.6,9,0,0,0,0,0,0,9.800000000000011,4.779996054289942
1924,L49103,L,298.0,307.7,1529,34.1,11,0,0,0,0,0,0,9.699999999999989,5.4599728402084295
1925,L49104,L,297.9,307.7,1353,50.7,13,0,0,0,0,0,0,9.800000000000011,7.183471513918814
1926,L49105,L,297.9,307.7,1537,37.7,15,0,0,0,0,0,0,9.800000000000011,6.067975738433174
1927,L49106,L,298.0,307.7,1606,30.8,17,0,0,0,0,0,0,9.699999999999989,5.179941743042947
1928,H31341,H,298.0,307.8,1314,47.8,19,0,0,0,0,0,0,9.800000000000011,6.577364043261735
1929,L49108,L,298.0,307.8,1623,29.9,24,0,0,0,0,0,0,9.800000000000011,5.081808860520313
1930,M16789,M,298.0,307.8,1483,50.9,26,0,0,0,0,0,0,9.800000000000011,7.9047392992809815
1931,M16790,M,298.1,307.9,1569,37.0,29,0,0,0,0,0,0,9.799999999999955,6.0792959439616086
1932,M16791,M,298.2,308.0,1969,21.7,32,0,0,0,0,0,0,9.800000000000011,4.474392392924239
1933,M16792,M,298.1,308.0,1686,29.3,35,0,0,0,0,0,0,9.899999999999977,5.173134958960169
1934,L49113,L,298.1,308.0,1638,35.1,38,0,0,0,0,0,0,9.899999999999977,6.020736656898695
1935,L49114,L,298.1,307.9,1698,33.3,40,0,0,0,0,0,0,9.799999999999955,5.92121100163297
1936,M16795,M,298.1,307.9,1377,55.1,42,0,0,0,0,0,0,9.799999999999955,7.945370564267409
1937,M16796,M,298.1,308.0,2129,18.4,45,0,0,0,0,0,0,9.899999999999977,4.102249799155504
1938,L49117,L,298.2,308.0,1411,42.4,48,0,0,0,0,0,0,9.800000000000011,6.265005957690812
1939,L49118,L,298.1,307.9,1517,40.8,50,0,0,0,0,0,0,9.799999999999955,6.481482635474173
1940,M16799,M,298.1,307.9,1303,53.9,52,0,0,0,0,0,0,9.799999999999955,7.3546464256374104
1941,L49120,L,298.1,307.9,1578,35.6,55,0,0,0,0,0,0,9.799999999999955,5.882820739406104
1942,L49121,L,298.1,307.9,1425,58.2,57,0,0,0,0,0,0,9.799999999999955,8.684932890848982
1943,L49122,L,298.1,308.0,1456,42.4,59,0,0,0,0,0,0,9.899999999999977,6.464811250459124
1944,L49123,L,298.1,308.0,1704,30.9,61,0,0,0,0,0,0,9.899999999999977,5.513872098168517
1945,L49124,L,298.1,308.1,1791,27.3,63,0,0,0,0,0,0,10.0,5.120199122747182
1946,L49125,L,298.1,308.1,1616,32.8,65,0,0,0,0,0,0,10.0,5.550649676166542
1947,L49126,L,298.2,308.1,1622,34.9,67,0,0,0,0,0,0,9.900000000000034,5.927954953862676
1948,L49127,L,298.2,308.1,1462,49.9,69,0,0,0,0,0,0,9.900000000000034,7.639704071048635
1949,L49128,L,298.1,308.1,1410,45.8,71,0,0,0,0,0,0,10.0,6.762592346117389
1950,M16809,M,298.1,308.0,1543,41.9,73,0,0,0,0,0,0,9.899999999999977,6.770310192069707
1951,M16810,M,298.0,307.9,1479,47.6,76,0,0,0,0,0,0,9.899999999999977,7.372312648326096
1952,L49131,L,298.0,307.8,1839,22.7,79,0,0,0,0,0,0,9.800000000000011,4.371557593396733
1953,L49132,L,298.0,307.8,1266,60.5,81,0,0,0,0,0,0,9.800000000000011,8.020800203880102
1954,L49133,L,297.9,307.7,1593,34.9,83,0,0,0,0,0,0,9.800000000000011,5.821968089706069
1955,L49134,L,297.9,307.8,1459,46.9,85,0,0,0,0,0,0,9.900000000000034,7.165669155548471
1956,L49135,L,297.9,307.7,1308,55.2,87,0,0,0,0,0,0,9.800000000000011,7.560933871247627
1957,M16816,M,297.9,307.7,1364,46.8,89,0,0,0,0,0,0,9.800000000000011,6.684806512014505
1958,H31371,H,297.9,307.7,1618,35.9,92,0,0,0,0,0,0,9.800000000000011,6.082772639831582
1959,H31372,H,297.9,307.7,1464,43.2,97,0,0,0,0,0,0,9.800000000000011,6.622979968591858
1960,M16819,M,297.8,307.6,1352,49.4,102,0,0,0,0,0,0,9.800000000000011,6.994106780735932
1961,L49140,L,297.8,307.6,1446,51.4,105,0,0,0,0,0,0,9.800000000000011,7.783232967415641
1962,L49141,L,297.8,307.5,1448,51.2,107,0,0,0,0,0,0,9.699999999999989,7.763671317159289
1963,L49142,L,297.8,307.5,1391,48.6,109,0,0,0,0,0,0,9.699999999999989,7.079327717452312
1964,L49143,L,297.7,307.5,1379,43.3,111,0,0,0,0,0,0,9.800000000000011,6.252889882023467
1965,M16824,M,297.8,307.5,1405,46.9,113,0,0,0,0,0,0,9.699999999999989,6.9004559037324205
1966,L49145,L,297.8,307.5,1581,33.1,116,0,0,0,0,0,0,9.699999999999989,5.4800999771424275
1967,L49146,L,297.9,307.6,1515,40.5,118,0,0,0,0,0,0,9.700000000000045,6.425342374754525
1968,L49147,L,297.9,307.6,1589,37.8,120,0,0,0,0,0,0,9.700000000000045,6.289908315458268
1969,L49148,L,298.0,307.6,1281,50.8,122,0,0,0,0,0,0,9.600000000000023,6.814617120460835
1970,H31383,H,297.8,307.5,1631,31.3,124,0,0,0,0,0,0,9.699999999999989,5.345974914785167
1971,M16830,M,297.9,307.6,1202,67.0,129,0,0,0,0,0,0,9.700000000000045,8.43350075880668
1972,L49151,L,297.9,307.6,1298,52.7,132,0,0,0,0,0,0,9.700000000000045,7.1633129610582795
1973,L49152,L,297.9,307.6,1612,30.7,134,0,0,0,0,0,0,9.700000000000045,5.182413129263771
1974,L49153,L,297.9,307.6,1747,25.3,136,0,0,0,0,0,0,9.700000000000045,4.628518928509354
1975,L49154,L,298.0,307.6,1450,48.7,138,0,0,0,0,0,0,9.600000000000023,7.394785507774776
1976,L49155,L,298.0,307.7,1422,45.6,140,0,0,0,0,0,0,9.699999999999989,6.790364025175123
1977,M16836,M,298.1,307.7,1419,47.4,142,0,0,0,0,0,0,9.599999999999966,7.0435135612013875
1978,M16837,M,298.1,307.7,1633,30.7,145,0,0,0,0,0,0,9.599999999999966,5.249925955389414
1979,L49158,L,298.0,307.7,1442,43.6,148,0,0,0,0,0,0,9.699999999999989,6.583856668079154
1980,H31393,H,298.0,307.6,1420,45.8,150,0,0,0,0,0,0,9.600000000000023,6.810553993962192
1981,M16840,M,298.0,307.6,1301,58.5,155,0,0,0,0,0,0,9.600000000000023,7.970063482524625
1982,L49161,L,298.0,307.6,1385,45.0,158,0,0,0,0,0,0,9.600000000000023,6.526658737832796
1983,M16842,M,298.0,307.7,1487,41.3,160,0,0,0,0,0,0,9.699999999999989,6.431164793139176
1984,M16843,M,298.0,307.6,1459,44.4,163,0,0,0,0,0,0,9.600000000000023,6.783703848749512
1985,M16844,M,298.0,307.5,1387,45.5,166,0,0,0,0,0,0,9.5,6.6087066659690485
1986,L49165,L,298.1,307.7,1537,40.8,169,0,0,0,0,0,0,9.599999999999966,6.566933955651815
1987,L49166,L,298.1,307.6,1498,42.9,171,0,0,0,0,0,0,9.5,6.72973128696084
1988,M16847,M,298.2,307.8,1599,31.2,173,0,0,0,0,0,0,9.600000000000023,5.224342919213683
1989,H31402,H,298.3,307.9,1420,39.2,176,0,0,0,0,0,0,9.599999999999966,5.829120448980742
1990,L49169,L,298.2,307.9,1785,23.4,181,0,0,0,0,0,0,9.699999999999989,4.3740394515930685
1991,L49170,L,298.2,307.8,1423,48.1,183,0,0,0,0,0,0,9.600000000000023,7.167679774846769
1992,M16851,M,298.2,307.8,1583,36.6,185,0,0,0,0,0,0,9.600000000000023,6.067232228171824
1993,L49172,L,298.2,307.8,1375,46.6,188,0,0,0,0,0,0,9.600000000000023,6.7099183092922
1994,M16853,M,298.3,308.0,1463,42.5,190,0,0,0,0,0,0,9.699999999999989,6.511212573952645
1995,M16854,M,298.2,307.9,1403,45.1,193,0,0,0,0,0,0,9.699999999999989,6.626173921123007
1996,L49175,L,298.3,308.0,1451,47.1,196,0,0,0,0,0,0,9.699999999999989,7.156767976363301
1997,M16856,M,298.4,308.0,1416,38.2,198,1,1,0,0,0,0,9.600000000000023,5.664417218128541
1998,L49177,L,298.3,308.1,1672,41.3,0,0,0,0,0,0,0,9.800000000000011,7.231276082130937
1999,H31412,H,298.3,308.0,1637,30.8,2,0,0,0,0,0,0,9.699999999999989,5.279928165231198
2000,L49179,L,298.4,308.0,1540,37.8,7,0,0,0,0,0,0,9.600000000000023,6.095946385025633
2001,L49180,L,298.4,308.1,1279,53.1,9,0,0,0,0,0,0,9.700000000000045,7.112031696976181
2002,L49181,L,298.4,308.2,1604,34.9,11,0,0,0,0,0,0,9.800000000000011,5.862170003696506
2003,L49182,L,298.5,308.2,1654,27.1,13,0,0,0,0,0,0,9.699999999999989,4.693895471630558
2004,M16863,M,298.5,308.2,1564,37.5,15,0,0,0,0,0,0,9.699999999999989,6.1418136377680455
2005,L49184,L,298.5,308.2,1451,47.5,18,0,0,0,0,0,0,9.699999999999989,7.217547322234751
2006,L49185,L,298.5,308.3,1504,38.0,20,0,0,0,0,0,0,9.800000000000011,5.9849434445987955
2007,M16866,M,298.5,308.3,1381,50.5,22,0,0,0,0,0,0,9.800000000000011,7.303208081922633
2008,L49187,L,298.6,308.4,1562,34.4,25,0,0,0,0,0,0,9.799999999999955,5.626885657893655
2009,L49188,L,298.5,308.3,1811,24.7,27,0,0,0,0,0,0,9.800000000000011,4.6842926700860845
2010,M16869,M,298.6,308.3,1717,28.7,29,0,0,0,0,0,0,9.699999999999989,5.160369620811081
2011,L49190,L,298.6,308.3,1278,60.5,32,0,0,0,0,0,0,9.699999999999989,8.096826746096975
2012,L49191,L,298.7,308.5,1616,30.2,34,0,0,0,0,0,0,9.800000000000011,5.11065915305578
2013,L49192,L,298.6,308.4,1397,46.4,36,0,0,0,0,0,0,9.799999999999955,6.788018302660442
2014,L49193,L,298.6,308.4,1485,42.9,38,0,0,0,0,0,0,9.799999999999955,6.671329079530605
2015,L49194,L,298.6,308.4,1310,59.7,40,0,0,0,0,0,0,9.799999999999955,8.189817888643232
2016,L49195,L,298.5,308.2,1301,66.3,42,1,0,0,1,0,0,9.699999999999989,9.032738613527908
2017,L49196,L,298.5,308.3,1458,44.0,44,0,0,0,0,0,0,9.800000000000011,6.717981730436414
2018,L49197,L,298.7,308.5,1483,42.5,46,0,0,0,0,0,0,9.800000000000011,6.6002243658043565
2019,L49198,L,298.7,308.5,1375,46.4,48,0,0,0,0,0,0,9.800000000000011,6.6811203766342935
2020,M16879,M,298.7,308.5,1660,27.0,50,0,0,0,0,0,0,9.800000000000011,4.69353942446315
2021,H31434,H,298.7,308.4,1560,33.3,53,0,0,0,0,0,0,9.699999999999989,5.4399818389560854
2022,L49201,L,298.7,308.5,1480,42.2,58,0,0,0,0,0,0,9.800000000000011,6.540377025753472
2023,L49202,L,298.7,308.4,1373,46.9,60,0,0,0,0,0,0,9.699999999999989,6.743292495248836
2024,L49203,L,298.7,308.5,1444,54.2,62,0,0,0,0,0,0,9.800000000000011,8.195870690489148
2025,M16884,M,298.7,308.6,1722,24.7,64,0,0,0,0,0,0,9.900000000000034,4.454087232406537
2026,L49205,L,298.7,308.5,1469,39.9,67,0,0,0,0,0,0,9.800000000000011,6.13794947880413
2027,M16886,M,298.7,308.5,1360,52.9,69,0,0,0,0,0,0,9.800000000000011,7.533958062328802
2028,L49207,L,298.7,308.4,1750,25.8,72,0,0,0,0,0,0,9.699999999999989,4.7280969436526386
2029,M16888,M,298.7,308.3,1349,46.6,74,0,0,0,0,0,0,9.600000000000023,6.58303985398922
2030,L49209,L,298.7,308.5,1668,35.2,77,0,0,0,0,0,0,9.800000000000011,6.148473814193657
2031,L49210,L,298.9,308.6,1400,49.5,79,0,0,0,0,0,0,9.700000000000045,7.257079029792423
2032,L49211,L,298.8,308.6,1331,62.8,81,0,0,0,0,0,0,9.800000000000011,8.753189227235977
2033,L49212,L,298.8,308.5,1444,42.2,83,0,0,0,0,0,0,9.699999999999989,6.381286773775684
2034,H31447,H,298.8,308.5,1359,47.6,85,0,0,0,0,0,0,9.699999999999989,6.774153407082599
2035,M16894,M,298.8,308.5,1425,47.4,90,0,0,0,0,0,0,9.699999999999989,7.073295859557418
2036,M16895,M,298.9,308.6,1469,34.2,93,0,0,0,0,0,0,9.700000000000045,5.261099553260684
2037,L49216,L,299.0,308.7,1892,22.8,96,0,0,0,0,0,0,9.699999999999989,4.517358908449836
2038,H31451,H,299.0,308.7,1940,19.9,98,0,0,0,0,0,0,9.699999999999989,4.042810866149585
2039,L49218,L,299.0,308.8,1405,55.2,103,0,0,0,0,0,0,9.800000000000011,8.121645328060334
2040,M16899,M,299.0,308.9,1449,39.6,105,0,0,0,0,0,0,9.899999999999977,6.008861436668126
2041,L49220,L,299.1,308.9,1686,29.6,108,0,0,0,0,0,0,9.799999999999955,5.2261022110996915
2042,L49221,L,299.1,308.9,1680,27.2,110,0,0,0,0,0,0,9.799999999999955,4.785273929947973
2043,M16902,M,299.1,308.9,1397,52.4,112,0,0,0,0,0,0,9.799999999999955,7.66577929007343
2044,M16903,M,299.2,309.0,1597,30.3,115,0,0,0,0,0,0,9.800000000000011,5.067294702460728
2045,L49224,L,299.3,309.1,1470,41.1,118,0,0,0,0,0,0,9.800000000000011,6.326853445064485
2046,M16905,M,299.3,309.1,1703,31.3,120,0,0,0,0,0,0,9.800000000000011,5.581971354922833
2047,L49226,L,299.3,309.1,1388,45.5,123,0,0,0,0,0,0,9.800000000000011,6.613471414826993
2048,L49227,L,299.3,309.2,1775,24.2,125,0,0,0,0,0,0,9.899999999999977,4.498237081164986
2049,L49228,L,299.3,309.2,1465,41.5,127,0,0,0,0,0,0,9.899999999999977,6.3666993118875155
2050,M16909,M,299.3,309.2,1586,37.9,129,0,0,0,0,0,0,9.899999999999977,6.2946416483896765
2051,M16910,M,299.5,309.3,1675,29.2,132,0,0,0,0,0,0,9.800000000000011,5.12184322290256
2052,M16911,M,299.4,309.2,1470,44.4,135,0,0,0,0,0,0,9.800000000000011,6.834848977149954
2053,L49232,L,299.5,309.3,1477,40.4,138,0,0,0,0,0,0,9.800000000000011,6.248711563794194
2054,L49233,L,299.5,309.3,1382,61.0,140,0,0,0,0,0,0,9.800000000000011,8.828084796097558
2055,M16914,M,299.6,309.4,1605,29.8,142,0,0,0,0,0,0,9.799999999999955,5.008641167618207
2056,L49235,L,299.6,309.4,1643,32.9,145,0,0,0,0,0,0,9.799999999999955,5.660594947066673
2057,L49236,L,299.5,309.3,1333,54.1,147,0,0,0,0,0,0,9.800000000000011,7.5518965563808
2058,L49237,L,299.5,309.3,1520,42.3,149,0,0,0,0,0,0,9.800000000000011,6.7330613751736434
2059,M16918,M,299.5,309.3,1902,24.0,151,0,0,0,0,0,0,9.800000000000011,4.780247381702229
2060,H31473,H,299.5,309.4,1386,44.4,154,0,0,0,0,0,0,9.899999999999977,6.444286178455671
2061,L49240,L,299.6,309.5,1803,27.7,159,0,0,0,0,0,0,9.899999999999977,5.23002920191668
2062,L49241,L,299.7,309.6,1359,50.7,161,0,0,0,0,0,0,9.900000000000034,7.2153272634262136
2063,M16922,M,299.7,309.6,1477,42.7,163,0,0,0,0,0,0,9.900000000000034,6.604455043911191
2064,L49243,L,299.7,309.6,1321,53.4,166,0,0,0,0,0,0,9.900000000000034,7.387078133797967
2065,L49244,L,299.6,309.5,1453,41.4,168,0,0,0,0,0,0,9.899999999999977,6.299333093419037
2066,L49245,L,299.7,309.6,1419,45.1,170,0,0,0,0,0,0,9.900000000000034,6.701739696417354
2067,L49246,L,299.7,309.6,1512,36.2,172,0,0,0,0,0,0,9.900000000000034,5.731772964621506
2068,L49247,L,299.7,309.6,1553,36.8,174,0,0,0,0,0,0,9.900000000000034,5.984775892990603
2069,M16928,M,299.7,309.6,1534,39.1,176,0,0,0,0,0,0,9.900000000000034,6.281028080224122
2070,H31483,H,299.7,309.6,1553,41.0,179,0,0,0,0,0,0,9.900000000000034,6.667820967734095
2071,L49250,L,299.7,309.5,1352,49.7,184,0,0,0,0,0,0,9.800000000000011,7.036581113412467
2072,M16931,M,299.7,309.6,1313,60.0,186,0,0,0,0,0,0,9.900000000000034,8.249822308326797
2073,L49252,L,299.6,309.5,1570,35.5,189,0,0,0,0,0,1,9.899999999999977,5.836555551594238
2074,L49253,L,299.6,309.4,1677,31.1,191,0,0,0,0,0,0,9.799999999999955,5.461627412339319
2075,L49254,L,299.5,309.4,1602,31.5,193,0,0,0,0,0,0,9.899999999999977,5.2844730026033915
2076,L49255,L,299.5,309.4,1390,58.8,195,1,0,0,0,1,0,9.899999999999977,8.558955025440033
2077,L49256,L,299.4,309.3,1544,36.0,197,0,0,0,0,0,0,9.900000000000034,5.820742868571168
2078,L49257,L,299.4,309.4,1701,31.2,199,0,0,0,0,0,0,10.0,5.557603067906488
2079,M16938,M,299.4,309.3,1692,28.4,201,0,0,0,0,0,0,9.900000000000034,5.032077448813987
2080,M16939,M,299.3,309.3,1523,37.9,204,0,0,0,0,0,0,10.0,6.044602289090465
2081,L49260,L,299.3,309.2,2280,15.4,207,0,0,0,0,0,0,9.899999999999977,3.676920041761494
2082,M16941,M,299.4,309.3,1485,47.1,209,0,0,0,0,0,0,9.900000000000034,7.324466192211923
2083,H31496,H,299.4,309.2,1513,36.1,212,0,0,0,0,0,0,9.800000000000011,5.719719720807233
2084,H31497,H,299.4,309.3,1743,28.2,0,0,0,0,0,0,0,9.900000000000034,5.1472482354945885
2085,L49264,L,299.5,309.3,1442,46.2,5,0,0,0,0,0,0,9.800000000000011,6.976471973973781
2086,L49265,L,299.5,309.3,1462,46.7,7,0,0,0,0,0,0,9.800000000000011,7.149783168696819
2087,H31500,H,299.4,309.3,1439,49.7,9,0,0,0,0,0,0,9.900000000000034,7.489378862574363
2088,L49267,L,299.5,309.3,1577,36.6,14,0,0,0,0,0,0,9.800000000000011,6.044235769947548
2089,L49268,L,299.6,309.4,1331,46.4,16,0,0,0,0,0,0,9.799999999999955,6.467324524581996
2090,L49269,L,299.5,309.3,1941,22.5,18,0,0,0,0,0,0,9.800000000000011,4.5733735054633415
2091,L49270,L,299.5,309.2,1393,47.3,20,0,0,0,0,0,0,9.699999999999989,6.8998694731037515
2092,L49271,L,299.4,309.2,1433,42.1,22,0,0,0,0,0,0,9.800000000000011,6.3176695225404895
2093,L49272,L,299.4,309.2,1444,48.2,24,0,0,0,0,0,0,9.800000000000011,7.288578732132416
2094,L49273,L,299.4,309.2,1564,39.0,26,0,0,0,0,0,0,9.800000000000011,6.387486183278767
2095,L49274,L,299.4,309.3,1377,43.6,28,0,0,0,0,0,0,9.900000000000034,6.287080882070038
2096,L49275,L,299.4,309.3,1525,41.5,30,0,0,0,0,0,0,9.900000000000034,6.627451502135469
2097,M16956,M,299.5,309.4,1387,56.2,32,0,0,0,0,0,0,9.899999999999977,8.162842079724408
2098,M16957,M,299.4,309.4,1326,47.5,35,0,0,0,0,0,0,10.0,6.595773776211772
2099,L49278,L,299.4,309.3,1401,59.0,38,0,0,0,0,0,0,9.900000000000034,8.656030238435957
2100,L49279,L,299.4,309.3,1596,31.8,40,0,0,0,0,0,0,9.900000000000034,5.3148207876370686
2101,M16960,M,299.3,309.3,1471,46.0,42,0,0,0,0,0,0,10.0,7.085966949926897
2102,L49281,L,299.3,309.3,1528,37.8,45,0,0,0,0,0,0,10.0,6.0484455041033565
2103,L49282,L,299.3,309.3,1325,62.0,47,0,0,0,0,0,0,10.0,8.60272788308005
2104,M16963,M,299.3,309.1,1376,46.7,49,0,0,0,0,0,0,9.800000000000011,6.729207688185242
2105,M16964,M,299.3,309.1,1600,35.3,52,0,0,0,0,0,0,9.800000000000011,5.914571769158383
2106,L49285,L,299.3,309.1,1495,44.0,55,0,0,0,0,0,0,9.800000000000011,6.8884654917712185
2107,L49286,L,299.4,309.1,1645,28.6,57,0,0,0,0,0,0,9.700000000000045,4.9267503191146345
2108,M16967,M,299.4,309.1,1417,47.3,59,0,0,0,0,0,0,9.700000000000045,7.018747339115589
2109,H31522,H,299.4,309.0,1415,51.7,62,0,0,0,0,0,0,9.600000000000023,7.660826045656271
2110,M16969,M,299.3,309.0,1496,43.4,67,0,0,0,0,0,0,9.699999999999989,6.799076708801078
2111,H31524,H,299.3,309.0,1508,35.0,70,0,0,0,0,0,0,9.699999999999989,5.527108675215643
2112,L49291,L,299.4,309.0,1436,47.9,75,0,0,0,0,0,0,9.600000000000023,7.203085524052725
2113,L49292,L,299.5,309.1,1852,22.6,77,0,0,0,0,0,0,9.600000000000023,4.383066294484383
2114,L49293,L,299.5,309.1,1863,22.5,79,0,0,0,0,0,0,9.600000000000023,4.3895903352283385
2115,H31528,H,299.4,309.1,1373,44.1,81,0,0,0,0,0,0,9.700000000000045,6.340707868666815
2116,L49295,L,299.4,309.0,1404,47.3,86,0,0,0,0,0,0,9.600000000000023,6.95435516169251
2117,M16976,M,299.4,309.0,1381,44.9,88,0,0,0,0,0,0,9.600000000000023,6.493347383729231
2118,H31531,H,299.4,308.9,1762,29.3,91,0,0,0,0,0,0,9.5,5.406324909660627
2119,H31532,H,299.3,308.9,1429,43.0,96,0,0,0,0,0,0,9.599999999999966,6.434714792837735
2120,M16979,M,299.3,308.9,1858,24.7,101,0,0,0,0,0,0,9.599999999999966,4.805861833804497
2121,H31534,H,299.2,308.8,1908,21.3,104,0,0,0,0,0,0,9.600000000000023,4.255852735965021
2122,M16981,M,299.2,308.8,1503,37.4,109,0,0,0,0,0,0,9.600000000000023,5.886527818737338
2123,M16982,M,299.2,308.8,1523,38.9,112,0,0,0,0,0,0,9.600000000000023,6.204090476137707
2124,L49303,L,299.3,309.0,1491,38.4,115,0,0,0,0,0,0,9.699999999999989,5.995666747523049
2125,L49304,L,299.2,308.9,1430,39.1,117,0,0,0,0,0,0,9.699999999999989,5.855195668005536
2126,L49305,L,299.3,308.9,1258,69.4,119,1,0,0,1,0,0,9.599999999999966,9.142579164672922
2127,L49306,L,299.3,309.0,1449,46.5,121,0,0,0,0,0,0,9.699999999999989,7.0558600203299955
2128,H31541,H,299.3,309.0,1425,40.6,123,0,0,0,0,0,0,9.699999999999989,6.058561432447917
2129,L49308,L,299.4,309.0,1800,24.3,128,0,0,0,0,0,0,9.600000000000023,4.580442088933919
2130,H31543,H,299.4,309.0,1607,33.7,130,0,0,0,0,0,0,9.600000000000023,5.671192586284784
2131,L49310,L,299.4,309.0,1391,58.2,135,0,0,0,0,0,0,9.600000000000023,8.477713439418201
2132,L49311,L,299.4,309.1,1432,45.4,137,0,0,0,0,0,0,9.700000000000045,6.8081244956434155
2133,L49312,L,299.4,309.0,1660,28.4,139,0,0,0,0,0,0,9.600000000000023,4.93690813536124
2134,H31547,H,299.3,309.0,1732,29.7,141,0,0,0,0,0,0,9.699999999999989,5.386826091257347
2135,L49314,L,299.3,309.0,1473,46.3,146,0,0,0,0,0,0,9.699999999999989,7.141876827185284
2136,L49315,L,299.3,309.0,1511,47.8,148,0,0,0,0,0,0,9.699999999999989,7.563468089321523
2137,L49316,L,299.2,308.9,1588,41.5,150,0,0,0,0,0,0,9.699999999999989,6.901241301895818
2138,L49317,L,299.3,308.9,1623,31.1,152,0,0,0,0,0,0,9.599999999999966,5.285761055591363
2139,L49318,L,299.3,309.0,1734,30.6,154,0,0,0,0,0,0,9.699999999999989,5.556472094551196
2140,L49319,L,299.3,309.0,1415,47.6,156,0,0,0,0,0,0,9.699999999999989,7.053294386329564
2141,L49320,L,299.3,309.0,1419,46.6,158,0,0,0,0,0,0,9.699999999999989,6.92463569518955
2142,M17001,M,299.3,308.9,1577,34.9,160,0,0,0,0,0,0,9.599999999999966,5.7634925784472495
2143,L49322,L,299.3,308.9,1376,60.3,163,0,0,0,0,0,0,9.599999999999966,8.688891297592505
2144,M17003,M,299.3,308.8,1442,49.0,165,0,0,0,0,0,0,9.5,7.3992884572449205
2145,L49324,L,299.4,308.9,1451,40.5,168,0,0,0,0,0,0,9.5,6.1539087694843655
2146,L49325,L,299.3,308.8,1550,45.8,170,0,0,0,0,0,0,9.5,7.434055415944647
2147,L49326,L,299.3,308.8,1647,32.9,172,0,0,0,0,0,0,9.5,5.67437606684042
2148,L49327,L,299.4,308.9,1550,33.7,174,0,0,0,0,0,0,9.5,5.470036408675429
2149,L49328,L,299.4,308.9,1583,34.1,176,0,0,0,0,0,0,9.5,5.652803797285771
2150,L49329,L,299.4,309.0,1613,32.2,178,0,0,0,0,0,0,9.600000000000023,5.438997473257961
2151,H31564,H,299.3,308.8,1636,35.5,180,0,0,0,0,0,0,9.5,6.081913937839601
2152,M17011,M,299.3,308.7,1289,51.5,185,0,0,0,0,0,0,9.399999999999977,6.951663863985934
2153,M17012,M,299.3,308.8,1648,28.4,188,0,0,0,0,0,0,9.5,4.90121964281646
2154,H31567,H,299.3,308.8,1397,45.4,191,0,0,0,0,0,0,9.5,6.641724804758277
2155,M17014,M,299.3,308.9,1767,24.8,196,0,0,0,0,0,0,9.599999999999966,4.588987220951682
2156,L49335,L,299.3,308.8,1341,47.7,199,0,0,0,0,0,0,9.5,6.698472440057621
2157,M17016,M,299.4,308.9,1457,41.5,201,0,0,0,0,0,0,9.5,6.3319323531877885
2158,M17017,M,299.4,309.0,1939,19.8,204,0,0,0,0,0,0,9.600000000000023,4.020421782505002
2159,M17018,M,299.5,309.0,1399,49.7,207,0,0,0,0,0,0,9.5,7.281195989396481
2160,M17019,M,299.5,309.0,1602,31.3,210,0,0,0,0,0,0,9.5,5.2509207930630515
2161,L49340,L,299.4,309.0,1507,41.0,213,0,0,0,0,0,0,9.600000000000023,6.470319509578418
2162,L49341,L,299.4,309.1,1464,40.5,215,0,0,0,0,0,0,9.700000000000045,6.209043720554867
2163,L49342,L,299.5,309.1,1336,42.1,217,0,0,0,0,0,0,9.600000000000023,5.890025458558335
2164,L49343,L,299.6,309.2,1422,39.8,219,0,0,0,0,0,0,9.599999999999966,5.926677372850216
2165,L49344,L,299.6,309.2,1540,36.7,221,0,0,0,0,0,0,9.599999999999966,5.918551119852931
2166,L49345,L,299.5,309.1,1476,47.8,223,0,0,0,0,0,0,9.600000000000023,7.388271939006331
2167,M17026,M,299.6,309.2,1867,23.4,225,1,1,0,0,0,0,9.599999999999966,4.574975717716672
2168,H31581,H,299.6,309.1,1588,41.3,0,0,0,0,0,0,0,9.5,6.867982307669813
2169,M17028,M,299.5,309.1,1420,49.5,5,0,0,0,0,0,0,9.600000000000023,7.360751587360886
2170,L49349,L,299.5,309.1,1415,49.2,8,0,0,0,0,0,0,9.600000000000023,7.290379911920475
2171,M17030,M,299.4,309.1,1500,43.3,10,0,0,0,0,0,0,9.700000000000045,6.801548095021902
2172,L49351,L,299.5,309.1,1502,44.6,13,0,0,0,0,0,0,9.600000000000023,7.015092619661912
2173,L49352,L,299.5,309.2,1816,23.0,15,0,0,0,0,0,0,9.699999999999989,4.373934731837949
2174,M17033,M,299.5,309.2,1495,41.6,17,0,0,0,0,0,0,9.699999999999989,6.512731010401881
2175,L49354,L,299.6,309.2,1572,33.4,20,0,0,0,0,0,0,9.599999999999966,5.498289798606712
2176,M17035,M,299.5,309.2,1590,35.9,22,0,0,0,0,0,0,9.699999999999989,5.9775083419853
2177,M17036,M,299.6,309.3,1387,48.3,25,0,0,0,0,0,0,9.699999999999989,7.015396306951759
2178,M17037,M,299.6,309.2,1393,47.7,28,0,0,0,0,0,0,9.599999999999966,6.958219320656426
2179,L49358,L,299.6,309.2,1602,37.3,31,0,0,0,0,0,0,9.599999999999966,6.257487079273222
2180,L49359,L,299.6,309.2,1601,33.3,33,0,0,0,0,0,0,9.599999999999966,5.582955720620958
2181,H31594,H,299.6,309.2,1597,36.3,35,0,0,0,0,0,0,9.599999999999966,6.070719396017308
2182,H31595,H,299.5,309.1,1548,44.3,40,0,0,0,0,0,0,9.600000000000023,7.181303814987836
2183,M17042,M,299.5,309.2,1314,61.8,45,0,0,0,0,0,0,9.699999999999989,8.503788658442996
2184,M17043,M,299.6,309.3,1577,39.8,48,0,0,0,0,0,0,9.699999999999989,6.572693542183397
2185,L49364,L,299.8,309.4,1475,43.4,51,0,0,0,0,0,0,9.599999999999966,6.70363512398502
2186,L49365,L,299.8,309.4,1630,32.4,53,0,0,0,0,0,0,9.599999999999966,5.530459707379471
2187,L49366,L,299.7,309.4,1445,42.9,55,0,0,0,0,0,0,9.699999999999989,6.4916299797452695
2188,M17047,M,299.8,309.4,1439,47.4,57,0,0,0,0,0,0,9.599999999999966,7.1427878890548255
2189,L49368,L,299.7,309.3,1420,44.1,60,0,0,0,0,0,0,9.600000000000023,6.557760505103334
2190,H31603,H,299.7,309.2,1554,41.6,62,0,0,0,0,0,0,9.5,6.769755177367574
2191,M17050,M,299.6,309.1,1471,44.3,67,0,0,0,0,0,0,9.5,6.824094258299164
2192,L49371,L,299.6,309.0,1648,33.6,70,0,0,0,0,0,0,9.399999999999977,5.798626056289897
2193,L49372,L,299.6,309.0,1472,48.8,72,0,0,0,0,0,0,9.399999999999977,7.522397001363591
2194,M17053,M,299.5,308.9,1448,42.9,74,0,0,0,0,0,0,9.399999999999977,6.5051074122291705
2195,M17054,M,299.6,308.9,1568,35.3,77,0,0,0,0,0,0,9.299999999999955,5.796280333775216
2196,L49375,L,299.6,308.9,1613,30.8,80,0,0,0,0,0,0,9.299999999999955,5.202519322246746
2197,M17056,M,299.7,308.9,1551,35.4,82,0,0,0,0,0,0,9.199999999999989,5.749680042746967
2198,L49377,L,299.7,309.0,1412,49.2,85,0,0,0,0,0,0,9.300000000000011,7.274923276064813
2199,M17058,M,299.7,308.9,1478,41.0,87,0,0,0,0,0,0,9.199999999999989,6.345807720741142
2200,M17059,M,299.8,309.1,1268,58.0,90,0,0,0,0,0,0,9.300000000000011,7.701509670520259
2201,L49380,L,299.8,309.1,1546,35.6,93,0,0,0,0,0,0,9.300000000000011,5.763523994373787
2202,L49381,L,299.8,309.0,1567,36.1,95,0,0,0,0,0,0,9.199999999999989,5.923860411437499
2203,M17062,M,299.9,309.2,1548,35.7,97,0,0,0,0,0,0,9.300000000000011,5.787190659030831
2204,L49383,L,299.8,309.0,1614,30.8,100,0,0,0,0,0,0,9.199999999999989,5.205744690704432
2205,M17064,M,299.7,309.1,1352,46.1,102,0,0,0,0,0,0,9.400000000000034,6.526889121294059
2206,L49385,L,299.9,309.2,1624,34.6,105,0,0,0,0,0,0,9.300000000000011,5.88424492807573
2207,L49386,L,299.9,309.2,1436,52.0,107,0,0,0,0,0,0,9.300000000000011,7.819633554295235
2208,L49387,L,299.8,309.2,1591,37.5,109,0,0,0,0,0,0,9.399999999999977,6.247842389826701
2209,H31622,H,299.8,309.2,1435,42.6,111,0,0,0,0,0,0,9.399999999999977,6.401623350219922
2210,L49389,L,299.8,309.3,1386,49.4,116,0,0,0,0,0,0,9.5,7.169994081434913
2211,L49390,L,299.7,309.2,1401,54.1,118,0,0,0,0,0,0,9.5,7.937139591515005
2212,M17071,M,299.6,309.0,1245,64.0,120,0,0,0,0,0,0,9.399999999999977,8.34407008793449
2213,L49392,L,299.7,309.1,1475,40.0,123,0,0,0,0,0,0,9.400000000000034,6.178465552059927
2214,L49393,L,299.7,309.1,1473,39.4,125,0,0,0,0,0,0,9.400000000000034,6.077536652075598
2215,H31628,H,299.7,309.2,1355,44.8,127,0,0,0,0,0,0,9.5,6.356908014783826
2216,H31629,H,299.7,309.2,1468,49.6,132,0,0,0,0,0,0,9.5,7.624938585576763
2217,L49396,L,299.7,309.2,1645,30.8,137,0,0,0,0,0,0,9.5,5.3057311128926825
2218,L49397,L,299.7,309.1,1347,55.3,139,0,0,0,0,0,0,9.400000000000034,7.80048031108385
2219,L49398,L,299.7,309.1,1713,33.5,141,0,0,0,0,0,0,9.400000000000034,6.009395507419235
2220,M17079,M,299.6,309.1,1435,48.4,143,0,0,0,0,0,0,9.5,7.27320587208085
2221,M17080,M,299.6,309.0,1736,26.1,146,0,0,0,0,0,0,9.399999999999977,4.744810216569737
2222,L49401,L,299.6,309.0,1372,60.4,149,0,0,0,0,0,0,9.399999999999977,8.678000443060062
2223,L49402,L,299.7,309.0,1605,33.0,151,0,0,0,0,0,0,9.300000000000011,5.54648182991278
2224,L49403,L,299.6,309.0,1413,48.5,153,0,0,0,0,0,0,9.399999999999977,7.1764971782278435
2225,M17084,M,299.7,309.0,1645,31.9,155,0,0,0,0,0,0,9.300000000000011,5.4952215097817065
2226,M17085,M,299.7,309.0,1465,49.0,158,0,0,0,0,0,0,9.300000000000011,7.517307621264775
2227,M17086,M,299.6,308.9,1685,27.8,161,0,0,0,0,0,0,9.299999999999955,4.905387489070223
2228,L49407,L,299.5,308.8,1965,20.4,164,0,0,0,0,0,0,9.300000000000011,4.197796103726682
2229,H31642,H,299.4,308.6,1542,41.8,166,0,0,0,0,0,0,9.200000000000045,6.7497746480907415
2230,L49409,L,299.4,308.7,1681,30.8,171,0,0,0,0,0,0,9.300000000000011,5.421844377369361
2231,L49410,L,299.5,308.7,1446,45.7,173,0,0,0,0,0,0,9.199999999999989,6.920111801768381
2232,L49411,L,299.4,308.6,1415,56.4,175,0,0,0,0,0,0,9.200000000000045,8.357264777079568
2233,L49412,L,299.5,308.6,1672,30.5,177,0,0,0,0,0,0,9.100000000000023,5.34028863208217
2234,L49413,L,299.5,308.7,2549,13.0,179,1,0,0,1,0,0,9.199999999999989,3.470098525400166
2235,L49414,L,299.4,308.6,1492,40.5,181,0,0,0,0,0,0,9.200000000000045,6.327795922860561
2236,M17095,M,299.4,308.6,1455,42.7,183,0,0,0,0,0,0,9.200000000000045,6.506081305951782
2237,M17096,M,299.3,308.5,1422,43.1,186,0,0,0,0,0,0,9.199999999999989,6.418085295724732
2238,L49417,L,299.3,308.6,1403,50.6,189,0,0,0,0,0,0,9.300000000000011,7.434243911503863
2239,L49418,L,299.3,308.6,1474,49.6,191,0,0,0,0,0,0,9.300000000000011,7.656103184700374
2240,L49419,L,299.2,308.6,1381,50.0,193,0,0,0,0,0,0,9.400000000000034,7.230899091012508
2241,L49420,L,299.2,308.5,1457,44.7,195,0,0,0,0,0,0,9.300000000000011,6.82017773945769
2242,L49421,L,299.2,308.4,1711,28.9,197,0,0,0,0,0,0,9.199999999999989,5.178171979181425
2243,L49422,L,299.2,308.4,1667,29.0,199,0,0,0,0,0,0,9.199999999999989,5.062467121749712
2244,L49423,L,299.2,308.4,1465,35.0,201,0,0,0,0,0,0,9.199999999999989,5.369505443760555
2245,M17104,M,299.3,308.4,1542,37.5,203,1,1,0,0,0,0,9.099999999999966,6.055419839794326
2246,M17105,M,299.3,308.4,1438,42.3,0,0,0,0,0,0,0,9.099999999999966,6.369830432565593
2247,L49426,L,299.3,308.4,1406,47.4,3,0,0,0,0,0,0,9.099999999999966,6.978985248096653
2248,M17107,M,299.2,308.4,1396,48.5,5,0,0,0,0,0,0,9.199999999999989,7.090155740131684
2249,M17108,M,299.3,308.5,1304,60.6,8,0,0,0,0,0,0,9.199999999999989,8.275206376967802
2250,L49429,L,299.2,308.5,1442,46.5,11,0,0,0,0,0,0,9.300000000000011,7.0217737400385465
2251,M17110,M,299.2,308.4,1396,48.7,13,0,0,0,0,0,0,9.199999999999989,7.119393495761094
2252,H31665,H,299.1,308.3,1424,43.4,16,0,0,0,0,0,0,9.199999999999989,6.471848418003166
2253,H31666,H,299.1,308.3,1451,42.8,21,0,0,0,0,0,0,9.199999999999989,6.503390008245207
2254,L49433,L,299.2,308.4,1386,54.1,26,0,0,0,0,0,0,9.199999999999989,7.852159510235401
2255,L49434,L,299.1,308.3,1325,46.9,28,0,0,0,0,0,0,9.199999999999989,6.507547382523457
2256,L49435,L,299.1,308.3,1559,33.7,30,0,0,0,0,0,0,9.199999999999989,5.501797910403222
2257,L49436,L,299.1,308.3,1489,38.1,32,0,0,0,0,0,0,9.199999999999989,5.940845955717907
2258,L49437,L,299.1,308.3,1892,25.2,34,0,0,0,0,0,0,9.199999999999989,4.992870372497186
2259,L49438,L,299.1,308.2,1319,60.3,36,0,0,0,0,0,0,9.099999999999966,8.328959027270724
2260,L49439,L,299.1,308.3,1431,52.3,38,0,0,0,0,0,0,9.199999999999989,7.837362608836992
2261,H31674,H,299.1,308.3,1521,36.5,40,0,0,0,0,0,0,9.199999999999989,5.813674285100592
2262,M17121,M,299.1,308.2,1435,45.2,45,0,0,0,0,0,0,9.099999999999966,6.792332756571373
2263,L49442,L,299.1,308.3,1533,42.4,48,0,0,0,0,0,0,9.199999999999989,6.806700306973789
2264,M17123,M,299.2,308.4,1529,43.0,50,0,0,0,0,0,0,9.199999999999989,6.885009739852271
2265,M17124,M,299.2,308.4,1415,43.5,53,0,0,0,0,0,0,9.199999999999989,6.445762727002858
2266,M17125,M,299.2,308.4,1330,51.2,56,0,0,0,0,0,0,9.199999999999989,7.1309964446283525
2267,L49446,L,299.2,308.5,1381,60.6,59,0,0,0,0,0,0,9.300000000000011,8.763849698307158
2268,L49447,L,299.2,308.5,1370,52.4,61,0,0,0,0,0,0,9.300000000000011,7.517621780530136
2269,L49448,L,299.2,308.5,1438,46.6,63,0,0,0,0,0,0,9.300000000000011,7.017354566372497
2270,L49449,L,299.3,308.6,1314,48.2,65,0,0,0,0,0,0,9.300000000000011,6.632404746552627
2271,L49450,L,299.3,308.6,1437,48.1,67,0,0,0,0,0,0,9.300000000000011,7.238198057944348
2272,L49451,L,299.2,308.5,1821,26.1,69,0,0,0,0,0,0,9.300000000000011,4.977130993302702
2273,M17132,M,299.3,308.6,1448,52.1,71,0,0,0,0,0,0,9.300000000000011,7.9001421020312295
2274,L49453,L,299.3,308.5,1589,32.7,74,0,0,0,0,0,0,9.199999999999989,5.441269891944058
2275,L49454,L,299.3,308.6,1520,33.7,76,0,0,0,0,0,0,9.300000000000011,5.364164736249453
2276,L49455,L,299.3,308.6,1605,37.0,78,0,0,0,0,0,0,9.300000000000011,6.218782657780996
2277,L49456,L,299.3,308.7,1393,54.2,80,0,0,0,0,0,0,9.399999999999977,7.9064043433873845
2278,H31691,H,299.3,308.7,1408,44.4,82,0,0,0,0,0,0,9.399999999999977,6.546576435256555
2279,M17138,M,299.3,308.7,1459,35.6,87,0,0,0,0,0,0,9.399999999999977,5.439185968817177
2280,L49459,L,299.4,308.7,1525,39.0,90,0,0,0,0,0,0,9.300000000000011,6.228207435741764
2281,L49460,L,299.4,308.8,1390,57.0,92,0,0,0,0,0,0,9.400000000000034,8.296946198130643
2282,L49461,L,299.3,308.7,1536,38.9,94,0,0,0,0,0,0,9.399999999999977,6.257047256301719
2283,L49462,L,299.4,308.7,1459,47.6,96,0,0,0,0,0,0,9.300000000000011,7.2726194414521785
2284,L49463,L,299.2,308.5,1387,51.1,98,0,0,0,0,0,0,9.300000000000011,7.42208594793447
2285,L49464,L,299.2,308.5,1378,53.4,100,0,0,0,0,0,0,9.300000000000011,7.705824124431188
2286,L49465,L,299.4,308.7,1381,56.7,102,0,0,0,0,0,0,9.300000000000011,8.199839569208184
2287,M17146,M,299.4,308.7,1289,60.5,104,0,0,0,0,0,0,9.300000000000011,8.166517743129107
2288,L49467,L,299.4,308.6,1746,26.8,107,0,0,0,0,0,0,9.200000000000045,4.900130557363216
2289,M17148,M,299.4,308.6,1541,39.1,109,0,0,0,0,0,0,9.200000000000045,6.309689877200372
2290,L49469,L,299.4,308.7,1504,37.8,112,0,0,0,0,0,0,9.300000000000011,5.953443742258801
2291,M17150,M,299.5,308.7,1321,51.9,114,0,0,0,0,0,0,9.199999999999989,7.1795759390283616
2292,M17151,M,299.5,308.8,1886,20.9,117,0,0,0,0,0,0,9.300000000000011,4.127780475453678
2293,L49472,L,299.6,308.9,1422,53.2,120,0,0,0,0,0,0,9.299999999999955,7.922091362704309
2294,L49473,L,299.5,308.9,1520,38.3,122,0,0,0,0,0,0,9.399999999999977,6.096365264046113
2295,L49474,L,299.4,308.8,1627,32.6,124,0,0,0,0,0,0,9.400000000000034,5.554356755497779
2296,L49475,L,299.4,308.7,1512,37.2,126,0,0,0,0,0,0,9.300000000000011,5.8901092343624315
2297,L49476,L,299.4,308.7,1553,42.7,128,0,0,0,0,0,0,9.300000000000011,6.944291593225511
2298,L49477,L,299.3,308.7,1802,26.0,130,0,0,0,0,0,0,9.399999999999977,4.906329966866299
2299,L49478,L,299.3,308.6,1482,37.6,132,0,0,0,0,0,0,9.300000000000011,5.8353198584838255
2300,L49479,L,299.4,308.7,1446,62.9,134,1,0,0,1,0,0,9.300000000000011,9.524617775300463
2301,L49480,L,299.3,308.6,1371,50.5,136,0,0,0,0,0,0,9.300000000000011,7.250324605587204
2302,M17161,M,299.2,308.6,1586,35.7,138,0,0,0,0,0,0,9.400000000000034,5.92925347882616
2303,L49482,L,299.2,308.5,1515,39.8,141,0,0,0,0,0,0,9.300000000000011,6.314287074450125
2304,L49483,L,299.2,308.5,1374,53.6,143,0,0,0,0,0,0,9.300000000000011,7.712232973444512
2305,L49484,L,299.1,308.5,1455,39.8,145,0,0,0,0,0,0,9.399999999999977,6.064216299224378
2306,H31719,H,299.2,308.5,1342,47.5,147,0,0,0,0,0,0,9.300000000000011,6.6753607901027125
2307,L49486,L,299.1,308.6,1260,57.8,152,0,0,0,0,0,0,9.5,7.626530325854582
2308,H31721,H,299.0,308.5,1623,33.5,154,0,0,0,0,0,0,9.5,5.693665445733462
2309,L49488,L,299.1,308.5,1371,55.5,159,0,0,0,0,0,0,9.399999999999977,7.968178526932472
2310,L49489,L,299.1,308.6,1611,31.4,161,0,0,0,0,0,0,9.5,5.297290700630037
2311,M17170,M,299.0,308.4,1535,47.5,163,0,0,0,0,0,0,9.399999999999977,7.635379145162194
2312,M17171,M,299.1,308.6,1491,38.5,166,0,0,0,0,0,0,9.5,6.01128046301139
2313,M17172,M,299.1,308.6,1441,36.2,169,0,0,0,0,0,0,9.5,5.462622250012956
2314,M17173,M,299.1,308.8,1725,26.6,172,0,0,0,0,0,0,9.699999999999989,4.805065963665589
2315,L49494,L,299.2,308.9,1368,47.2,175,0,0,0,0,0,0,9.699999999999989,6.7617127001743835
2316,L49495,L,299.2,308.9,1526,37.9,177,0,0,0,0,0,0,9.699999999999989,6.05650892524757
2317,L49496,L,299.2,308.8,1542,39.2,179,0,0,0,0,0,0,9.600000000000023,6.329932205865004
2318,L49497,L,299.2,308.8,1605,31.1,181,0,0,0,0,0,0,9.600000000000023,5.227138936675376
2319,L49498,L,299.2,308.8,1405,51.4,183,0,0,0,0,0,0,9.600000000000023,7.5625465554764695
2320,M17179,M,299.2,308.8,1700,33.5,185,0,0,0,0,0,0,9.600000000000023,5.963790054064623
2321,H31734,H,299.2,308.8,1440,39.1,188,0,0,0,0,0,0,9.600000000000023,5.8961410922573245
2322,M17181,M,299.2,308.8,1314,52.5,193,0,0,0,0,0,0,9.600000000000023,7.224092306929729
2323,L49502,L,299.2,308.7,1514,41.9,196,0,0,0,0,0,0,9.5,6.643065217623808
2324,M17183,M,299.2,308.7,1401,47.0,198,0,0,0,0,0,0,9.5,6.895481715364237
2325,L49504,L,299.3,308.8,1636,29.9,201,0,0,0,0,0,0,9.5,5.122513429335324
2326,L49505,L,299.3,308.8,1603,33.9,203,0,0,0,0,0,0,9.5,5.6906495167860145
2327,M17186,M,299.4,308.7,1487,52.6,205,0,0,0,0,0,0,9.300000000000011,8.190781310390333
2328,M17187,M,299.3,308.7,1420,50.3,208,0,0,0,0,0,0,9.399999999999977,7.479713229176818
2329,L49508,L,299.3,308.7,1579,36.3,211,0,0,0,0,0,0,9.399999999999977,6.002295508022122
2330,L49509,L,299.3,308.7,1484,40.5,213,0,0,0,0,0,0,9.399999999999977,6.293866722201792
2331,M17190,M,299.3,308.7,1390,49.3,215,0,0,0,0,0,0,9.399999999999977,7.176130659084924
2332,L49511,L,299.3,308.6,1384,53.6,218,1,0,0,0,1,0,9.300000000000011,7.76836276218865
2333,L49512,L,299.2,308.5,1378,50.4,220,1,0,0,0,1,0,9.300000000000011,7.272912656766514
2334,L49513,L,299.2,308.5,1445,45.2,222,0,0,0,0,0,0,9.300000000000011,6.839666085885458
2335,L49514,L,299.2,308.4,1445,43.5,224,0,0,0,0,0,0,9.199999999999989,6.582422007434014
2336,L49515,L,299.2,308.4,1509,39.4,0,0,0,0,0,0,0,9.199999999999989,6.226071152737323
2337,L49516,L,299.2,308.4,1434,46.8,2,0,0,0,0,0,0,9.199999999999989,7.02786842978651
2338,L49517,L,299.2,308.4,1877,23.9,4,0,0,0,0,0,0,9.199999999999989,4.697759630594473
2339,L49518,L,299.3,308.3,1651,28.0,6,0,0,0,0,0,0,9.0,4.8409848396716315
2340,L49519,L,299.2,308.2,1466,41.3,8,0,0,0,0,0,0,9.0,6.340341349523896
2341,L49520,L,299.1,308.1,1479,40.7,10,0,0,0,0,0,0,9.0,6.303637075354457
2342,L49521,L,299.1,308.2,1409,46.4,12,0,0,0,0,0,0,9.099999999999966,6.846326262311068
2343,M17202,M,299.2,308.2,1674,28.2,14,0,0,0,0,0,0,9.0,4.943484535982755
2344,L49523,L,299.1,308.3,1305,61.4,17,0,0,0,0,0,0,9.199999999999989,8.390879818472976
2345,M17204,M,299.2,308.3,1755,26.4,19,0,0,0,0,0,0,9.100000000000023,4.851875694204076
2346,L49525,L,299.2,308.4,1475,38.7,22,0,0,0,0,0,0,9.199999999999989,5.977665421617979
2347,L49526,L,299.2,308.4,1402,47.7,24,0,0,0,0,0,0,9.199999999999989,7.003175511529295
2348,L49527,L,299.2,308.3,1410,43.0,26,0,0,0,0,0,0,9.100000000000023,6.349158752904972
2349,L49528,L,299.2,308.4,1436,41.8,28,0,0,0,0,0,0,9.199999999999989,6.285782357106553
2350,M17209,M,299.3,308.5,1386,42.2,30,0,0,0,0,0,0,9.199999999999989,6.124974701144804
2351,L49530,L,299.3,308.6,1744,26.4,33,0,0,0,0,0,0,9.300000000000011,4.821465077317328
2352,L49531,L,299.2,308.4,1393,48.4,35,0,0,0,0,0,0,9.199999999999989,7.060331553873606
2353,M17212,M,299.3,308.5,1422,45.4,37,0,0,0,0,0,0,9.199999999999989,6.76058172681909
2354,L49533,L,299.2,308.4,1841,22.8,40,0,0,0,0,0,0,9.199999999999989,4.395590777196695
2355,L49534,L,299.3,308.6,1433,37.7,42,0,0,0,0,0,0,9.300000000000011,5.6573905225600125
2356,M17215,M,299.3,308.5,1305,60.6,44,0,0,0,0,0,0,9.199999999999989,8.281552394128054
2357,H31770,H,299.3,308.6,1498,39.5,47,0,0,0,0,0,0,9.300000000000011,6.1963726301853885
2358,L49537,L,299.3,308.5,1772,26.1,52,0,0,0,0,0,0,9.199999999999989,4.8432048984801686
2359,M17218,M,299.2,308.4,1381,42.5,54,0,0,0,0,0,0,9.199999999999989,6.146264227360631
2360,L49539,L,299.3,308.5,1413,38.5,57,0,0,0,0,0,0,9.199999999999989,5.6968070383870515
2361,H31774,H,299.2,308.4,1388,53.2,59,0,0,0,0,0,0,9.199999999999989,7.732674269643869
2362,M17221,M,299.2,308.6,1631,35.4,64,0,0,0,0,0,0,9.400000000000034,6.046246389245844
2363,H31776,H,299.3,308.6,1520,41.4,67,0,0,0,0,0,0,9.300000000000011,6.589804750169949
2364,L49543,L,299.3,308.5,1510,45.4,72,0,0,0,0,0,0,9.199999999999989,7.178958092473155
2365,L49544,L,299.2,308.5,1366,49.7,74,0,0,0,0,0,0,9.300000000000011,7.109445119024726
2366,L49545,L,299.4,308.5,1845,22.9,76,0,0,0,0,0,0,9.100000000000023,4.4244620136831845
2367,L49546,L,299.3,308.5,1485,44.7,78,0,0,0,0,0,0,9.199999999999989,6.951244984965456
2368,M17227,M,299.3,308.5,1496,39.4,80,0,0,0,0,0,0,9.199999999999989,6.172433694165034
2369,M17228,M,299.3,308.4,1468,42.2,83,0,0,0,0,0,0,9.099999999999966,6.487346941760875
2370,M17229,M,299.2,308.4,1856,22.7,86,0,0,0,0,0,0,9.199999999999989,4.411968946897409
2371,L49550,L,299.2,308.4,1620,34.1,89,0,0,0,0,0,0,9.199999999999989,5.784928712320245
2372,L49551,L,299.3,308.5,1409,44.8,91,0,0,0,0,0,0,9.199999999999989,6.610246046369308
2373,M17232,M,299.3,308.5,1404,49.4,93,0,0,0,0,0,0,9.199999999999989,7.263110887687315
2374,L49553,L,299.2,308.4,1350,51.3,96,0,0,0,0,0,0,9.199999999999989,7.252366640812037
2375,M17234,M,299.2,308.4,1538,38.0,98,0,0,0,0,0,0,9.199999999999989,6.120241368213395
2376,M17235,M,299.2,308.4,1476,32.7,101,0,0,0,0,0,0,9.199999999999989,5.054319924801403
2377,M17236,M,299.2,308.3,1364,51.8,104,0,0,0,0,0,0,9.100000000000023,7.398995241930583
2378,M17237,M,299.2,308.3,1582,45.5,107,0,0,0,0,0,0,9.100000000000023,7.537832693268229
2379,L49558,L,299.1,308.2,1348,56.1,110,0,0,0,0,0,0,9.099999999999966,7.919201097463008
2380,H31793,H,299.1,308.2,1450,46.1,112,0,0,0,0,0,0,9.099999999999966,6.999992030973658
2381,L49560,L,299.0,308.1,1242,60.9,117,0,0,0,0,0,0,9.100000000000023,7.9207718937898015
2382,L49561,L,299.1,308.2,1493,34.9,119,0,0,0,0,0,0,9.099999999999966,5.456496144338455
2383,L49562,L,299.1,308.3,1601,31.4,121,0,0,0,0,0,0,9.199999999999989,5.264408697522463
2384,L49563,L,299.1,308.2,1568,33.3,123,0,0,0,0,0,0,9.099999999999966,5.4678791817199635
2385,M17244,M,299.1,308.3,1506,38.0,125,0,0,0,0,0,0,9.199999999999989,5.992902145987888
2386,L49565,L,299.1,308.3,1524,34.1,128,0,0,0,0,0,0,9.199999999999989,5.442118121960527
2387,L49566,L,299.1,308.4,1543,37.9,130,0,0,0,0,0,0,9.299999999999955,6.123979863471167
2388,M17247,M,299.2,308.5,1474,47.2,132,0,0,0,0,0,0,9.300000000000011,7.285646578989066
2389,M17248,M,299.2,308.5,1526,37.3,135,0,0,0,0,0,0,9.300000000000011,5.9606275174600105
2390,L49569,L,299.2,308.5,1867,27.0,138,0,0,0,0,0,0,9.300000000000011,5.2788181358269295
2391,L49570,L,299.2,308.5,1487,41.2,140,0,0,0,0,0,0,9.300000000000011,6.415592965552885
2392,L49571,L,299.2,308.4,1580,32.6,142,0,0,0,0,0,0,9.199999999999989,5.393905146703436
2393,L49572,L,299.2,308.5,1340,50.0,144,0,0,0,0,0,0,9.300000000000011,7.016223593017204
2394,L49573,L,299.2,308.5,1544,41.6,146,0,0,0,0,0,0,9.300000000000011,6.726191759237795
2395,L49574,L,299.2,308.5,1488,40.3,148,0,0,0,0,0,0,9.300000000000011,6.279666723407566
2396,M17255,M,299.2,308.5,1742,28.9,150,0,0,0,0,0,0,9.300000000000011,5.271990407793128
2397,M17256,M,299.1,308.5,1592,34.2,153,0,0,0,0,0,0,9.399999999999977,5.701613675147045
2398,L49577,L,299.2,308.6,1582,38.8,156,0,0,0,0,0,0,9.400000000000034,6.427866120852907
2399,L49578,L,299.2,308.5,1490,43.2,158,0,0,0,0,0,0,9.300000000000011,6.74060119754226
2400,M17259,M,299.2,308.5,1594,35.8,160,0,0,0,0,0,0,9.300000000000011,5.9758537698544085
2401,H31814,H,299.2,308.6,1462,55.0,163,0,0,0,0,0,0,9.400000000000034,8.420515509171842
2402,M17261,M,299.2,308.6,1367,47.6,168,0,0,0,0,0,0,9.400000000000034,6.814030689832166
2403,L49582,L,299.2,308.7,1325,51.0,171,0,0,0,0,0,0,9.5,7.076437452211009
2404,H31817,H,299.2,308.7,1448,51.4,173,0,0,0,0,0,0,9.5,7.793998158241942
2405,M17264,M,299.1,308.7,2008,20.3,178,0,0,0,0,0,0,9.599999999999966,4.268628546089619
2406,L49585,L,299.1,308.7,1498,38.9,181,0,0,0,0,0,0,9.599999999999966,6.1022505142838375
2407,L49586,L,299.1,308.6,1437,41.6,183,0,0,0,0,0,0,9.5,6.260063185249165
2408,M17267,M,299.1,308.6,1499,45.1,185,0,0,0,0,0,0,9.5,7.079568572889086
2409,L49588,L,299.0,308.4,1356,52.6,188,0,0,0,0,0,0,9.399999999999977,7.469199365762805
2410,L49589,L,299.1,308.5,1539,46.8,190,0,0,0,0,0,0,9.399999999999977,7.542461306444517
2411,L49590,L,299.1,308.5,1689,32.1,192,0,0,0,0,0,0,9.399999999999977,5.677580491347082
2412,L49591,L,299.0,308.5,1559,38.1,194,0,0,0,0,0,0,9.5,6.22013354262204
2413,L49592,L,299.1,308.6,1408,46.7,196,0,0,0,0,0,0,9.5,6.885700890236063
2414,L49593,L,299.0,308.5,1886,23.0,198,0,0,0,0,0,0,9.5,4.542533537580602
2415,L49594,L,299.1,308.5,1415,43.4,0,0,0,0,0,0,0,9.399999999999977,6.430944881653427
2416,M17275,M,299.1,308.5,1587,35.6,2,0,0,0,0,0,0,9.399999999999977,5.916372948946442
2417,L49596,L,299.0,308.4,1571,38.6,5,0,0,0,0,0,0,9.399999999999977,6.35026878230924
2418,L49597,L,298.9,308.3,1576,36.6,7,0,0,0,0,0,0,9.400000000000034,6.040403026910168
2419,L49598,L,298.9,308.3,1660,34.4,9,0,0,0,0,0,0,9.400000000000034,5.979916896353052
2420,M17279,M,298.9,308.2,1328,49.2,11,0,0,0,0,0,0,9.300000000000011,6.842137472106284
2421,H31834,H,298.8,308.2,1450,44.7,14,0,0,0,0,0,0,9.399999999999977,6.787410928080749
2422,L49601,L,298.9,308.2,2384,15.0,19,0,0,0,0,0,0,9.300000000000011,3.744778443079033
2423,L49602,L,298.8,308.2,1443,53.4,21,0,0,0,0,0,0,9.399999999999977,8.069306394451527
2424,M17283,M,298.9,308.2,2022,20.0,23,0,0,0,0,0,0,9.300000000000011,4.234866897039041
2425,L49604,L,298.9,308.2,1828,23.8,26,0,0,0,0,0,0,9.300000000000011,4.555979554137966
2426,L49605,L,298.8,308.1,1472,53.5,28,0,0,0,0,0,0,9.300000000000011,8.246890155183445
2427,M17286,M,298.9,308.2,1372,63.6,30,1,0,0,1,0,0,9.300000000000011,9.137762055937415
2428,L49607,L,298.9,308.3,1855,23.8,33,0,0,0,0,0,0,9.400000000000034,4.623272468777859
2429,M17288,M,299.0,308.3,1377,47.2,35,0,0,0,0,0,0,9.300000000000011,6.8061976521492165
2430,L49609,L,298.9,308.3,1432,48.9,38,0,0,0,0,0,0,9.400000000000034,7.332979908303152
2431,M17290,M,298.9,308.2,1335,47.8,40,0,0,0,0,0,0,9.300000000000011,6.682481733450849
2432,M17291,M,298.9,308.2,1411,51.3,43,0,0,0,0,0,0,9.300000000000011,7.580066170507989
2433,L49612,L,298.9,308.2,1510,43.5,46,0,0,0,0,0,0,9.300000000000011,6.878517115034851
2434,L49613,L,299.0,308.3,1441,44.0,48,0,0,0,0,0,0,9.300000000000011,6.639651353606908
2435,M17294,M,299.0,308.2,1358,42.7,50,0,0,0,0,0,0,9.199999999999989,6.072342552221663
2436,L49615,L,298.9,308.2,1686,30.4,53,0,0,0,0,0,0,9.300000000000011,5.367348216805089
2437,H31850,H,299.0,308.2,1662,30.4,55,0,0,0,0,0,0,9.199999999999989,5.290944683469786
2438,L49617,L,299.1,308.3,1426,40.1,60,0,0,0,0,0,0,9.199999999999989,5.988147869105457
2439,M17298,M,299.1,308.4,1330,53.6,62,0,0,0,0,0,0,9.299999999999955,7.4652619029703065
2440,L49619,L,299.1,308.4,1693,31.6,65,0,0,0,0,0,0,9.299999999999955,5.602381235195655
2441,L49620,L,299.1,308.4,1426,47.9,67,0,0,0,0,0,0,9.299999999999955,7.152924761350407
2442,L49621,L,299.1,308.5,1676,31.0,69,0,0,0,0,0,0,9.399999999999977,5.440819596997043
2443,M17302,M,299.1,308.4,1332,51.7,71,0,0,0,0,0,0,9.299999999999955,7.211463104462299
2444,L49623,L,299.1,308.5,1647,35.0,74,0,0,0,0,0,0,9.399999999999977,6.036570283872788
2445,L49624,L,299.2,308.6,1267,68.2,76,1,0,0,1,0,0,9.400000000000034,9.04877120803673
2446,H31859,H,299.2,308.7,1375,55.1,78,0,0,0,0,0,0,9.5,7.933830447253222
2447,L49626,L,299.3,308.6,1422,48.9,83,0,0,0,0,0,0,9.300000000000011,7.281771948049637
2448,L49627,L,299.3,308.7,1408,48.7,85,0,0,0,0,0,0,9.399999999999977,7.180591720653023
2449,L49628,L,299.4,308.9,1440,42.5,87,0,0,0,0,0,0,9.5,6.408849013323178
2450,L49629,L,299.3,308.8,1772,25.2,89,0,0,0,0,0,0,9.5,4.676197833015335
2451,L49630,L,299.2,308.7,1492,37.8,91,0,0,0,0,0,0,9.5,5.905942861336523
2452,L49631,L,299.2,308.7,1650,30.5,93,0,0,0,0,0,0,9.5,5.270021676396878
2453,M17312,M,299.1,308.6,2329,14.6,95,0,0,0,0,0,0,9.5,3.5608277212358384
2454,L49633,L,299.0,308.6,1648,30.8,98,0,0,0,0,0,0,9.600000000000023,5.315407218265739
2455,L49634,L,299.0,308.6,1653,31.7,100,0,0,0,0,0,0,9.600000000000023,5.487325640245683
2456,L49635,L,299.0,308.6,1946,22.3,102,0,0,0,0,0,0,9.600000000000023,4.544397549221731
2457,L49636,L,299.1,308.6,1555,36.6,104,0,0,0,0,0,0,9.5,5.959915423125198
2458,L49637,L,299.0,308.6,1661,32.2,106,0,0,0,0,0,0,9.600000000000023,5.600852326770908
2459,L49638,L,299.0,308.6,1434,45.9,108,0,0,0,0,0,0,9.600000000000023,6.892717113829078
2460,L49639,L,299.0,308.6,1297,54.2,110,0,0,0,0,0,0,9.600000000000023,7.361526513548771
2461,L49640,L,299.0,308.6,1466,46.4,112,0,0,0,0,0,0,9.600000000000023,7.123289070651545
2462,M17321,M,298.9,308.6,1517,39.8,114,0,0,0,0,0,0,9.700000000000045,6.32262276695765
2463,L49642,L,298.9,308.5,1742,34.5,117,0,0,0,0,0,0,9.600000000000023,6.293552562936432
2464,L49643,L,298.9,308.5,1580,39.1,119,0,0,0,0,0,0,9.600000000000023,6.469377031782341
2465,M17324,M,298.9,308.5,1534,42.9,121,0,0,0,0,0,0,9.600000000000023,6.891460476767642
2466,L49645,L,298.9,308.6,1481,40.7,124,0,0,0,0,0,0,9.700000000000045,6.312161263421196
2467,L49646,L,299.0,308.6,1429,37.7,126,0,0,0,0,0,0,9.600000000000023,5.641598783487967
2468,M17327,M,298.9,308.6,1574,33.5,128,0,0,0,0,0,0,9.700000000000045,5.52176796770454
2469,M17328,M,298.9,308.6,1524,40.4,131,0,0,0,0,0,0,9.700000000000045,6.447553434815404
2470,L49649,L,299.0,308.7,1507,37.5,134,0,0,0,0,0,0,9.699999999999989,5.917975161199773
2471,L49650,L,298.9,308.5,1467,44.7,136,0,0,0,0,0,0,9.600000000000023,6.866987469996178
2472,L49651,L,298.9,308.4,1301,51.1,138,0,0,0,0,0,0,9.5,6.961884512085614
2473,L49652,L,298.9,308.5,1429,55.1,140,0,0,0,0,0,0,9.600000000000023,8.245413606636259
2474,M17333,M,298.9,308.5,1555,37.6,142,0,0,0,0,0,0,9.600000000000023,6.122754642336267
2475,L49654,L,298.9,308.5,1503,40.6,145,0,0,0,0,0,0,9.600000000000023,6.390187952960855
2476,L49655,L,298.9,308.5,1459,43.1,147,0,0,0,0,0,0,9.600000000000023,6.585081889214054
2477,H31890,H,298.9,308.4,1449,42.4,149,0,0,0,0,0,0,9.5,6.433730427139609
2478,L49657,L,298.9,308.5,1387,57.3,154,0,0,0,0,0,0,9.600000000000023,8.322613010110471
2479,M17338,M,298.9,308.5,1456,50.0,156,0,0,0,0,0,0,9.600000000000023,7.623598172711232
2480,L49659,L,299.0,308.5,1604,34.7,159,0,0,0,0,0,0,9.5,5.82857590625412
2481,L49660,L,299.0,308.6,1734,32.4,161,0,0,0,0,0,0,9.600000000000023,5.883323394230677
2482,L49661,L,299.0,308.6,1378,47.8,163,0,0,0,0,0,0,9.600000000000023,6.897722718123798
2483,L49662,L,298.9,308.7,1504,41.8,165,0,0,0,0,0,0,9.800000000000011,6.583437789058674
2484,M17343,M,298.9,308.7,1402,49.8,167,0,0,0,0,0,0,9.800000000000011,7.311491414552597
2485,H31898,H,298.8,308.6,1524,37.7,170,0,0,0,0,0,0,9.800000000000011,6.016652586449029
2486,L49665,L,298.8,308.6,1593,35.5,175,0,0,0,0,0,0,9.800000000000011,5.92205923164944
2487,M17346,M,298.9,308.7,1772,28.4,177,0,0,0,0,0,0,9.800000000000011,5.270000732445854
2488,H31901,H,298.9,308.6,1623,31.0,180,0,0,0,0,0,0,9.700000000000045,5.268765039335442
2489,L49668,L,298.9,308.7,1356,50.7,185,0,0,0,0,0,0,9.800000000000011,7.1993993886725125
2490,H31903,H,298.9,308.7,1500,41.6,187,0,0,0,0,0,0,9.800000000000011,6.53451271946677
2491,H31904,H,299.1,308.8,1566,46.6,192,0,0,0,0,0,0,9.699999999999989,7.641986961710243
2492,L49671,L,299.1,308.9,1445,43.4,197,0,0,0,0,0,0,9.799999999999955,6.567290002819224
2493,H31906,H,299.0,308.8,1382,58.5,199,0,0,0,0,0,0,9.800000000000011,8.466278042159134
2494,M17353,M,299.0,308.8,1418,45.7,204,0,0,0,0,0,0,9.800000000000011,6.786112403117264
2495,L49674,L,299.1,308.8,1329,53.6,207,1,0,0,0,1,0,9.699999999999989,7.459648924095893
2496,M17355,M,299.1,308.8,1491,41.0,209,0,0,0,0,0,0,9.699999999999989,6.401623350219921
2497,M17356,M,299.2,308.9,1573,37.4,212,0,0,0,0,0,0,9.699999999999989,6.160684137640608
2498,M17357,M,299.2,308.9,1521,42.3,215,0,0,0,0,0,0,9.699999999999989,6.737491020815206
2499,L49678,L,299.1,308.9,1467,47.2,218,0,0,0,0,0,0,9.799999999999955,7.251047171897531
2500,M17359,M,299.1,308.9,1325,48.4,220,0,0,0,0,0,0,9.799999999999955,6.715677895823782
2501,L49680,L,299.1,308.9,1617,32.3,223,0,0,0,0,0,0,9.799999999999955,5.469418562120222
2502,M17361,M,299.1,308.9,1476,42.7,225,0,0,0,0,0,0,9.799999999999955,6.599983510367581
2503,L49682,L,299.2,309.0,1515,48.9,228,1,0,0,0,1,0,9.800000000000011,7.758005978407315
2504,L49683,L,299.2,309.0,1408,47.2,0,0,0,0,0,0,0,9.800000000000011,6.959423597840302
2505,L49684,L,299.2,309.1,1468,45.6,2,0,0,0,0,0,0,9.900000000000034,7.010024183514122
2506,L49685,L,299.2,309.1,1387,48.7,4,0,0,0,0,0,0,9.900000000000034,7.073494827092147
2507,M17366,M,299.2,309.1,1503,34.7,6,0,0,0,0,0,0,9.900000000000034,5.461564580486248
2508,H31921,H,299.2,309.1,1410,47.1,9,0,0,0,0,0,0,9.900000000000034,6.954543657251724
2509,L49688,L,299.0,308.9,1615,30.6,14,0,0,0,0,0,0,9.899999999999977,5.1751455782584665
2510,L49689,L,299.0,308.9,1511,35.9,16,0,0,0,0,0,0,9.899999999999977,5.680512644490432
2511,L49690,L,299.1,309.0,1405,53.8,18,0,0,0,0,0,0,9.899999999999977,7.915661569739962
2512,M17371,M,299.0,308.9,1526,41.1,20,0,0,0,0,0,0,9.899999999999977,6.567876433447894
2513,L49692,L,298.9,308.8,1530,38.3,23,0,0,0,0,0,0,9.900000000000034,6.136472930256942
2514,L49693,L,299.0,308.7,1583,32.5,25,0,0,0,0,0,0,9.699999999999989,5.387569601518696
2515,L49694,L,298.9,308.6,2069,18.7,27,0,0,0,0,0,0,9.700000000000045,4.0516387415061725
2516,L49695,L,298.8,308.5,1490,35.0,29,0,0,0,0,0,0,9.699999999999989,5.4611352294902575
2517,L49696,L,298.8,308.5,1736,29.0,31,0,0,0,0,0,0,9.699999999999989,5.272011351744151
2518,L49697,L,298.8,308.5,1395,44.4,33,0,0,0,0,0,0,9.699999999999989,6.486132192601487
2519,M17378,M,298.9,308.6,1425,49.6,35,0,0,0,0,0,0,9.700000000000045,7.401592291857552
2520,L49699,L,298.8,308.6,1631,32.4,38,0,0,0,0,0,0,9.800000000000011,5.533852627445348
2521,L49700,L,298.8,308.6,1535,41.2,40,0,0,0,0,0,0,9.800000000000011,6.622686753277524
2522,L49701,L,298.8,308.6,1584,34.4,42,0,0,0,0,0,0,9.800000000000011,5.706137568568213
2523,M17382,M,298.8,308.7,1543,38.2,44,0,0,0,0,0,0,9.899999999999977,6.172454638116059
2524,L49703,L,298.8,308.7,1635,35.2,47,0,0,0,0,0,0,9.899999999999977,6.026831346646659
2525,M17384,M,298.8,308.7,1446,45.5,49,0,0,0,0,0,0,9.899999999999977,6.889826848587775
2526,M17385,M,298.8,308.6,1598,35.1,52,0,0,0,0,0,0,9.800000000000011,5.873710120710692
2527,L49706,L,298.8,308.6,1501,35.0,55,0,0,0,0,0,0,9.800000000000011,5.501452335211327
2528,L49707,L,298.8,308.5,1450,50.8,57,0,0,0,0,0,0,9.699999999999989,7.7136571621141385
2529,L49708,L,298.8,308.6,1730,25.9,59,0,0,0,0,0,0,9.800000000000011,4.692178067646595
2530,M17389,M,298.8,308.6,1571,33.7,61,0,0,0,0,0,0,9.800000000000011,5.544146579373613
2531,L49710,L,298.9,308.7,1438,51.7,64,0,0,0,0,0,0,9.800000000000011,7.785348306469058
2532,M17391,M,298.8,308.5,1510,38.7,66,0,0,0,0,0,0,9.699999999999989,6.119508329927559
2533,L49712,L,298.9,308.7,1389,44.9,69,0,0,0,0,0,0,9.800000000000011,6.530962719768213
2534,L49713,L,298.8,308.7,1490,33.6,71,0,0,0,0,0,0,9.899999999999977,5.242689820310647
2535,L49714,L,298.9,308.7,1729,26.6,73,0,0,0,0,0,0,9.800000000000011,4.816208145610321
2536,L49715,L,299.0,308.8,1495,38.4,75,0,0,0,0,0,0,9.800000000000011,6.011751701909428
2537,L49716,L,298.9,308.8,1281,53.9,77,0,0,0,0,0,0,9.900000000000034,7.230469740016517
2538,H31951,H,298.9,308.7,1353,48.1,79,0,0,0,0,0,0,9.800000000000011,6.815088359358875
2539,L49718,L,299.1,308.8,1429,50.1,84,0,0,0,0,0,0,9.699999999999989,7.49719095630629
2540,L49719,L,299.1,308.8,1413,42.1,86,0,0,0,0,0,0,9.699999999999989,6.229495488729737
2541,L49720,L,299.1,308.8,1502,38.3,88,0,0,0,0,0,0,9.699999999999989,6.024171464866619
2542,H31955,H,299.1,308.8,1553,32.6,90,0,0,0,0,0,0,9.699999999999989,5.301730818247112
2543,H31956,H,299.2,308.9,1712,26.4,95,0,0,0,0,0,0,9.699999999999989,4.7329978281922385
2544,L49723,L,299.3,309.0,1786,23.5,100,0,0,0,0,0,0,9.699999999999989,4.395192842127241
2545,L49724,L,299.2,309.0,1951,21.4,102,0,0,0,0,0,0,9.800000000000011,4.372196383902963
2546,M17405,M,299.2,309.0,1541,36.3,104,0,0,0,0,0,0,9.800000000000011,5.857845077810064
2547,L49726,L,299.2,309.1,1605,34.3,107,0,0,0,0,0,0,9.900000000000034,5.764979598969949
2548,L49727,L,299.2,309.1,1578,38.1,109,0,0,0,0,0,0,9.900000000000034,6.295940173353161
2549,M17408,M,299.3,309.2,1440,37.5,111,0,0,0,0,0,0,9.899999999999977,5.654866776461628
2550,L49729,L,299.4,309.2,1489,42.3,114,0,0,0,0,0,0,9.800000000000011,6.595742360285235
2551,L49730,L,299.4,309.3,1366,48.4,116,0,0,0,0,0,0,9.900000000000034,6.923483777883234
2552,L49731,L,299.3,309.2,1541,37.2,118,0,0,0,0,0,0,9.899999999999977,6.003080906185521
2553,H31966,H,299.3,309.1,1552,40.7,120,0,0,0,0,0,0,9.800000000000011,6.614769939790478
2554,L49733,L,299.3,309.1,1473,40.3,125,0,0,0,0,0,0,9.800000000000011,6.216363631437731
2555,L49734,L,299.3,309.1,1531,37.9,127,0,0,0,0,0,0,9.800000000000011,6.076353318842745
2556,L49735,L,299.3,309.2,1511,37.2,129,0,0,0,0,0,0,9.899999999999977,5.886213659471981
2557,M17416,M,299.3,309.1,1449,47.9,131,0,0,0,0,0,0,9.800000000000011,7.268294515565737
2558,M17417,M,299.4,309.1,1440,50.0,134,0,0,0,0,0,0,9.700000000000045,7.539822368615504
2559,M17418,M,299.2,309.0,1881,23.9,137,0,0,0,0,0,0,9.800000000000011,4.707770839183913
2560,L49739,L,299.3,309.0,1447,50.4,140,0,0,0,0,0,1,9.699999999999989,7.637086077170642
2561,M17420,M,299.4,309.1,1326,62.0,142,0,0,0,0,0,0,9.700000000000045,8.609220507897469
2562,L49741,L,299.4,309.2,1607,31.7,145,0,0,0,0,0,0,9.800000000000011,5.334623293330195
2563,L49742,L,299.3,309.1,1551,39.1,147,0,0,0,0,0,0,9.800000000000011,6.350635301452159
2564,L49743,L,299.3,309.1,1496,37.2,149,0,0,0,0,0,0,9.800000000000011,5.827780036115209
2565,L49744,L,299.3,309.1,1493,38.0,151,0,0,0,0,0,0,9.800000000000011,5.941170586958777
2566,L49745,L,299.4,309.1,1304,50.5,153,0,0,0,0,0,0,9.700000000000045,6.896005314139836
2567,M17426,M,299.3,309.0,1420,41.6,155,0,0,0,0,0,0,9.699999999999989,6.186005374428541
2568,L49747,L,299.4,309.1,1766,24.6,158,0,0,0,0,0,0,9.700000000000045,4.549403153516452
2569,L49748,L,299.6,309.2,1450,43.1,160,0,0,0,0,0,0,9.599999999999966,6.544461096203138
2570,H31983,H,299.5,309.2,1872,22.6,162,0,0,0,0,0,0,9.699999999999989,4.43039962379847
2571,L49750,L,299.6,309.2,1713,26.5,167,0,0,0,0,0,0,9.599999999999966,4.7537009237793955
2572,M17431,M,299.5,309.2,1497,40.9,169,0,0,0,0,0,0,9.699999999999989,6.411707862637945
2573,M17432,M,299.4,309.1,1352,44.7,172,0,0,0,0,0,0,9.700000000000045,6.3286755688035665
2574,L49753,L,299.5,309.2,1499,41.5,175,0,0,0,0,0,0,9.699999999999989,6.514458886361356
2575,L49754,L,299.5,309.3,1972,19.3,177,0,0,0,0,0,0,9.800000000000011,3.9855919919522034
2576,L49755,L,299.5,309.3,1422,49.2,179,0,0,0,0,0,0,9.800000000000011,7.3264453955836855
2577,L49756,L,299.5,309.3,1523,41.5,181,0,0,0,0,0,0,9.800000000000011,6.618759762460537
2578,L49757,L,299.5,309.4,1563,41.5,183,0,0,0,0,0,0,9.899999999999977,6.792594555959172
2579,L49758,L,299.4,309.3,1391,46.6,185,0,0,0,0,0,0,9.900000000000034,6.7879973587094184
2580,L49759,L,299.3,309.1,1795,24.7,187,0,0,0,0,0,0,9.800000000000011,4.6429074228627965
2581,L49760,L,299.3,309.1,1293,53.7,189,0,0,0,0,0,0,9.800000000000011,7.271121948953968
2582,L49761,L,299.2,309.1,1345,60.7,191,1,0,0,0,1,0,9.900000000000034,8.549477887601704
2583,L49762,L,299.2,309.0,1615,33.7,193,0,0,0,0,0,0,9.800000000000011,5.699425032265044
2584,L49763,L,299.2,308.9,1342,50.8,195,0,0,0,0,0,0,9.699999999999989,7.139122697625638
2585,L49764,L,299.1,308.8,1502,46.7,197,0,0,0,0,0,0,9.699999999999989,7.345399671260344
2586,M17445,M,299.0,308.7,1620,35.4,199,0,0,0,0,0,0,9.699999999999989,6.005468516602249
2587,L49766,L,299.0,308.7,1537,42.8,202,0,0,0,0,0,0,9.699999999999989,6.88884248288965
2588,L49767,L,299.0,308.7,2248,16.8,204,0,0,0,0,0,0,9.699999999999989,3.954888159751119
2589,L49768,L,299.0,308.7,1706,28.6,206,0,0,0,0,0,0,9.699999999999989,5.109444403896393
2590,L49769,L,299.0,308.7,2250,16.6,208,0,0,0,0,0,0,9.699999999999989,3.9112828537192925
2591,L49770,L,299.0,308.7,1396,48.6,0,0,0,0,0,0,0,9.699999999999989,7.104774617946389
2592,L49771,L,298.9,308.6,1522,46.4,2,0,0,0,0,0,0,9.700000000000045,7.395392882354469
2593,L49772,L,298.9,308.6,1539,45.4,4,0,0,0,0,0,0,9.700000000000045,7.316832122063699
2594,H32007,H,298.9,308.5,1415,54.0,6,0,0,0,0,0,0,9.600000000000023,8.001636488693203
2595,L49774,L,298.8,308.5,1446,37.0,11,0,0,0,0,0,0,9.699999999999989,5.602716338412037
2596,M17455,M,298.8,308.6,1486,41.1,13,0,0,0,0,0,0,9.800000000000011,6.395717156031172
2597,L49776,L,299.0,308.7,1426,38.6,16,0,0,0,0,0,0,9.699999999999989,5.764152312904505
2598,L49777,L,299.0,308.7,1449,38.9,18,0,0,0,0,0,0,9.699999999999989,5.902644189050255
2599,L49778,L,299.1,308.8,1320,67.5,20,1,0,0,1,0,0,9.699999999999989,9.330530181161684
2600,M17459,M,299.2,308.9,1447,39.6,22,0,0,0,0,0,0,9.699999999999989,6.000567632062649
2601,L49780,L,299.3,309.0,1422,47.3,25,0,0,0,0,0,0,9.699999999999989,7.0435135612013875
2602,L49781,L,299.3,309.1,1399,52.1,27,0,0,0,0,0,0,9.800000000000011,7.632803039186251
2603,L49782,L,299.4,309.2,1427,41.5,29,0,0,0,0,0,0,9.800000000000011,6.201556258063811
2604,M17463,M,299.3,309.2,1334,46.3,31,0,0,0,0,0,0,9.899999999999977,6.467931899161689
2605,M17464,M,299.3,309.1,1385,45.6,34,0,0,0,0,0,0,9.800000000000011,6.6136808543372325
2606,L49785,L,299.4,309.2,1552,37.4,37,0,0,0,0,0,0,9.800000000000011,6.0784372419696275
2607,H32020,H,299.4,309.3,1534,37.5,39,0,0,0,0,0,0,9.900000000000034,6.024003913258428
2608,L49787,L,299.4,309.3,1448,48.6,44,0,0,0,0,0,0,9.900000000000034,7.369422383084793
2609,L49788,L,299.5,309.3,1409,44.7,46,0,0,0,0,0,0,9.800000000000011,6.595491032872949
2610,L49789,L,299.4,309.2,1621,34.5,48,0,0,0,0,0,0,9.800000000000011,5.8563999451894135
2611,H32024,H,299.4,309.1,1547,40.9,50,0,0,0,0,0,0,9.700000000000045,6.625859761857648
2612,L49791,L,299.4,309.1,1957,22.1,55,0,0,0,0,0,0,9.700000000000045,4.52909799299875
2613,L49792,L,299.4,309.1,2421,14.2,57,0,0,0,0,0,0,9.700000000000045,3.6000766854546873
2614,M17473,M,299.3,309.1,1571,38.3,59,0,0,0,0,0,0,9.800000000000011,6.300914361721344
2615,L49794,L,299.3,309.1,1634,36.8,62,0,0,0,0,0,0,9.800000000000011,6.296924539051284
2616,L49795,L,299.3,309.0,1516,38.7,64,0,0,0,0,0,0,9.699999999999989,6.143824257066344
2617,L49796,L,299.4,309.1,1207,66.5,66,0,0,0,0,0,0,9.700000000000045,8.405383504557053
2618,L49797,L,299.4,309.1,1670,35.9,68,0,0,0,0,0,0,9.700000000000045,6.278263478688962
2619,M17478,M,299.4,309.1,1461,48.6,70,0,0,0,0,0,0,9.700000000000045,7.435584324369394
2620,L49799,L,299.4,309.2,1569,40.8,73,0,0,0,0,0,0,9.800000000000011,6.703656067936044
2621,L49800,L,299.4,309.2,1556,35.7,75,0,0,0,0,0,0,9.800000000000011,5.817098621093005
2622,M17481,M,299.5,309.3,1506,41.5,77,0,0,0,0,0,0,9.800000000000011,6.544879975223617
2623,M17482,M,299.6,309.4,1642,30.3,80,0,0,0,0,0,0,9.799999999999955,5.210080088566384
2624,M17483,M,299.6,309.4,1283,62.1,83,0,0,0,0,0,0,9.799999999999955,8.343473185330309
2625,H32038,H,299.7,309.5,1375,46.8,86,0,0,0,0,0,0,9.800000000000011,6.738716241950105
2626,L49805,L,299.7,309.4,1399,39.9,91,0,0,0,0,0,0,9.699999999999989,5.845467202754921
2627,L49806,L,299.7,309.4,1650,29.8,93,0,0,0,0,0,0,9.699999999999989,5.14907035923367
2628,M17487,M,299.8,309.6,1346,53.2,95,0,0,0,0,0,0,9.800000000000011,7.498688448804502
2629,H32042,H,299.9,309.6,1410,51.2,98,0,0,0,0,0,0,9.700000000000045,7.559928561598478
2630,L49809,L,300.0,309.7,1586,37.8,103,0,0,0,0,0,0,9.699999999999989,6.278033095227698
2631,L49810,L,300.0,309.8,1372,39.6,105,0,0,0,0,0,0,9.800000000000011,5.68954995935726
2632,H32045,H,300.0,309.7,1529,42.4,107,0,0,0,0,0,0,9.699999999999989,6.788939836505494
2633,M17492,M,300.0,309.7,1652,28.6,112,0,0,0,0,0,0,9.699999999999989,4.947715214089589
2634,L49813,L,300.1,309.8,1532,39.8,115,0,0,0,0,0,0,9.699999999999989,6.385140460764087
2635,L49814,L,300.0,309.7,1554,32.0,117,0,0,0,0,0,0,9.699999999999989,5.20750398259044
2636,H32049,H,299.9,309.6,1462,51.0,119,0,0,0,0,0,0,9.700000000000045,7.8081143812320715
2637,L49816,L,299.9,309.6,1254,61.3,124,0,0,0,0,0,0,9.700000000000045,8.04982851999927
2638,L49817,L,299.9,309.6,1294,49.7,126,0,0,0,0,0,0,9.700000000000045,6.734715947304536
2639,L49818,L,299.8,309.5,1739,27.5,128,0,0,0,0,0,0,9.699999999999989,5.007960489209929
2640,M17499,M,299.8,309.4,1412,47.8,130,0,0,0,0,0,0,9.599999999999966,7.067913264144268
2641,M17500,M,299.9,309.5,1372,56.2,133,0,0,0,0,0,0,9.600000000000023,8.074563326158534
2642,H32055,H,299.8,309.5,1420,46.7,136,0,0,0,0,0,0,9.699999999999989,6.9443858410051185
2643,L49822,L,299.8,309.5,1542,40.3,141,0,0,0,0,0,0,9.699999999999989,6.507557854498969
2644,M17503,M,299.8,309.4,1401,48.1,143,0,0,0,0,0,0,9.599999999999966,7.0568653299791455
2645,L49824,L,299.8,309.4,1510,42.5,146,0,0,0,0,0,0,9.599999999999966,6.720390284804165
2646,H32059,H,299.9,309.5,1547,38.5,148,0,0,0,0,0,0,9.600000000000023,6.237056255049376
2647,M17506,M,299.8,309.5,1453,43.2,153,0,0,0,0,0,0,9.699999999999989,6.573217140958995
2648,L49827,L,299.8,309.4,1408,45.6,156,0,0,0,0,0,0,9.599999999999966,6.7235109335067325
2649,L49828,L,299.8,309.4,1436,51.6,158,0,0,0,0,0,0,9.599999999999966,7.759482526954502
2650,M17509,M,299.9,309.5,1582,38.2,160,0,0,0,0,0,0,9.600000000000023,6.328466129293328
2651,L49830,L,299.9,309.6,1280,59.3,163,0,0,0,0,0,0,9.700000000000045,7.9486482926026545
2652,L49831,L,299.9,309.5,2008,20.4,165,0,0,0,0,0,0,9.600000000000023,4.289656272917647
2653,L49832,L,299.9,309.5,1772,23.5,167,0,0,0,0,0,0,9.600000000000023,4.360740042692872
2654,L49833,L,299.9,309.5,1779,26.1,169,0,0,0,0,0,0,9.600000000000023,4.862337197740532
2655,L49834,L,299.9,309.5,1567,35.5,171,0,0,0,0,0,0,9.600000000000023,5.825402897673993
2656,M17515,M,299.8,309.4,1751,27.0,173,0,0,0,0,0,0,9.599999999999966,4.950835862792156
2657,L49836,L,299.9,309.5,1349,51.3,176,0,0,0,0,0,0,9.600000000000023,7.246994517374399
2658,M17517,M,300.0,309.5,1425,40.8,178,0,0,0,0,0,0,9.5,6.088406562657019
2659,L49838,L,300.0,309.4,1395,44.5,181,0,0,0,0,0,0,9.399999999999977,6.50074059844068
2660,H32073,H,299.8,309.3,1595,32.1,183,0,0,0,0,0,0,9.5,5.361599102249021
2661,L49840,L,299.8,309.3,1291,56.4,188,0,0,0,0,0,0,9.5,7.624896697674715
2662,M17521,M,299.9,309.4,1509,42.8,190,0,0,0,0,0,0,9.5,6.76334632835425
2663,M17522,M,299.9,309.4,1483,38.1,193,0,0,0,0,0,0,9.5,5.916907019697553
2664,L49843,L,299.9,309.3,1620,31.1,196,0,0,0,0,0,0,9.400000000000034,5.2759907024386985
2665,M17524,M,299.9,309.4,1487,42.2,198,0,0,0,0,0,0,9.5,6.571311241415819
2666,L49845,L,299.8,309.4,2256,15.9,201,0,0,0,0,0,0,9.599999999999966,3.7563395040442433
2667,H32080,H,299.7,309.2,1691,27.7,203,0,0,0,0,0,0,9.5,4.905146633633447
2668,M17527,M,299.8,309.3,1663,35.2,208,0,0,0,0,0,0,9.5,6.1300431372925965
2669,M17528,M,299.8,309.3,1640,31.1,211,0,0,0,0,0,0,9.5,5.341126390123127
2670,H32083,H,299.7,309.3,1494,37.8,214,0,0,0,0,0,0,9.600000000000023,5.91385967482357
2671,L49850,L,299.8,309.4,1467,46.2,219,0,0,0,0,0,0,9.599999999999966,7.097423291136989
2672,M17531,M,299.7,309.3,1399,41.9,221,1,1,0,0,0,0,9.600000000000023,6.138473077579728
2673,L49852,L,299.7,309.3,1445,42.6,0,0,0,0,0,0,0,9.600000000000023,6.446233965900897
2674,L49853,L,299.8,309.4,1480,40.9,2,0,0,0,0,0,0,9.599999999999966,6.338896216903246
2675,L49854,L,299.7,309.3,1546,37.2,4,0,0,0,0,0,0,9.600000000000023,6.022558780637777
2676,L49855,L,299.7,309.3,1574,35.8,6,0,0,0,0,0,0,9.600000000000023,5.900874425188732
2677,L49856,L,299.7,309.3,1592,34.2,8,0,0,0,0,0,0,9.600000000000023,5.701613675147045
2678,L49857,L,299.8,309.5,1495,39.6,10,0,0,0,0,0,0,9.699999999999989,6.199618942594098
2679,L49858,L,299.8,309.6,1447,43.1,12,0,0,0,0,0,0,9.800000000000011,6.530920831866166
2680,L49859,L,299.8,309.5,1476,44.4,14,0,0,0,0,0,0,9.699999999999989,6.862746319913831
2681,L49860,L,299.8,309.5,1641,27.1,16,0,0,0,0,0,0,9.699999999999989,4.657002701901901
2682,L49861,L,299.8,309.5,1545,32.2,18,0,0,0,0,0,0,9.699999999999989,5.209703097447954
2683,M17542,M,299.9,309.6,1364,44.4,20,0,0,0,0,0,0,9.700000000000045,6.341995921654787
2684,L49863,L,299.8,309.5,1590,28.5,23,0,0,0,0,0,0,9.699999999999989,4.745375703247382
2685,L49864,L,299.8,309.4,1460,37.4,25,0,0,0,0,0,0,9.599999999999966,5.7181175085539016
2686,L49865,L,299.8,309.4,1609,32.5,27,0,0,0,0,0,0,9.599999999999966,5.476057794594808
2687,L49866,L,299.8,309.4,1633,27.5,29,0,0,0,0,0,0,9.599999999999966,4.702702403036121
2688,L49867,L,299.9,309.4,1348,52.8,31,0,0,0,0,0,0,9.5,7.453365738788713
2689,L49868,L,299.9,309.4,1322,53.9,33,0,0,0,0,0,0,9.5,7.461889926855453
2690,L49869,L,300.0,309.5,1641,30.1,35,0,0,0,0,0,0,9.5,5.172538056355988
2691,L49870,L,300.0,309.5,1728,26.0,37,0,0,0,0,0,0,9.5,4.704849158016074
2692,L49871,L,300.0,309.6,1431,47.7,39,0,0,0,0,0,0,9.600000000000023,7.14803434878632
2693,L49872,L,300.1,309.7,1641,30.4,41,0,0,0,0,0,0,9.599999999999966,5.224091591801395
2694,M17553,M,300.1,309.6,1622,36.1,43,0,0,0,0,0,0,9.5,6.131781485227582
2695,M17554,M,300.1,309.6,1625,38.0,46,0,0,0,0,0,0,9.5,6.46644487863899
2696,L49875,L,300.0,309.5,1869,22.7,49,0,0,0,0,0,0,9.5,4.442871746633221
2697,L49876,L,300.0,309.6,1452,46.0,51,0,0,0,0,0,0,9.600000000000023,6.994441883952315
2698,L49877,L,300.0,309.6,1618,28.7,53,0,0,0,0,0,0,9.600000000000023,4.862829380589593
2699,L49878,L,300.0,309.4,2010,20.0,55,0,0,0,0,0,0,9.399999999999977,4.209734155810323
2700,L49879,L,299.9,309.4,1363,60.9,57,0,0,0,0,0,0,9.5,8.692441297291062
2701,L49880,L,299.9,309.3,1473,40.4,59,0,0,0,0,0,0,9.400000000000034,6.231788851366857
2702,L49881,L,299.9,309.2,1333,50.8,61,0,0,0,0,0,0,9.300000000000011,7.091244825584929
2703,L49882,L,299.8,309.2,1760,25.9,63,0,0,0,0,0,0,9.399999999999977,4.7735453173745706
2704,M17563,M,299.8,309.2,1372,58.2,65,0,0,0,0,0,0,9.399999999999977,8.36191433420688
2705,M17564,M,299.7,309.2,1608,34.4,68,0,0,0,0,0,0,9.5,5.792594198395005
2706,L49885,L,299.7,309.2,1326,64.8,71,0,0,0,0,0,0,9.5,8.998024014705742
2707,M17566,M,299.6,309.1,1560,37.1,73,0,0,0,0,0,0,9.5,6.060760547305429
2708,M17567,M,299.6,309.0,1539,36.1,76,0,0,0,0,0,0,9.399999999999977,5.818009682962545
2709,L49888,L,299.6,309.1,2266,15.3,79,0,0,0,0,0,0,9.5,3.6306129660475803
2710,L49889,L,299.6,309.1,1641,35.8,81,0,0,0,0,0,0,9.5,6.152055229818749
2711,L49890,L,299.6,309.1,1574,39.2,83,0,0,0,0,0,0,9.5,6.461292666687104
2712,L49891,L,299.6,309.1,1407,50.6,85,0,0,0,0,0,0,9.5,7.4554391899400825
2713,H32126,H,299.7,309.2,1302,55.5,87,0,0,0,0,0,0,9.5,7.567154224701735
2714,M17573,M,299.6,309.2,1651,30.8,92,0,0,0,0,0,0,9.599999999999966,5.325083323638795
2715,M17574,M,299.6,309.1,1366,55.2,95,0,0,0,0,0,0,9.5,7.89620463923873
2716,M17575,M,299.5,309.0,1701,28.6,98,0,0,0,0,0,0,9.5,5.094469478914282
2717,L49896,L,299.5,309.0,1498,44.6,101,0,0,0,0,0,0,9.5,6.996410615348564
2718,M17577,M,299.5,309.1,1422,45.3,103,0,0,0,0,0,0,9.600000000000023,6.745690577641075
2719,L49898,L,299.5,309.1,1357,47.3,106,0,0,0,0,0,0,9.600000000000023,6.721552674085994
2720,L49899,L,299.5,309.2,1690,29.2,108,0,0,0,0,0,0,9.699999999999989,5.16771047564497
2721,L49900,L,299.6,309.2,1559,39.1,110,0,0,0,0,0,0,9.599999999999966,6.3833916408535885
2722,M17581,M,299.6,309.3,1553,32.4,112,0,0,0,0,0,0,9.699999999999989,5.269204862306944
2723,L49902,L,299.6,309.3,1558,34.8,115,0,0,0,0,0,0,9.699999999999989,5.677737570979761
2724,L49903,L,299.7,309.4,1362,51.9,117,0,0,0,0,0,0,9.699999999999989,7.402409105947486
2725,M17584,M,299.8,309.3,1470,42.7,119,0,0,0,0,0,0,9.5,6.573154309105925
2726,L49905,L,299.8,309.4,1555,34.8,122,0,0,0,0,0,0,9.599999999999966,5.666804828545269
2727,M17586,M,299.8,309.4,1423,42.9,124,0,0,0,0,0,0,9.599999999999966,6.392795474863335
2728,L49907,L,299.7,309.3,1434,38.5,127,0,0,0,0,0,0,9.600000000000023,5.781472960401296
2729,L49908,L,299.7,309.3,1779,25.5,129,0,0,0,0,0,0,9.600000000000023,4.750559331125806
2730,L49909,L,299.7,309.3,1417,54.6,131,0,0,0,0,0,0,9.600000000000023,8.10197895804886
2731,L49910,L,299.6,309.2,1425,45.9,133,0,0,0,0,0,0,9.599999999999966,6.849457382989147
2732,M17591,M,299.7,309.2,1597,32.9,135,0,0,0,0,0,0,9.5,5.502112069668581
2733,L49912,L,299.7,309.2,1346,57.4,138,0,0,0,0,0,0,9.5,8.090690168446962
2734,L49913,L,299.7,309.2,1422,40.4,140,0,0,0,0,0,0,9.5,6.0160242679183105
2735,H32148,H,299.7,309.2,1572,32.8,142,0,0,0,0,0,0,9.5,5.399518125577848
2736,L49915,L,299.7,309.2,1412,45.4,147,0,0,0,0,0,0,9.5,6.713038957994765
2737,M17596,M,299.7,309.1,1576,36.4,149,0,0,0,0,0,0,9.400000000000034,6.007395360096449
2738,M17597,M,299.7,309.1,1508,41.2,152,0,0,0,0,0,0,9.400000000000034,6.5061964976824145
2739,M17598,M,299.8,309.1,1496,44.4,155,0,0,0,0,0,0,9.300000000000011,6.955737462460089
2740,L49919,L,299.8,309.2,1572,35.4,158,0,0,0,0,0,0,9.399999999999977,5.827528708702923
2741,L49920,L,299.6,309.0,1525,42.8,160,0,0,0,0,0,0,9.399999999999977,6.835058416660193
2742,L49921,L,299.6,309.0,1378,51.9,162,0,0,0,0,0,0,9.399999999999977,7.489368390598852
2743,L49922,L,299.6,309.1,1369,51.4,164,0,0,0,0,0,0,9.5,7.368773120603052
2744,L49923,L,299.6,309.1,1476,45.3,166,0,0,0,0,0,0,9.5,7.001856042614787
2745,L49924,L,299.7,309.2,1620,30.0,168,0,0,0,0,0,0,9.5,5.0893800988154645
2746,M17605,M,299.7,309.1,1603,38.5,170,0,0,0,0,0,0,9.400000000000034,6.462832047087362
2747,L49926,L,299.7,309.2,1411,46.1,173,0,0,0,0,0,0,9.5,6.811716383244022
2748,L49927,L,299.7,309.2,1616,31.6,175,0,0,0,0,0,0,9.5,5.347577127038498
2749,L49928,L,299.7,309.2,1631,35.1,177,0,0,0,0,0,0,9.5,5.995007013065795
2750,M17609,M,299.7,309.2,1685,28.9,179,1,0,0,0,0,0,9.5,5.099485555184512
2751,H32164,H,299.7,309.2,1456,40.6,182,0,0,0,0,0,0,9.5,6.1903617162415205
2752,L49931,L,299.7,309.1,1417,50.1,187,0,0,0,0,0,0,9.400000000000034,7.4342334395283505
2753,M17612,M,299.7,309.1,1851,24.7,189,0,0,0,0,0,0,9.400000000000034,4.787755788144308
2754,L49933,L,299.7,309.1,1715,27.8,192,0,0,0,0,0,0,9.400000000000034,4.992723764840019
2755,H32168,H,299.6,309.1,1630,32.3,194,0,0,0,0,0,0,9.5,5.513390387294966
2756,L49935,L,299.7,309.2,1478,38.8,199,0,0,0,0,0,0,9.5,6.005300964994056
2757,L49936,L,299.7,309.2,1781,29.6,201,0,0,0,0,0,0,9.5,5.520574162496176
2758,L49937,L,299.8,309.2,1439,36.1,203,0,0,0,0,0,0,9.399999999999977,5.439971366980574
2759,M17618,M,299.7,309.2,1412,45.3,205,0,0,0,0,0,0,9.5,6.698252528571869
2760,L49939,L,299.7,309.1,1483,41.1,208,0,0,0,0,0,0,9.400000000000034,6.382805210224919
2761,L49940,L,299.8,309.2,1400,42.6,210,0,0,0,0,0,0,9.399999999999977,6.245486195336509
2762,L49941,L,299.8,309.3,1299,65.1,212,1,0,0,0,1,0,9.5,8.855615619718515
2763,L49942,L,299.8,309.2,1479,44.4,214,0,0,0,0,0,0,9.399999999999977,6.876694991295769
2764,L49943,L,299.8,309.2,1491,47.5,216,0,0,0,0,0,0,9.399999999999977,7.416514856962104
2765,M17624,M,299.9,309.3,1389,52.8,0,0,0,0,0,0,0,9.400000000000034,7.680063064671752
2766,M17625,M,299.9,309.4,1399,54.8,3,0,0,0,0,0,0,9.5,8.028360970199738
2767,M17626,M,299.9,309.4,1889,26.0,6,0,0,0,0,0,0,9.5,5.1432060529469705
2768,L49947,L,300.0,309.5,1925,21.9,9,0,0,0,0,0,0,9.5,4.414723076457056
2769,L49948,L,300.0,309.5,1675,30.2,11,0,0,0,0,0,0,9.5,5.2972488127279895
2770,M17629,M,300.0,309.6,1477,38.1,13,0,0,0,0,0,0,9.600000000000023,5.892968083677198
2771,L49950,L,300.0,309.6,1364,45.9,16,0,0,0,0,0,0,9.600000000000023,6.556252540629611
2772,L49951,L,299.9,309.5,1451,39.4,18,0,0,0,0,0,0,9.600000000000023,5.986765568337877
2773,L49952,L,299.9,309.4,1467,41.2,20,0,0,0,0,0,0,9.5,6.3293038873342855
2774,L49953,L,299.9,309.4,1858,22.5,22,0,0,0,0,0,0,9.5,4.377809362777377
2775,L49954,L,300.1,309.4,1559,39.7,24,0,0,0,0,0,0,9.299999999999955,6.481346499792519
2776,L49955,L,300.1,309.4,1560,47.7,26,0,0,0,0,0,0,9.299999999999955,7.7924064179641235
2777,L49956,L,300.1,309.4,1453,47.6,28,0,0,0,0,0,0,9.299999999999955,7.242711479390005
2778,L49957,L,300.1,309.4,1464,41.7,30,0,0,0,0,0,0,9.299999999999955,6.393015386349086
2779,L49958,L,300.0,309.4,1308,50.2,32,0,0,0,0,0,0,9.399999999999977,6.876066672765052
2780,L49959,L,300.1,309.5,1353,50.9,34,0,0,0,0,0,0,9.399999999999977,7.211808679654193
2781,M17640,M,300.2,309.6,1556,35.8,36,0,0,0,0,0,0,9.400000000000034,5.833393014989623
2782,L49961,L,300.2,309.5,2183,17.8,39,0,0,0,0,0,0,9.300000000000011,4.069137412586668
2783,M17642,M,300.2,309.6,1491,41.8,41,0,0,0,0,0,0,9.400000000000034,6.526533074126652
2784,M17643,M,300.2,309.6,1528,35.1,44,0,0,0,0,0,0,9.400000000000034,5.616413682381689
2785,L49964,L,300.2,309.6,1430,52.7,47,0,0,0,0,0,0,9.400000000000034,7.8917854655726805
2786,L49965,L,300.2,309.5,1495,32.6,49,0,0,0,0,0,0,9.300000000000011,5.103726705266858
2787,M17646,M,300.2,309.5,1630,28.3,51,0,0,0,0,0,0,9.300000000000011,4.830617583914786
2788,M17647,M,300.3,309.6,1524,38.4,54,0,0,0,0,0,0,9.300000000000011,6.128367621210681
2789,L49968,L,300.3,309.6,1326,52.4,57,0,0,0,0,0,0,9.300000000000011,7.2761799131262475
2790,H32203,H,300.3,309.5,1438,44.0,59,0,0,0,0,0,0,9.199999999999989,6.625828345931112
2791,L49970,L,300.4,309.6,1356,45.9,64,0,0,0,0,0,0,9.200000000000045,6.517799446549672
2792,H32205,H,300.4,309.6,1416,43.3,66,0,0,0,0,0,0,9.200000000000045,6.420661401700675
2793,L49972,L,300.4,309.7,1584,32.6,71,0,0,0,0,0,0,9.300000000000011,5.40756060277104
2794,L49973,L,300.3,309.6,1597,31.8,73,0,0,0,0,0,0,9.300000000000011,5.318150875849873
2795,L49974,L,300.4,309.6,1553,43.9,75,0,0,0,0,0,0,9.200000000000045,7.139447328866508
2796,M17655,M,300.3,309.5,1405,49.4,77,0,0,0,0,0,0,9.199999999999989,7.268284043590226
2797,L49976,L,300.2,309.5,1539,35.3,80,0,0,0,0,0,0,9.300000000000011,5.68907872045922
2798,M17657,M,300.3,309.6,1398,53.7,82,0,0,0,0,0,0,9.300000000000011,7.861584288196171
2799,L49978,L,300.3,309.6,1568,39.6,85,0,0,0,0,0,0,9.300000000000011,6.502342810694011
2800,L49979,L,300.3,309.6,1404,44.6,87,0,0,0,0,0,0,9.300000000000011,6.557383513984902
2801,M17660,M,300.2,309.5,1500,45.7,89,0,0,0,0,0,0,9.300000000000011,7.1785392134526775
2802,M17661,M,300.2,309.5,1642,28.8,92,0,0,0,0,0,0,9.300000000000011,4.9521553317066624
2803,M17662,M,300.3,309.6,1509,46.6,95,0,0,0,0,0,0,9.300000000000011,7.363830348161403
2804,L49983,L,300.2,309.5,1343,50.2,98,0,0,0,0,0,0,9.300000000000011,7.060059282510295
2805,L49984,L,300.1,309.5,1450,40.1,100,0,0,0,0,0,0,9.399999999999977,6.088930161432617
2806,L49985,L,300.0,309.4,1460,43.5,102,0,0,0,0,0,0,9.399999999999977,6.650751647649592
2807,L49986,L,300.0,309.3,1364,41.2,104,0,0,0,0,0,0,9.300000000000011,5.884915134508497
2808,M17667,M,299.9,309.3,1452,41.9,106,0,0,0,0,0,0,9.400000000000034,6.371024237773957
2809,L49988,L,299.9,309.3,1471,41.8,109,0,0,0,0,0,0,9.400000000000034,6.438987358846616
2810,L49989,L,299.9,309.2,1598,34.6,111,0,0,0,0,0,0,9.300000000000011,5.790039036370084
2811,L49990,L,299.8,309.1,1772,24.8,113,0,0,0,0,0,0,9.300000000000011,4.601972470586521
2812,L49991,L,299.9,309.2,1761,25.6,115,0,0,0,0,0,0,9.300000000000011,4.720934112402454
2813,M17672,M,300.0,309.3,1413,40.7,117,0,0,0,0,0,0,9.300000000000011,6.022338869152025
2814,L49993,L,300.0,309.3,1887,22.6,120,0,0,0,0,0,0,9.300000000000011,4.465899620784034
2815,L49994,L,300.0,309.3,1395,56.5,122,0,0,0,0,0,0,9.300000000000011,8.253749299143783
2816,M17675,M,300.1,309.4,1569,31.6,124,0,0,0,0,0,0,9.299999999999955,5.192047346734779
2817,L49996,L,300.1,309.4,1434,47.3,127,0,0,0,0,0,0,9.299999999999955,7.102952494207306
2818,L49997,L,300.2,309.5,1417,41.1,129,0,0,0,0,0,0,9.300000000000011,6.09874240248733
2819,L49998,L,300.2,309.5,1729,28.4,131,0,0,0,0,0,0,9.300000000000011,5.142116967493726
2820,L49999,L,300.2,309.5,1356,51.1,133,0,0,0,0,0,0,9.300000000000011,7.2561993838494185
2821,L50000,L,300.2,309.5,1436,48.8,135,0,0,0,0,0,0,9.300000000000011,7.338425335569374
2822,M17681,M,300.3,309.6,1419,42.5,137,0,0,0,0,0,0,9.300000000000011,6.315386631878882
2823,L50002,L,300.3,309.6,1593,38.1,140,0,0,0,0,0,0,9.300000000000011,6.355787513404047
2824,M17683,M,300.3,309.5,1320,62.2,142,0,0,0,0,0,0,9.199999999999989,8.597910774344546
2825,M17684,M,300.3,309.5,1448,42.4,145,0,0,0,0,0,0,9.199999999999989,6.429290309522535
2826,L50005,L,300.3,309.4,1470,33.5,148,0,0,0,0,0,0,9.099999999999966,5.156924340867644
2827,M17686,M,300.3,309.4,1612,33.1,150,0,0,0,0,0,0,9.099999999999966,5.587552917870711
2828,L50007,L,300.4,309.4,1412,51.6,153,0,0,0,0,0,0,9.0,7.629797582214316
2829,M17688,M,300.4,309.4,1875,23.9,155,0,0,0,0,0,0,9.0,4.6927540262997525
2830,L50009,L,300.3,309.3,1612,36.0,158,0,0,0,0,0,0,9.0,6.077096829104096
2831,M17690,M,300.4,309.3,1411,41.6,160,0,0,0,0,0,0,8.900000000000034,6.146798298111741
2832,M17691,M,300.3,309.2,1490,47.9,163,0,0,0,0,0,0,8.899999999999977,7.473953642645236
2833,M17692,M,300.4,309.3,1467,40.3,166,0,0,0,0,0,0,8.900000000000034,6.191042394649797
2834,L50013,L,300.3,309.2,1807,26.4,169,0,0,0,0,0,0,8.899999999999977,4.995634974032345
2835,L50014,L,300.3,309.1,1368,46.0,171,0,0,0,0,0,0,8.800000000000011,6.589804750169949
2836,L50015,L,300.3,309.2,1572,32.0,173,0,0,0,0,0,0,8.899999999999977,5.267822561539365
2837,M17696,M,300.3,309.1,1458,44.3,175,0,0,0,0,0,0,8.800000000000011,6.7637861513257524
2838,L50017,L,300.3,309.1,1699,30.3,178,0,0,0,0,0,0,8.800000000000011,5.390941577633549
2839,L50018,L,300.3,309.3,1478,39.5,180,0,0,0,0,0,0,9.0,6.113644023640857
2840,M17699,M,300.4,309.4,1362,42.1,182,0,0,0,0,0,0,9.0,6.004651702512315
2841,H32254,H,300.4,309.4,1487,38.9,185,0,0,0,0,0,0,9.0,6.057440931068136
2842,L50021,L,300.3,309.4,1705,29.4,190,0,0,0,0,0,0,9.099999999999966,5.249287164883185
2843,L50022,L,300.3,309.3,1345,53.5,192,0,0,0,0,0,0,9.0,7.535371779022918
2844,L50023,L,300.3,309.2,1532,40.2,194,0,0,0,0,0,0,8.899999999999977,6.449312726701415
2845,L50024,L,300.3,309.2,1650,35.2,196,0,0,0,0,0,0,8.899999999999977,6.0821233773498395
2846,L50025,L,300.3,309.2,1398,54.4,198,0,0,0,0,0,0,8.899999999999977,7.964063040556269
2847,L50026,L,300.3,309.2,1412,44.8,200,0,0,0,0,0,0,8.899999999999977,6.62432038145739
2848,L50027,L,300.4,309.3,1525,39.6,202,0,0,0,0,0,0,8.900000000000034,6.324026011676254
2849,M17708,M,300.3,309.3,1391,57.9,204,0,0,0,0,0,0,9.0,8.434013885606767
2850,L50029,L,300.4,309.3,1766,28.2,207,0,0,0,0,0,0,8.900000000000034,5.215169468665201
2851,L50030,L,300.4,309.3,1671,35.0,209,0,0,0,0,0,0,8.900000000000034,6.124534878173302
2852,L50031,L,300.5,309.3,1373,48.8,211,0,0,0,0,0,0,8.800000000000011,7.016474920429491
2853,M17712,M,300.5,309.4,1347,50.1,213,0,0,0,0,0,0,8.899999999999977,7.066981258323704
2854,M17713,M,300.5,309.3,1539,39.1,216,0,0,0,0,0,0,8.800000000000011,6.301500792350014
2855,L50034,L,300.5,309.3,1470,40.8,219,0,0,0,0,0,0,8.800000000000011,6.280672033056714
2856,L50035,L,300.5,309.3,1528,37.0,221,0,0,0,0,0,0,8.800000000000011,5.920436075445085
2857,H32270,H,300.5,309.3,1471,45.2,223,0,0,0,0,0,0,8.800000000000011,6.962732742102083
2858,M17717,M,300.4,309.2,1528,37.2,228,0,0,0,0,0,0,8.800000000000011,5.952438432609652
2859,L50038,L,300.5,309.3,1417,51.5,231,1,0,0,0,1,0,8.800000000000011,7.6419764897347315
2860,L50039,L,300.6,309.4,1549,43.4,233,0,0,0,0,0,0,8.799999999999955,7.03995308952732
2861,H32274,H,300.6,309.4,1463,49.2,235,0,0,0,0,0,0,8.799999999999955,7.537686085611063
2862,L50041,L,300.7,309.5,1479,43.6,240,0,0,0,0,0,0,8.800000000000011,6.75279057703819
2863,L50042,L,300.6,309.5,1867,23.0,242,0,0,0,0,0,0,8.899999999999977,4.49677100459331
2864,L50043,L,300.6,309.4,1471,44.1,244,0,0,0,0,0,0,8.799999999999955,6.793285706342961
2865,H32278,H,300.6,309.4,1380,47.6,246,1,1,0,0,0,0,8.799999999999955,6.878831274300211
2866,H32279,H,300.7,309.7,1623,32.7,0,0,0,0,0,0,0,9.0,5.557697315686096
2867,L50046,L,300.8,309.7,1997,20.7,5,0,0,0,0,0,0,8.899999999999977,4.3288947651609835
2868,H32281,H,300.7,309.6,1390,48.5,7,0,0,0,0,0,0,8.900000000000034,7.059682291391863
2869,L50048,L,300.8,309.7,1418,46.6,12,0,0,0,0,0,0,8.899999999999977,6.919755754600975
2870,L50049,L,300.8,309.7,1519,35.8,14,0,0,0,0,0,0,8.899999999999977,5.694681227358122
2871,M17730,M,300.8,309.7,1519,39.7,16,0,0,0,0,0,0,8.899999999999977,6.3150515286625
2872,M17731,M,300.7,309.6,1536,37.2,19,0,0,0,0,0,0,8.900000000000034,5.983603031733264
2873,L50052,L,300.8,309.6,1680,28.7,22,0,0,0,0,0,0,8.800000000000011,5.049167712849516
2874,H32287,H,300.6,309.4,1555,37.9,24,0,0,0,0,0,0,8.799999999999955,6.1716064080995885
2875,L50054,L,300.6,309.5,1471,49.6,29,0,0,0,0,0,0,8.899999999999977,7.640520885138569
2876,M17735,M,300.5,309.4,1877,23.8,31,0,0,0,0,0,0,8.899999999999977,4.678103732558512
2877,M17736,M,300.5,309.3,1578,30.5,34,0,0,0,0,0,0,8.800000000000011,5.040057094154106
2878,M17737,M,300.5,309.4,1655,32.1,37,0,0,0,0,0,0,8.899999999999977,5.563289350609486
2879,H32292,H,300.5,309.4,1502,34.3,40,0,0,0,0,0,0,8.899999999999977,5.395015176107703
2880,M17739,M,300.6,309.4,1367,63.2,45,1,0,0,1,0,0,8.799999999999955,9.047200411709936
2881,L50060,L,300.7,309.5,1541,37.2,48,0,0,0,0,0,0,8.800000000000011,6.003080906185521
2882,M17741,M,300.6,309.6,1588,37.0,50,0,0,0,0,0,0,9.0,6.15291393181073
2883,L50062,L,300.6,309.6,1684,32.8,53,0,0,0,0,0,0,9.0,5.784216617985431
2884,L50063,L,300.6,309.5,1437,40.0,55,0,0,0,0,0,0,8.899999999999977,6.019291524278044
2885,L50064,L,300.6,309.6,1409,42.4,57,0,0,0,0,0,0,9.0,6.256125722456665
2886,M17745,M,300.5,309.5,1320,49.9,59,0,0,0,0,0,0,9.0,6.897680830221749
2887,H32300,H,300.5,309.5,1635,34.2,62,0,0,0,0,0,0,9.0,5.855614547026016
2888,M17747,M,300.5,309.5,1691,27.6,67,0,0,0,0,0,0,9.0,4.8874385230427135
2889,M17748,M,300.6,309.6,1365,50.0,70,0,0,0,0,0,0,9.0,7.147123286916779
2890,M17749,M,300.7,309.7,1523,38.2,73,0,0,0,0,0,0,9.0,6.0924487452046385
2891,L50070,L,300.6,309.7,1593,32.4,76,0,0,0,0,0,0,9.099999999999966,5.404921664942023
2892,L50071,L,300.6,309.6,1682,30.7,78,0,0,0,0,0,0,9.0,5.40745588301592
2893,L50072,L,300.7,309.6,1329,54.3,80,0,0,0,0,0,0,8.900000000000034,7.557069712283711
2894,M17753,M,300.7,309.6,1568,35.2,82,0,0,0,0,0,0,8.900000000000034,5.779860276172455
2895,L50074,L,300.7,309.6,1733,24.8,85,0,0,0,0,0,0,8.900000000000034,4.500687523434785
2896,M17755,M,300.7,309.6,1473,48.1,87,0,0,0,0,0,0,8.900000000000034,7.419530785909551
2897,M17756,M,300.7,309.5,1633,31.3,90,0,0,0,0,0,0,8.800000000000011,5.352530371455659
2898,M17757,M,300.6,309.5,1530,40.2,93,0,0,0,0,0,0,8.899999999999977,6.440893258389794
2899,M17758,M,300.6,309.5,1550,40.2,96,0,0,0,0,0,0,8.899999999999977,6.525087941506
2900,L50079,L,300.6,309.4,1410,40.6,99,0,0,0,0,0,0,8.799999999999955,5.994787101580044
2901,L50080,L,300.5,309.3,1574,33.5,101,0,0,0,0,0,0,8.800000000000011,5.52176796770454
2902,L50081,L,300.6,309.4,1425,40.3,103,0,0,0,0,0,0,8.799999999999955,6.013793737134261
2903,M17762,M,300.6,309.4,1541,35.2,105,0,0,0,0,0,0,8.799999999999955,5.68033462090673
2904,M17763,M,300.7,309.5,1733,26.7,108,0,0,0,0,0,0,8.800000000000011,4.845498261117289
2905,L50084,L,300.6,309.4,2496,13.5,111,0,0,0,0,0,0,8.799999999999955,3.5286368685120557
2906,L50085,L,300.6,309.4,1552,36.4,113,0,0,0,0,0,0,8.799999999999955,5.915912182023915
2907,L50086,L,300.6,309.3,1409,38.7,115,0,0,0,0,0,0,8.699999999999989,5.7101902230913435
2908,M17767,M,300.6,309.4,1581,35.7,117,0,0,0,0,0,0,8.799999999999955,5.910561002537301
2909,L50088,L,300.7,309.5,1251,59.9,120,0,0,0,0,0,0,8.800000000000011,7.847164377916193
2910,L50089,L,300.7,309.6,1500,44.1,122,0,0,0,0,0,0,8.900000000000034,6.927211801165494
2911,L50090,L,300.6,309.5,1576,38.8,124,0,0,0,0,0,0,8.899999999999977,6.4034873618610515
2912,M17771,M,300.7,309.5,1352,44.0,126,0,0,0,0,0,0,8.800000000000011,6.22956879255832
2913,L50092,L,300.7,309.6,1661,30.3,129,0,0,0,0,0,0,8.900000000000034,5.270367251588773
2914,L50093,L,300.7,309.6,1541,34.6,131,0,0,0,0,0,0,8.900000000000034,5.583510735323092
2915,H32328,H,300.6,309.6,1888,20.5,133,0,0,0,0,0,0,9.0,4.053073402151312
2916,L50095,L,300.5,309.5,1255,62.1,138,0,0,0,0,0,0,9.0,8.161386475128245
2917,L50096,L,300.6,309.6,1411,41.6,140,0,0,0,0,0,0,9.0,6.146798298111741
2918,L50097,L,300.6,309.5,1516,39.0,142,0,0,0,0,0,0,8.899999999999977,6.191450801694764
2919,M17778,M,300.6,309.5,1492,34.0,144,0,0,0,0,0,0,8.899999999999977,5.312223737710101
2920,L50099,L,300.6,309.6,1726,30.0,147,0,0,0,0,0,0,9.0,5.422388920095982
2921,L50100,L,300.7,309.7,1598,33.7,149,0,0,0,0,0,0,9.0,5.63943108455699
2922,L50101,L,300.8,309.8,1657,31.1,151,0,0,0,0,0,0,9.0,5.39649172465489
2923,L50102,L,300.8,309.7,1481,38.1,153,0,0,0,0,0,0,8.899999999999977,5.908927374357434
2924,M17783,M,300.7,309.7,1397,51.3,155,0,0,0,0,0,0,9.0,7.504856442381048
2925,L50104,L,300.8,309.7,1461,44.3,158,0,0,0,0,0,0,8.899999999999977,6.7777034067811535
2926,M17785,M,300.7,309.6,1388,51.1,160,0,0,0,0,0,0,8.900000000000034,7.4274371274210855
2927,L50106,L,300.7,309.7,1507,52.4,163,0,0,0,0,0,0,9.0,8.269383958583148
2928,M17787,M,300.7,309.6,1421,49.8,165,0,0,0,0,0,0,8.900000000000034,7.410577246846819
2929,M17788,M,300.8,309.7,1258,54.9,168,0,0,0,0,0,0,8.899999999999977,7.232386111535206
2930,M17789,M,300.8,309.7,1482,39.0,171,0,0,0,0,0,0,8.899999999999977,6.052592406406095
2931,H32344,H,300.7,309.6,1403,51.3,174,0,0,0,0,0,0,8.900000000000034,7.537089183006881
2932,L50111,L,300.8,309.7,1373,45.4,179,0,0,0,0,0,0,8.899999999999977,6.527622159579895
2933,L50112,L,300.9,309.7,1460,42.1,181,0,0,0,0,0,0,8.800000000000011,6.436704468185008
2934,M17793,M,300.8,309.7,1751,27.9,183,0,0,0,0,0,0,8.899999999999977,5.1158637248852274
2935,M17794,M,300.8,309.6,1546,42.3,186,0,0,0,0,0,0,8.800000000000011,6.848232161854247
2936,M17795,M,300.8,309.7,1680,28.2,189,0,0,0,0,0,0,8.899999999999977,4.961203118549001
2937,M17796,M,300.9,309.7,1394,48.8,192,0,0,0,0,0,0,8.800000000000011,7.123791725476118
2938,L50117,L,300.7,309.6,1810,26.0,195,0,0,0,0,0,0,8.900000000000034,4.928111675931189
2939,L50118,L,300.7,309.5,1479,34.5,197,0,0,0,0,0,0,8.800000000000011,5.3433778648581995
2940,L50119,L,300.9,309.7,1431,41.4,199,0,0,0,0,0,0,8.800000000000011,6.203954340456052
2941,L50120,L,300.9,309.7,2355,14.4,201,0,0,0,0,0,0,8.800000000000011,3.551256335617902
2942,M17801,M,300.7,309.6,1996,19.8,203,1,1,0,0,0,0,8.900000000000034,4.138608498133051
2943,L50122,L,300.7,309.5,1461,49.9,0,0,0,0,0,0,0,8.800000000000011,7.6344785552681635
2944,H32357,H,300.7,309.5,2007,19.7,2,0,0,0,0,0,0,8.800000000000011,4.140399205945596
2945,L50124,L,300.7,309.6,1505,34.9,7,0,0,0,0,0,0,8.900000000000034,5.500352777782569
2946,H32359,H,300.7,309.6,1925,20.5,9,0,0,0,0,0,0,8.900000000000034,4.132503336409574
2947,M17806,M,300.7,309.5,1622,30.5,14,0,0,0,0,0,0,8.800000000000011,5.180591005524689
2948,L50127,L,300.7,309.5,1592,29.0,17,0,0,0,0,0,0,8.800000000000011,4.834701654364453
2949,L50128,L,300.7,309.5,1850,24.5,19,0,0,0,0,0,0,8.800000000000011,4.74642290079858
2950,M17809,M,300.7,309.5,1470,48.7,21,0,0,0,0,0,0,8.800000000000011,7.496782549261323
2951,M17810,M,300.7,309.5,1445,46.4,24,0,0,0,0,0,0,8.800000000000011,7.021250141262948
2952,L50131,L,300.7,309.5,1685,31.1,27,0,0,0,0,0,0,8.800000000000011,5.487681687413091
2953,H32366,H,300.7,309.5,1667,30.5,29,0,0,0,0,0,0,8.800000000000011,5.324318869426421
2954,L50133,L,300.7,309.5,1578,35.4,34,0,0,0,0,0,0,8.800000000000011,5.849771184690337
2955,H32368,H,300.6,309.4,1691,28.0,36,0,0,0,0,0,0,8.799999999999955,4.958270965405651
2956,M17815,M,300.7,309.5,1439,43.8,41,0,0,0,0,0,0,8.800000000000011,6.60029766963294
2957,M17816,M,300.8,309.6,1404,38.7,44,0,0,0,0,0,0,8.800000000000011,5.68992695047569
2958,L50137,L,300.8,309.6,1498,45.8,47,0,0,0,0,0,0,8.800000000000011,7.1846548471516645
2959,M17818,M,300.8,309.5,1481,44.5,49,0,0,0,0,0,0,8.699999999999989,6.901503101283617
2960,M17819,M,300.7,309.4,1589,35.0,52,0,0,0,0,0,0,8.699999999999989,5.823989180979877
2961,L50140,L,300.7,309.5,1467,44.3,55,0,0,0,0,0,0,8.800000000000011,6.805537917691961
2962,L50141,L,300.6,309.4,1654,32.8,57,0,0,0,0,0,0,8.799999999999955,5.681172378947686
2963,L50142,L,300.7,309.5,1508,39.9,59,0,0,0,0,0,0,8.800000000000011,6.300903889745833
2964,M17823,M,300.7,309.6,1439,43.0,61,0,0,0,0,0,0,8.900000000000034,6.479744287539187
2965,L50144,L,300.7,309.5,1692,30.3,64,0,0,0,0,0,0,8.800000000000011,5.3687305175726685
2966,M17825,M,300.7,309.5,1838,24.9,66,0,0,0,0,0,0,8.800000000000011,4.792625256757373
2967,L50146,L,300.6,309.3,1601,40.2,69,0,0,0,0,0,0,8.699999999999989,6.739784383452326
2968,L50147,L,300.6,309.4,1369,51.6,71,0,0,0,0,0,0,8.799999999999955,7.397445389554815
2969,M17828,M,300.6,309.4,1312,45.2,73,0,0,0,0,0,0,8.799999999999955,6.2101328060081125
2970,L50149,L,300.6,309.4,1468,44.1,76,0,0,0,0,0,0,8.799999999999955,6.779431282740629
2971,M17830,M,300.6,309.4,1452,39.4,78,0,0,0,0,0,0,8.799999999999955,5.990891526689591
2972,M17831,M,300.7,309.5,1393,43.9,81,0,0,0,0,0,0,8.800000000000011,6.403895768906018
2973,M17832,M,300.6,309.4,1432,44.2,84,0,0,0,0,0,0,8.799999999999955,6.6281740684457935
2974,M17833,M,300.6,309.3,1510,46.0,87,0,0,0,0,0,0,8.699999999999989,7.273834190611567
2975,M17834,M,300.6,309.4,1521,37.2,90,0,0,0,0,0,0,8.799999999999955,5.925169408376493
2976,H32389,H,300.5,309.4,1360,46.2,93,0,0,0,0,0,0,8.899999999999977,6.579751653678463
2977,M17836,M,300.5,309.3,1881,25.5,98,0,0,0,0,0,0,8.800000000000011,5.02293541419204
2978,L50157,L,300.4,309.3,1413,50.3,101,0,0,0,0,0,0,8.900000000000034,7.4428414033991865
2979,H32392,H,300.5,309.4,1642,36.2,103,0,0,0,0,0,0,8.899999999999977,6.224584132214625
2980,L50159,L,300.5,309.5,1542,38.5,108,0,0,0,0,0,0,9.0,6.216897702188842
2981,L50160,L,300.4,309.5,1447,39.3,110,0,0,0,0,0,0,9.100000000000023,5.955108786365204
2982,H32395,H,300.4,309.4,1530,40.4,112,0,0,0,0,0,0,9.0,6.47293750345641
2983,L50162,L,300.5,309.5,1795,27.7,117,0,0,0,0,0,0,9.0,5.206823304182163
2984,L50163,L,300.6,309.6,1290,57.4,119,0,0,0,0,0,0,9.0,7.7540789875903275
2985,L50164,L,300.6,309.7,1639,30.4,121,0,0,0,0,0,0,9.099999999999966,5.21772463069012
2986,L50165,L,300.7,309.8,1596,31.5,123,0,0,0,0,0,0,9.100000000000023,5.264680968885775
2987,L50166,L,300.6,309.8,1455,48.0,125,0,0,0,0,0,0,9.199999999999989,7.313627697557038
2988,M17847,M,300.6,309.8,1659,28.9,127,0,0,0,0,0,0,9.199999999999989,5.0207991311876
2989,M17848,M,300.6,309.8,1532,42.5,130,0,0,0,0,0,0,9.199999999999989,6.818303255841048
2990,L50169,L,300.6,309.8,1502,42.4,133,0,0,0,0,0,0,9.199999999999989,6.669056660844507
2991,L50170,L,300.6,309.8,1688,28.6,135,0,0,0,0,0,0,9.199999999999989,5.055534673960791
2992,M17851,M,300.5,309.7,1341,50.9,137,0,0,0,0,0,0,9.199999999999989,7.147845853227105
2993,M17852,M,300.5,309.7,1685,29.4,140,0,0,0,0,0,0,9.199999999999989,5.187711948872825
2994,M17853,M,300.5,309.8,1370,55.9,143,0,0,0,0,0,0,9.300000000000011,8.019753006328903
2995,L50174,L,300.5,309.8,1461,52.5,146,0,0,0,0,0,0,9.300000000000011,8.032267017065704
2996,L50175,L,300.5,309.8,1550,37.4,148,0,0,0,0,0,0,9.300000000000011,6.070604204286677
2997,M17856,M,300.5,309.8,1508,37.8,150,0,0,0,0,0,0,9.300000000000011,5.969277369232894
2998,L50177,L,300.5,309.8,1345,62.7,153,0,0,0,0,0,0,9.300000000000011,8.831174028873589
2999,L50178,L,300.5,309.7,1616,34.5,155,0,0,0,0,0,0,9.199999999999989,5.838335787431272
3000,L50179,L,300.5,309.7,1395,61.0,157,0,0,0,0,0,0,9.199999999999989,8.911127561907449
3001,H32414,H,300.5,309.8,1324,72.8,159,1,0,0,1,0,0,9.300000000000011,10.093643980669668
3002,L50181,L,300.5,309.8,1445,43.9,164,0,0,0,0,0,0,9.300000000000011,6.642950025893177
3003,M17862,M,300.5,309.8,1555,38.9,166,0,0,0,0,0,0,9.300000000000011,6.33444562731066
3004,M17863,M,300.6,309.9,1449,42.4,169,0,0,0,0,0,0,9.299999999999955,6.433730427139609
3005,M17864,M,300.5,309.9,1466,53.2,172,0,0,0,0,0,0,9.399999999999977,8.167219365488409
3006,L50185,L,300.5,309.9,1503,37.4,175,0,0,0,0,0,0,9.399999999999977,5.886527818737338
3007,L50186,L,300.4,309.7,1488,35.7,177,0,0,0,0,0,0,9.300000000000011,5.562880943564519
3008,L50187,L,300.4,309.7,1314,50.2,179,0,0,0,0,0,0,9.300000000000011,6.907608263007093
3009,M17868,M,300.4,309.7,1547,38.0,181,0,0,0,0,0,0,9.300000000000011,6.156055524464319
3010,M17869,M,300.4,309.7,1466,39.8,184,0,0,0,0,0,0,9.300000000000011,6.110062608015764
3011,L50190,L,300.3,309.6,1537,37.1,187,0,0,0,0,0,0,9.300000000000011,5.971403180261824
3012,M17871,M,300.2,309.5,1434,51.5,189,0,0,0,0,0,0,9.300000000000011,7.733658635341993
3013,L50192,L,300.4,309.6,1432,44.7,192,0,0,0,0,0,0,9.200000000000045,6.703153413111471
3014,L50193,L,300.5,309.6,1390,48.4,194,0,0,0,0,0,0,9.100000000000023,7.0451262454302315
3015,L50194,L,300.5,309.7,1580,42.8,196,0,0,0,0,0,0,9.199999999999989,7.081568720211871
3016,L50195,L,300.5,309.7,1589,30.5,198,0,0,0,0,0,0,9.199999999999989,5.0751905719967505
3017,L50196,L,300.5,309.8,1441,48.8,200,0,0,0,0,0,0,9.300000000000011,7.36397695581857
3018,L50197,L,300.5,309.8,1305,51.7,202,0,0,0,0,0,0,9.300000000000011,7.065284798290766
3019,M17878,M,300.5,309.8,1566,35.9,204,0,0,0,0,0,0,9.300000000000011,5.8872818009742005
3020,L50199,L,300.5,309.8,1379,54.2,207,1,0,0,0,1,0,9.300000000000011,7.826942993202586
3021,L50200,L,300.4,309.6,1543,38.1,209,0,0,0,0,0,0,9.200000000000045,6.156296379901095
3022,L50201,L,300.5,309.8,1421,49.6,211,0,0,0,0,0,0,9.300000000000011,7.380815892441812
3023,L50202,L,300.5,309.6,1760,30.6,213,0,0,0,0,0,0,9.100000000000023,5.639787131724397
3024,L50203,L,300.4,309.5,1711,29.2,215,0,0,0,0,0,0,9.100000000000023,5.231924629484345
3025,L50204,L,300.5,309.6,1465,41.6,217,0,0,0,0,0,0,9.100000000000023,6.382040756012545
3026,L50205,L,300.5,309.6,1366,50.2,219,0,0,0,0,0,0,9.100000000000023,7.180968711771454
3027,M17886,M,300.4,309.5,1888,21.9,221,0,0,0,0,0,0,9.100000000000023,4.329868658883596
3028,L50207,L,300.5,309.5,1777,23.6,0,0,0,0,0,0,0,9.0,4.391653314404196
3029,L50208,L,300.5,309.5,1379,55.6,2,0,0,0,0,0,0,9.0,8.029114952436602
3030,L50209,L,300.4,309.5,1525,51.3,4,0,0,0,0,0,0,9.100000000000023,8.192488242398783
3031,M17890,M,300.4,309.6,1563,34.0,6,0,0,0,0,0,0,9.200000000000045,5.56501722656896
3032,M17891,M,300.5,309.7,1389,43.3,9,0,0,0,0,0,0,9.199999999999989,6.298233535990281
3033,M17892,M,300.6,309.8,1447,42.9,12,0,0,0,0,0,0,9.199999999999989,6.5006149347345366
3034,M17893,M,300.6,309.7,1934,22.8,15,0,0,0,0,0,0,9.099999999999966,4.617638545952421
3035,H32448,H,300.6,309.7,1470,43.8,18,0,0,0,0,0,0,9.099999999999966,6.742486153134413
3036,M17895,M,300.6,309.7,1428,42.6,23,0,0,0,0,0,0,9.099999999999966,6.370395919243239
3037,L50216,L,300.4,309.6,1319,48.1,26,0,0,0,0,0,0,9.200000000000045,6.643829671836183
3038,L50217,L,300.5,309.7,1887,24.3,28,0,0,0,0,0,0,9.199999999999989,4.801830123232391
3039,L50218,L,300.4,309.5,1349,50.4,30,0,0,0,0,0,0,9.100000000000023,7.119854262683619
3040,M17899,M,300.3,309.5,1665,31.4,32,0,0,0,0,0,0,9.199999999999989,5.474853517410932
3041,L50220,L,300.3,309.5,1474,38.7,35,0,0,0,0,0,0,9.199999999999989,5.973612767094848
3042,L50221,L,300.4,309.5,1543,38.9,37,0,0,0,0,0,0,9.100000000000023,6.285562445620802
3043,M17902,M,300.2,309.4,1459,43.9,39,0,0,0,0,0,0,9.199999999999989,6.707310787389721
3044,L50223,L,300.3,309.5,1551,37.9,42,0,0,0,0,0,0,9.199999999999989,6.155730893223447
3045,L50224,L,300.2,309.4,1981,21.4,44,0,0,0,0,0,0,9.199999999999989,4.439426466689785
3046,L50225,L,300.2,309.4,1526,35.3,46,0,0,0,0,0,0,9.199999999999989,5.641022824834809
3047,M17906,M,300.2,309.4,1501,40.0,48,0,0,0,0,0,0,9.199999999999989,6.287374097384372
3048,L50227,L,300.2,309.4,1558,38.3,51,0,0,0,0,0,0,9.199999999999989,6.248774395647266
3049,L50228,L,300.2,309.3,1532,43.2,53,0,0,0,0,0,0,9.100000000000023,6.93060472123137
3050,L50229,L,300.1,309.2,1326,55.9,55,0,0,0,0,0,0,9.099999999999966,7.762184296636589
3051,L50230,L,300.2,309.2,1431,51.3,57,0,0,0,0,0,0,9.0,7.687508639260759
3052,L50231,L,300.2,309.3,1366,49.3,59,0,0,0,0,0,0,9.100000000000023,7.0522262448273425
3053,L50232,L,300.1,309.2,1421,42.5,61,0,0,0,0,0,0,9.099999999999966,6.324287811064053
3054,H32467,H,300.2,309.3,1506,35.6,63,0,0,0,0,0,0,9.100000000000023,5.614403063083391
3055,H32468,H,300.2,309.3,1342,48.7,68,0,0,0,0,0,0,9.100000000000023,6.844001483747412
3056,L50235,L,300.1,309.2,1427,37.6,73,0,0,0,0,0,0,9.099999999999966,5.618759404896369
3057,L50236,L,300.2,309.2,1667,29.9,75,0,0,0,0,0,0,9.0,5.219578170355738
3058,L50237,L,300.1,309.1,1400,46.7,77,0,0,0,0,0,0,9.0,6.846577589723356
3059,L50238,L,300.0,309.0,1709,32.1,79,0,0,0,0,0,0,9.0,5.744810574133904
3060,M17919,M,300.0,309.0,1368,45.8,81,0,0,0,0,0,0,9.0,6.56115342516921
3061,L50240,L,300.0,309.1,1882,23.8,84,0,0,0,0,0,0,9.100000000000023,4.690565383417752
3062,L50241,L,300.1,309.1,1353,58.7,86,0,0,0,0,0,0,9.0,8.316958143334011
3063,L50242,L,299.9,309.0,1553,40.0,88,0,0,0,0,0,0,9.100000000000023,6.5051911880332645
3064,L50243,L,300.0,309.1,1431,45.4,90,0,0,0,0,0,0,9.100000000000023,6.803370218760984
3065,M17924,M,300.1,309.1,1731,30.4,92,0,0,0,0,0,0,9.0,5.510604841808785
3066,M17925,M,300.1,309.2,1687,27.7,95,0,0,0,0,0,1,9.099999999999966,4.893543684766189
3067,M17926,M,300.1,309.2,1457,44.3,98,0,0,0,0,0,0,9.099999999999966,6.75914706617395
3068,L50247,L,300.1,309.2,1533,37.0,101,0,0,0,0,0,0,9.099999999999966,5.939809230142221
3069,H32482,H,300.0,309.0,1622,31.8,103,0,0,0,0,0,0,9.0,5.401403081170003
3070,L50249,L,300.0,309.1,1791,28.2,108,0,0,0,0,0,0,9.100000000000023,5.28899689602456
3071,L50250,L,300.0,309.1,1631,28.3,110,0,0,0,0,0,0,9.100000000000023,4.833581152984673
3072,L50251,L,300.0,309.0,2174,16.9,112,0,0,0,0,0,0,9.0,3.8474666349493716
3073,L50252,L,300.1,309.0,1314,58.2,114,0,0,0,0,0,0,8.899999999999977,8.008422328824958
3074,L50253,L,300.1,309.1,1478,46.9,116,0,0,0,0,0,0,9.0,7.2589849293355995
3075,L50254,L,300.1,309.2,1783,27.3,118,0,0,0,0,0,0,9.099999999999966,5.097328328229048
3076,M17935,M,300.1,309.2,1385,46.1,120,0,0,0,0,0,0,9.099999999999966,6.686199284757597
3077,L50256,L,300.0,309.2,1444,43.6,123,0,0,0,0,0,0,9.199999999999989,6.592988230725588
3078,L50257,L,300.1,309.3,1841,23.0,125,0,0,0,0,0,0,9.199999999999989,4.434148591031754
3079,M17938,M,300.1,309.4,1349,56.2,127,0,0,0,0,0,0,9.299999999999955,7.9392025706908615
3080,L50259,L,300.1,309.3,1340,56.0,130,0,0,0,0,0,0,9.199999999999989,7.85817042417927
3081,M17940,M,299.9,309.2,1539,43.2,132,0,0,0,0,0,0,9.300000000000011,6.962271975179556
3082,M17941,M,300.0,309.3,1932,21.8,135,0,0,0,0,0,0,9.300000000000011,4.410544758227783
3083,M17942,M,300.0,309.3,1407,43.9,138,0,0,0,0,0,0,9.300000000000011,6.468256530402561
3084,L50263,L,300.1,309.3,1712,28.5,141,0,0,0,0,0,0,9.199999999999989,5.109486291798439
3085,H32498,H,300.1,309.4,1329,55.2,143,0,0,0,0,0,0,9.299999999999955,7.682325011382337
3086,L50265,L,300.1,309.2,1441,42.9,148,0,0,0,0,0,0,9.099999999999966,6.473660069766735
3087,L50266,L,300.0,309.2,1610,32.1,150,0,0,0,0,0,0,9.199999999999989,5.412021664339137
3088,M17947,M,300.0,309.1,1474,45.2,152,0,0,0,0,0,0,9.100000000000023,6.976932740896309
3089,M17948,M,300.0,309.1,1624,30.8,155,0,0,0,0,0,0,9.100000000000023,5.237998375281286
3090,H32503,H,300.1,309.3,1520,38.2,158,0,0,0,0,0,0,9.199999999999989,6.080447861267925
3091,H32504,H,300.1,309.3,1448,45.8,163,0,0,0,0,0,0,9.199999999999989,6.944846607927644
3092,L50271,L,300.0,309.3,1558,29.7,168,0,0,0,0,0,0,9.300000000000011,4.8456553407499685
3093,M17952,M,300.0,309.3,2293,16.3,170,0,0,0,0,0,0,9.300000000000011,3.913995095376892
3094,L50273,L,300.0,309.3,1397,51.2,173,0,0,0,0,0,0,9.300000000000011,7.490227092590834
3095,L50274,L,300.0,309.3,1972,22.0,175,0,0,0,0,0,0,9.300000000000011,4.543161856111319
3096,M17955,M,299.9,309.2,1574,36.5,177,0,0,0,0,0,0,9.300000000000011,6.016254651379573
3097,L50276,L,299.9,309.2,1560,38.9,180,0,0,0,0,0,0,9.300000000000011,6.354813619681433
3098,M17957,M,299.9,309.2,1353,49.8,182,0,0,0,0,0,0,9.300000000000011,7.055954268109604
3099,M17958,M,299.9,309.2,1389,51.2,185,0,0,0,0,0,0,9.300000000000011,7.44733388089382
3100,M17959,M,299.9,309.1,1513,43.8,188,0,0,0,0,0,0,9.200000000000045,6.939715339926781
3101,L50280,L,299.8,309.1,1578,42.1,191,0,0,0,0,0,0,9.300000000000011,6.956931267668453
3102,H32515,H,299.8,309.0,1467,37.3,193,0,0,0,0,0,0,9.199999999999989,5.730170752368174
3103,L50282,L,299.9,309.1,1412,48.3,198,0,0,0,0,0,0,9.200000000000045,7.141845411258748
3104,L50283,L,299.8,309.1,1668,30.3,200,0,0,0,0,0,0,9.300000000000011,5.2925783116496525
3105,M17964,M,299.8,309.2,1678,29.8,202,0,0,0,0,0,0,9.399999999999977,5.2364485229055155
3106,L50285,L,299.8,309.1,1612,35.4,205,0,0,0,0,0,0,9.300000000000011,5.97581188195236
3107,L50286,L,299.8,309.1,1485,39.9,207,0,0,0,0,0,0,9.300000000000011,6.204802570472521
3108,M17967,M,299.8,309.1,1456,39.4,209,0,0,0,0,0,0,9.300000000000011,6.007395360096449
3109,L50288,L,299.8,309.2,1504,38.7,212,0,0,0,0,0,0,9.399999999999977,6.095192402788774
3110,L50289,L,299.9,309.2,1491,44.3,214,0,0,0,0,0,0,9.300000000000011,6.916875961335182
3111,H32524,H,299.9,309.2,1525,33.2,0,0,0,0,0,0,0,9.300000000000011,5.301961201708375
3112,L50291,L,300.0,309.2,1759,27.9,5,0,0,0,0,0,0,9.199999999999989,5.139237174227935
3113,M17972,M,299.8,309.1,1355,56.7,7,0,0,0,0,0,0,9.300000000000011,8.04546170621078
3114,M17973,M,299.9,309.1,1345,56.8,10,0,0,0,0,0,0,9.200000000000045,8.000170412121527
3115,M17974,M,299.9,309.2,1683,30.5,13,0,0,0,0,0,0,9.300000000000011,5.375422109924815
3116,L50295,L,299.9,309.2,1658,34.8,16,0,0,0,0,0,0,9.300000000000011,6.042162318796176
3117,L50296,L,300.0,309.2,1566,34.4,18,0,0,0,0,0,0,9.199999999999989,5.64129509619812
3118,M17977,M,300.1,309.3,1469,43.9,20,0,0,0,0,0,0,9.199999999999989,6.7532827598872505
3119,M17978,M,300.2,309.5,1458,46.9,23,0,0,0,0,0,0,9.300000000000011,7.160757799033359
3120,L50299,L,300.1,309.4,1858,23.6,26,0,0,0,0,0,0,9.299999999999955,4.591835598290938
3121,H32534,H,300.1,309.4,1563,40.8,28,0,0,0,0,0,0,9.299999999999955,6.678020671882751
3122,L50301,L,300.1,309.4,2141,17.9,33,0,0,0,0,0,0,9.299999999999955,4.013269423230329
3123,L50302,L,300.0,309.3,1473,46.0,35,0,0,0,0,0,0,9.300000000000011,7.0956011673979065
3124,H32537,H,300.0,309.4,1498,38.5,37,0,0,0,0,0,0,9.399999999999977,6.0395024370161385
3125,L50304,L,300.1,309.4,1568,39.7,42,0,0,0,0,0,0,9.299999999999955,6.518762868296774
3126,L50305,L,300.1,309.4,1694,27.4,44,0,0,0,0,0,0,9.299999999999955,4.8606302657320795
3127,L50306,L,300.0,309.4,1499,35.7,46,0,0,0,0,0,0,9.399999999999977,5.60400439140001
3128,L50307,L,300.0,309.5,1717,28.3,48,0,0,0,0,0,0,9.5,5.0884480929949
3129,M17988,M,300.1,309.5,1462,42.8,50,0,0,0,0,0,0,9.399999999999977,6.552692068955542
3130,L50309,L,300.1,309.6,1642,34.5,53,0,0,0,0,0,0,9.5,5.932269407773607
3131,L50310,L,300.1,309.6,1760,25.4,55,0,0,0,0,0,0,9.5,4.68139193286927
3132,L50311,L,300.1,309.5,1660,32.7,57,0,0,0,0,0,0,9.399999999999977,5.684397747405372
3133,L50312,L,300.1,309.5,1557,40.6,59,0,0,0,0,0,0,9.399999999999977,6.619775544085197
3134,H32547,H,300.2,309.6,1442,49.2,61,0,0,0,0,0,0,9.400000000000034,7.429489634621431
3135,L50314,L,300.2,309.6,1359,51.5,66,0,0,0,0,0,0,9.400000000000034,7.329178581192307
3136,L50315,L,300.4,309.8,1342,52.5,68,0,0,0,0,0,0,9.400000000000034,7.378030346955629
3137,L50316,L,300.4,309.9,1435,54.8,70,0,0,0,0,0,0,9.5,8.234952103099804
3138,L50317,L,300.4,309.9,1567,36.5,72,0,0,0,0,0,0,9.5,5.989498753946501
3139,L50318,L,300.4,309.9,1376,43.5,74,0,0,0,0,0,0,9.5,6.268105662442355
3140,H32553,H,300.4,309.9,1513,38.7,76,0,0,0,0,0,0,9.5,6.131666293496951
3141,H32554,H,300.4,309.9,2563,12.8,81,1,0,0,1,0,0,9.5,3.4354781743576064
3142,L50321,L,300.5,310.0,1521,45.1,86,0,0,0,0,0,0,9.5,7.183471513918813
3143,L50322,L,300.6,310.0,1658,34.7,88,0,0,0,0,0,0,9.399999999999977,6.024799783397338
3144,H32557,H,300.6,310.0,1419,42.4,90,0,0,0,0,0,0,9.399999999999977,6.3005268986274015
3145,M18004,M,300.6,310.0,1478,36.3,95,0,0,0,0,0,0,9.399999999999977,5.6183614698269135
3146,M18005,M,300.5,310.0,1415,43.5,98,0,0,0,0,0,0,9.5,6.445762727002858
3147,M18006,M,300.5,309.9,1780,26.5,101,0,0,0,0,0,0,9.399999999999977,4.9396308489943515
3148,M18007,M,300.4,309.7,1440,42.8,104,0,0,0,0,0,0,9.300000000000011,6.454087947534871
3149,H32562,H,300.4,309.8,1448,39.7,107,0,0,0,0,0,0,9.400000000000034,6.019877954906714
3150,H32563,H,300.4,309.7,1500,35.2,112,0,0,0,0,0,0,9.300000000000011,5.529203070318037
3151,L50330,L,300.4,309.8,1513,32.9,117,0,0,0,0,0,0,9.400000000000034,5.212708554419889
3152,L50331,L,300.5,309.8,1428,43.8,119,0,0,0,0,0,0,9.300000000000011,6.549843691616287
3153,M18012,M,300.5,309.8,1473,42.3,121,0,0,0,0,0,0,9.300000000000011,6.52486803002025
3154,M18013,M,300.5,309.9,1483,49.3,124,0,0,0,0,0,0,9.399999999999977,7.656260264333052
3155,L50334,L,300.4,309.7,1534,42.5,127,0,0,0,0,0,0,9.300000000000011,6.827204435026219
3156,L50335,L,300.5,309.8,1367,54.0,129,0,0,0,0,0,0,9.300000000000011,7.730202883423045
3157,L50336,L,300.4,309.7,1467,36.9,131,0,0,0,0,0,0,9.300000000000011,5.668721200063958
3158,M18017,M,300.4,309.7,1488,42.2,133,0,0,0,0,0,0,9.300000000000011,6.5757304150818685
3159,L50338,L,300.4,309.7,1679,30.1,136,0,0,0,0,0,0,9.300000000000011,5.292316512261854
3160,H32573,H,300.4,309.8,1409,47.5,138,0,0,0,0,0,0,9.400000000000034,7.00863141077103
3161,M18020,M,300.4,309.7,1367,51.2,143,0,0,0,0,0,0,9.300000000000011,7.329377548727035
3162,L50341,L,300.4,309.8,1314,63.1,146,0,0,0,0,0,0,9.400000000000034,8.682670944138398
3163,L50342,L,300.5,309.9,1480,40.0,148,0,0,0,0,0,0,9.399999999999977,6.199409503083859
3164,L50343,L,300.4,309.8,1549,38.9,150,0,0,0,0,0,0,9.400000000000034,6.310004036465731
3165,L50344,L,300.4,309.7,1685,31.3,152,0,0,0,0,0,0,9.300000000000011,5.5229722448884155
3166,L50345,L,300.4,309.6,1536,34.5,154,0,0,0,0,0,0,9.200000000000045,5.54930926330101
3167,M18026,M,300.4,309.7,1539,37.7,156,0,0,0,0,0,0,9.300000000000011,6.075871607969197
3168,L50347,L,300.4,309.7,1384,45.1,159,0,0,0,0,0,0,9.300000000000011,6.536439562960971
3169,M18028,M,300.4,309.6,1614,30.3,161,0,0,0,0,0,0,9.200000000000045,5.121235848322865
3170,M18029,M,300.4,309.6,1675,35.5,164,0,0,0,0,0,0,9.200000000000045,6.2268984388027695
3171,M18030,M,300.4,309.7,1685,32.3,167,0,0,0,0,0,0,9.300000000000011,5.699425032265042
3172,L50351,L,300.4,309.6,1386,56.9,170,0,0,0,0,0,0,9.200000000000045,8.258555935903775
3173,M18032,M,300.3,309.6,1488,41.3,172,0,0,0,0,0,0,9.300000000000011,6.435489719025618
3174,L50353,L,300.3,309.6,1624,32.6,175,0,0,0,0,0,0,9.300000000000011,5.544115163447076
3175,L50354,L,300.3,309.6,1600,34.6,177,0,0,0,0,0,0,9.300000000000011,5.797285643424365
3176,L50355,L,300.3,309.6,1468,44.7,179,0,0,0,0,0,0,9.300000000000011,6.871668443050027
3177,L50356,L,300.3,309.6,1435,45.4,181,0,0,0,0,0,0,9.300000000000011,6.8223873262907135
3178,M18037,M,300.2,309.5,1564,33.4,183,0,0,0,0,0,0,9.300000000000011,5.470308680038739
3179,M18038,M,300.2,309.4,1329,53.6,186,0,0,0,0,0,0,9.199999999999989,7.459648924095893
3180,L50359,L,300.1,309.3,1570,36.8,189,0,0,0,0,0,0,9.199999999999989,6.050288571793462
3181,M18040,M,300.2,309.4,1433,48.8,191,0,0,0,0,0,0,9.199999999999989,7.323094363419854
3182,L50361,L,300.2,309.4,1527,37.0,194,0,0,0,0,0,0,9.199999999999989,5.916561444505657
3183,M18042,M,300.1,309.3,1443,50.3,196,0,0,0,0,0,0,9.199999999999989,7.600863513874753
3184,L50363,L,300.1,309.3,1616,32.0,199,0,0,0,0,0,0,9.199999999999989,5.415267976747845
3185,L50364,L,300.1,309.3,1654,31.0,201,0,0,0,0,0,0,9.199999999999989,5.369400724005435
3186,L50365,L,300.1,309.3,1685,27.1,203,0,0,0,0,0,0,9.199999999999989,4.781870537906583
3187,M18046,M,300.2,309.4,1456,48.8,205,0,0,0,0,0,0,9.199999999999989,7.440631816566161
3188,M18047,M,300.2,309.4,1752,27.8,208,0,0,0,0,0,0,9.199999999999989,5.1004385049561005
3189,M18048,M,300.1,309.2,1438,51.0,211,0,0,0,0,0,0,9.099999999999966,7.679937400965607
3190,L50369,L,300.1,309.1,1551,33.7,214,0,0,0,0,0,0,9.0,5.473565464422962
3191,L50370,L,300.1,309.2,1599,30.1,216,0,0,0,0,0,0,9.099999999999966,5.040151341933713
3192,M18051,M,300.1,309.2,1732,33.7,218,0,0,0,0,0,0,9.099999999999966,6.11232455472635
3193,M18052,M,300.1,309.2,1418,39.8,221,0,0,0,0,0,0,9.099999999999966,5.910005987835166
3194,L50373,L,300.0,309.1,1401,44.5,0,0,0,0,0,0,0,9.100000000000023,6.528700773057629
3195,L50374,L,300.0,309.0,1454,51.7,2,0,0,0,0,0,0,9.0,7.871972487904041
3196,M18055,M,300.0,309.2,1635,32.4,4,0,0,0,0,0,0,9.199999999999989,5.547424307708857
3197,L50376,L,300.0,309.1,1489,40.3,7,0,0,0,0,0,0,9.100000000000023,6.2838869295388875
3198,L50377,L,300.0,309.1,1465,40.6,9,0,0,0,0,0,0,9.100000000000023,6.228626314762244
3199,M18058,M,300.0,309.1,1463,45.7,11,0,0,0,0,0,0,9.100000000000023,7.001468579520846
3200,H32613,H,300.1,309.1,1560,35.4,14,0,0,0,0,0,0,9.0,5.78304375672809
3201,M18060,M,300.1,309.2,1454,44.4,19,0,0,0,0,0,0,9.099999999999966,6.760456063112947
3202,L50381,L,300.2,309.1,1479,47.0,22,0,0,0,0,0,0,8.900000000000034,7.27938433763291
3203,L50382,L,300.2,309.2,1430,43.4,24,0,0,0,0,0,0,9.0,6.499117442236325
3204,M18063,M,300.1,309.1,1533,38.0,26,0,0,0,0,0,0,9.0,6.10034461474066
3205,L50384,L,300.1,309.0,1404,54.8,29,0,0,0,0,0,0,8.899999999999977,8.057054183102526
3206,M18065,M,300.1,308.9,1548,38.4,31,0,0,0,0,0,0,8.799999999999955,6.22487734752896
3207,M18066,M,300.1,309.0,1612,33.0,34,0,0,0,0,0,0,8.899999999999977,5.570672093345421
3208,M18067,M,300.2,309.0,1642,31.2,37,0,0,0,0,0,0,8.800000000000011,5.364834942682219
3209,M18068,M,300.2,309.1,1406,42.2,40,0,0,0,0,0,0,8.900000000000034,6.213358174465798
3210,L50389,L,300.3,309.2,1587,31.4,43,0,0,0,0,0,0,8.899999999999977,5.218373893171861
3211,M18070,M,300.3,309.2,1364,47.6,45,0,0,0,0,0,0,8.899999999999977,6.799076708801078
3212,L50391,L,300.3,309.2,1462,51.4,48,0,0,0,0,0,0,8.899999999999977,7.869354494026049
3213,L50392,L,300.3,309.2,1649,32.4,50,0,0,0,0,0,0,8.899999999999977,5.594925188631134
3214,L50393,L,300.4,309.2,1752,29.0,52,0,0,0,0,0,0,8.800000000000011,5.320601318119674
3215,H32628,H,300.4,309.3,1396,51.2,54,0,0,0,0,0,0,8.900000000000034,7.484865441128705
3216,M18075,M,300.5,309.4,2179,16.3,59,0,0,0,0,0,0,8.899999999999977,3.7194048464135405
3217,L50396,L,300.5,309.5,1653,27.6,62,0,0,0,0,0,0,9.0,4.777608443873215
3218,L50397,L,300.6,309.5,2025,21.4,64,0,0,0,0,0,0,8.899999999999977,4.538030588110456
3219,L50398,L,300.6,309.6,1426,53.6,66,0,0,0,0,0,0,9.0,8.004107874914029
3220,M18079,M,300.6,309.6,1503,38.4,68,0,0,0,0,0,0,9.0,6.043921610682188
3221,M18080,M,300.7,309.6,1525,36.5,71,0,0,0,0,0,0,8.900000000000034,5.828963369348062
3222,L50401,L,300.6,309.6,1423,49.1,74,0,0,0,0,0,0,9.0,7.316695986382044
3223,M18082,M,300.7,309.7,1435,44.7,76,0,0,0,0,0,0,9.0,6.7171963322730175
3224,H32637,H,300.6,309.5,1495,36.5,79,0,0,0,0,0,0,8.899999999999977,5.714295237492034
3225,M18084,M,300.6,309.5,1557,33.8,84,0,0,0,0,0,0,8.899999999999977,5.511044664780287
3226,L50405,L,300.6,309.4,1474,40.7,87,0,0,0,0,0,0,8.799999999999955,6.282326605187606
3227,L50406,L,300.5,309.3,1465,46.0,89,0,0,0,0,0,0,8.800000000000011,7.057064297513872
3228,M18087,M,300.5,309.3,1589,34.9,91,0,0,0,0,0,0,8.800000000000011,5.807349211891364
3229,L50408,L,300.5,309.3,1475,46.8,94,0,0,0,0,0,0,8.800000000000011,7.228804695910113
3230,L50409,L,300.6,309.4,1442,43.2,96,0,0,0,0,0,0,8.799999999999955,6.523454313326133
3231,L50410,L,300.6,309.4,1556,36.0,98,0,0,0,0,0,0,8.799999999999955,5.865981802782861
3232,L50411,L,300.7,309.3,1425,45.3,100,0,0,0,0,0,0,8.600000000000023,6.7599219923618366
3233,L50412,L,300.7,309.3,1580,38.3,102,0,0,0,0,0,0,8.600000000000023,6.337011261311091
3234,H32647,H,300.8,309.4,1474,40.7,104,0,0,0,0,0,0,8.599999999999966,6.282326605187606
3235,L50414,L,300.8,309.4,1489,38.4,109,0,0,0,0,0,0,8.599999999999966,5.987624270329858
3236,L50415,L,300.8,309.4,1946,20.5,111,0,0,0,0,0,0,8.599999999999966,4.177585190988587
3237,M18096,M,300.8,309.4,1342,62.4,113,1,0,1,0,0,0,8.599999999999966,8.769316069524406
3238,M18097,M,300.9,309.5,1758,26.8,116,0,0,0,0,0,0,8.600000000000023,4.933808430609699
3239,M18098,M,300.9,309.4,1724,25.6,119,0,0,0,0,0,0,8.5,4.621743560353113
3240,L50419,L,301.0,309.5,1430,48.5,122,0,0,0,0,0,0,8.5,7.262838616324003
3241,L50420,L,300.9,309.5,1612,35.2,124,0,0,0,0,0,0,8.600000000000023,5.942050232901782
3242,H32655,H,300.9,309.5,1469,43.4,126,0,0,0,0,0,0,8.600000000000023,6.676366099751861
3243,L50422,L,300.9,309.6,1384,42.4,131,0,0,0,0,0,0,8.700000000000045,6.145122782029826
3244,L50423,L,301.0,309.6,1724,28.1,133,0,0,0,0,0,0,8.600000000000023,5.073085704918846
3245,M18104,M,301.0,309.6,1397,48.0,135,0,0,0,0,0,0,8.600000000000023,7.022087899303906
3246,M18105,M,301.0,309.6,1588,32.7,138,0,0,0,0,0,0,8.600000000000023,5.437845555951645
3247,L50426,L,301.0,309.7,1468,42.0,141,0,0,0,0,0,0,8.699999999999989,6.456601221657743
3248,M18107,M,301.0,309.8,1594,31.1,143,0,0,0,0,0,0,8.800000000000011,5.191314308448942
3249,M18108,M,301.0,309.7,1511,39.3,146,0,0,0,0,0,0,8.699999999999989,6.218499914442171
3250,L50429,L,301.1,309.8,1493,38.9,149,0,0,0,0,0,0,8.699999999999989,6.081882521913064
3251,H32664,H,301.2,309.8,1709,27.0,151,0,0,0,0,0,0,8.600000000000023,4.832083660486461
3252,L50431,L,301.1,309.6,1501,36.1,156,0,0,0,0,0,0,8.5,5.674355122889396
3253,L50432,L,301.1,309.7,1668,30.8,158,0,0,0,0,0,0,8.599999999999966,5.379914587419449
3254,L50433,L,301.1,309.6,1502,48.9,160,0,0,0,0,0,0,8.5,7.6914356300777476
3255,M18114,M,301.0,309.7,1288,58.4,162,0,0,0,0,0,0,8.699999999999989,7.876936204296712
3256,L50435,L,301.0,309.7,1491,42.9,165,0,0,0,0,0,0,8.699999999999989,6.698283944498407
3257,L50436,L,301.1,309.8,1519,39.6,167,0,0,0,0,0,0,8.699999999999989,6.299144597859822
3258,L50437,L,301.2,309.9,1984,19.7,169,0,0,0,0,0,0,8.699999999999989,4.092950684900877
3259,L50438,L,301.2,309.9,1643,32.9,171,0,0,0,0,0,0,8.699999999999989,5.660594947066673
3260,M18119,M,301.2,310.0,1625,31.6,173,0,0,0,0,0,0,8.800000000000011,5.3773594253945305
3261,M18120,M,301.3,310.0,2068,17.8,176,0,0,0,0,0,0,8.699999999999989,3.854776073856724
3262,H32675,H,301.3,310.1,1469,39.7,179,0,0,0,0,0,0,8.800000000000011,6.107182814749975
3263,L50442,L,301.3,310.1,1558,36.3,184,0,0,0,0,0,0,8.800000000000011,5.922467638694406
3264,L50443,L,301.3,310.0,1344,54.8,186,0,0,0,0,0,0,8.699999999999989,7.712735628269085
3265,H32678,H,301.3,310.1,1455,44.1,188,0,0,0,0,0,0,8.800000000000011,6.7193954471305295
3266,L50445,L,301.3,310.1,1355,53.6,193,0,0,0,0,0,0,8.800000000000011,7.60558637483065
3267,L50446,L,301.3,310.1,1269,56.8,195,1,0,0,0,1,0,8.800000000000011,7.548116173220979
3268,L50447,L,301.3,310.0,1550,41.5,197,0,0,0,0,0,0,8.699999999999989,6.736098248072115
3269,M18128,M,301.3,310.1,1525,37.8,199,0,0,0,0,0,0,8.800000000000011,6.036570283872787
3270,M18129,M,301.3,310.0,1696,32.4,202,0,0,0,0,0,0,8.699999999999989,5.754392431727351
3271,L50450,L,301.4,310.1,1937,21.8,205,0,0,0,0,0,0,8.700000000000045,4.4219592115358255
3272,M18131,M,301.4,310.0,1689,32.1,207,0,0,0,0,0,0,8.600000000000023,5.677580491347082
3273,M18132,M,301.3,310.0,1593,30.8,210,0,0,0,0,0,0,8.699999999999989,5.138011953093035
3274,M18133,M,301.3,309.9,1565,36.0,213,0,0,0,0,0,0,8.599999999999966,5.899911003441631
3275,L50454,L,301.3,310.0,1665,31.4,0,0,0,0,0,0,0,8.699999999999989,5.474853517410932
3276,H32689,H,301.3,310.0,1532,36.3,2,0,0,0,0,0,0,8.699999999999989,5.823633133812471
3277,L50456,L,301.3,310.0,1438,40.9,7,0,0,0,0,0,0,8.699999999999989,6.159008621558693
3278,L50457,L,301.3,310.1,1531,41.6,9,0,0,0,0,0,0,8.800000000000011,6.669559315669083
3279,L50458,L,301.3,310.0,1506,40.8,11,0,0,0,0,0,0,8.699999999999989,6.43448440937647
3280,L50459,L,301.2,309.9,1382,52.4,13,0,0,0,0,0,0,8.699999999999989,7.583469562549377
3281,M18140,M,301.2,309.9,1456,50.8,15,0,0,0,0,0,0,8.699999999999989,7.74557574347461
3282,M18141,M,301.2,310.0,1445,45.6,18,0,0,0,0,0,0,8.800000000000011,6.900194104344623
3283,L50462,L,301.2,309.9,1515,40.9,21,0,0,0,0,0,0,8.699999999999989,6.4888025463570385
3284,L50463,L,301.2,309.9,1449,45.5,23,0,0,0,0,0,0,8.699999999999989,6.904121095161608
3285,H32698,H,301.2,309.9,1362,50.7,25,0,0,0,0,0,0,8.699999999999989,7.231255138179914
3286,L50465,L,301.2,309.9,1687,29.7,30,0,0,0,0,0,0,8.699999999999989,5.246868138539921
3287,L50466,L,301.2,310.0,1618,37.6,32,0,0,0,0,0,0,8.800000000000011,6.3708147982637175
3288,M18147,M,301.2,310.1,1558,32.6,34,0,0,0,0,0,0,8.900000000000034,5.318800138331616
3289,L50468,L,301.3,310.1,1662,31.0,37,0,0,0,0,0,0,8.800000000000011,5.39537122327511
3290,M18149,M,301.2,310.1,1295,56.6,39,0,0,0,0,0,0,8.900000000000034,7.675643891005703
3291,L50470,L,301.2,310.2,1385,42.3,42,0,0,0,0,0,0,9.0,6.135059213562828
3292,M18151,M,301.2,310.1,1479,45.5,44,0,0,0,0,0,0,8.900000000000034,7.047063560899945
3293,L50472,L,301.3,310.3,1400,44.3,47,0,0,0,0,0,0,9.0,6.494719212521298
3294,M18153,M,301.2,310.3,1357,54.5,49,0,0,0,0,0,0,9.100000000000023,7.744706569507118
3295,L50474,L,301.1,310.2,1657,34.1,52,0,0,0,0,0,0,9.099999999999966,5.91705362735472
3296,L50475,L,301.1,310.2,1496,43.4,54,0,0,0,0,0,0,9.099999999999966,6.799076708801078
3297,M18156,M,301.2,310.3,1379,43.2,56,0,0,0,0,0,0,9.100000000000023,6.238449027792467
3298,L50477,L,301.2,310.3,1548,38.6,59,0,0,0,0,0,0,9.100000000000023,6.257298583714006
3299,L50478,L,301.2,310.3,1499,38.1,61,0,0,0,0,0,0,9.100000000000023,5.980744182418497
3300,L50479,L,301.3,310.5,1390,45.8,63,0,0,0,0,0,0,9.199999999999989,6.666669050427779
3301,H32714,H,301.3,310.4,1538,38.4,65,0,0,0,0,0,0,9.099999999999966,6.18466496156301
3302,L50481,L,301.3,310.5,1365,47.7,70,0,0,0,0,0,0,9.199999999999989,6.818355615718608
3303,L50482,L,301.3,310.5,1503,48.6,72,0,0,0,0,0,0,9.199999999999989,7.649338288519644
3304,L50483,L,301.2,310.4,1390,49.9,74,0,0,0,0,0,0,9.199999999999989,7.26346693485472
3305,L50484,L,301.2,310.3,1497,45.7,76,0,0,0,0,0,0,9.100000000000023,7.164182135025771
3306,M18165,M,301.3,310.4,1577,48.3,78,0,0,0,0,0,0,9.099999999999966,7.976409499684876
3307,L50486,L,301.4,310.5,1432,54.3,81,0,0,0,0,0,0,9.100000000000023,8.142756830692456
3308,M18167,M,301.4,310.5,1563,39.9,83,0,0,0,0,0,0,9.100000000000023,6.530711392355926
3309,L50488,L,301.4,310.4,1433,43.4,86,0,0,0,0,0,0,9.0,6.512751954352904
3310,L50489,L,301.3,310.4,1384,50.1,88,0,0,0,0,0,0,9.099999999999966,7.261100268389017
3311,L50490,L,301.3,310.4,1346,46.7,90,0,0,0,0,0,0,9.099999999999966,6.582495311262598
3312,L50491,L,301.3,310.4,1459,44.7,92,0,0,0,0,0,0,9.099999999999966,6.829539685565387
3313,L50492,L,301.4,310.4,1639,28.9,94,0,0,0,0,0,0,9.0,4.960271112728437
3314,L50493,L,301.4,310.4,1737,31.9,96,0,0,0,0,0,0,9.0,5.802553047106883
3315,L50494,L,301.4,310.5,1489,43.5,98,0,0,0,0,0,0,9.100000000000023,6.782855618733042
3316,M18175,M,301.5,310.6,1492,43.0,100,0,0,0,0,0,0,9.100000000000023,6.718400609456892
3317,M18176,M,301.4,310.5,1217,60.6,103,0,0,0,0,0,0,9.100000000000023,7.723102884025932
3318,L50497,L,301.5,310.5,1636,28.7,106,0,0,0,0,0,0,9.0,4.91692760608441
3319,L50498,L,301.4,310.4,1436,49.7,108,0,0,0,0,0,0,9.0,7.473765147086023
3320,L50499,L,301.4,310.4,1689,30.6,110,0,0,0,0,0,0,9.0,5.412272991751425
3321,L50500,L,301.5,310.5,2289,16.4,112,0,0,0,0,0,0,9.0,3.9311377192899797
3322,L50501,L,301.5,310.6,1522,41.0,114,0,0,0,0,0,0,9.100000000000023,6.534722158977008
3323,L50502,L,301.5,310.5,1351,52.9,116,0,0,0,0,0,0,9.0,7.484100986916332
3324,L50503,L,301.5,310.5,1589,36.7,118,0,0,0,0,0,0,9.0,6.106868655484616
3325,L50504,L,301.5,310.6,1578,34.1,120,0,0,0,0,0,0,9.100000000000023,5.6349490790378685
3326,L50505,L,301.5,310.6,1587,33.7,122,0,0,0,0,0,0,9.100000000000023,5.600611471334133
3327,L50506,L,301.5,310.6,1962,20.2,124,0,0,0,0,0,0,9.100000000000023,4.150295222804404
3328,M18187,M,301.5,310.6,2432,14.2,126,0,0,0,0,0,0,9.100000000000023,3.6164339112043775
3329,L50508,L,301.6,310.6,1418,43.9,129,0,0,0,0,0,0,9.0,6.518825700149844
3330,L50509,L,301.6,310.7,1683,29.7,131,0,0,0,0,0,0,9.099999999999966,5.234427431631705
3331,L50510,L,301.7,310.8,1385,50.7,133,0,0,0,0,0,0,9.100000000000023,7.353368844624949
3332,L50511,L,301.7,310.8,1559,44.5,135,0,0,0,0,0,0,9.100000000000023,7.264985371303958
3333,M18192,M,301.7,310.8,1671,31.6,137,0,0,0,0,0,0,9.100000000000023,5.529580061436467
3334,M18193,M,301.6,310.8,1343,49.5,140,0,0,0,0,0,0,9.199999999999989,6.961612240722303
3335,M18194,M,301.6,310.8,1548,34.2,143,0,0,0,0,0,0,9.199999999999989,5.544031387642981
3336,L50515,L,301.7,310.9,1705,31.2,146,0,0,0,0,0,0,9.199999999999989,5.57067209334542
3337,L50516,L,301.6,310.8,1535,35.4,148,0,0,0,0,0,0,9.199999999999989,5.690366773447192
3338,L50517,L,301.6,310.8,1564,34.1,150,0,0,0,0,0,0,9.199999999999989,5.584955867943743
3339,M18198,M,301.6,310.9,1510,40.9,152,0,0,0,0,0,0,9.299999999999955,6.467387356435068
3340,L50519,L,301.6,310.9,1492,45.2,155,0,0,0,0,0,0,9.299999999999955,7.062132733661664
3341,M18200,M,301.5,310.8,1452,44.1,157,0,0,0,0,0,0,9.300000000000011,6.705541023528199
3342,H32755,H,301.4,310.7,1329,52.0,160,0,0,0,0,0,0,9.300000000000011,7.236972836809448
3343,L50522,L,301.5,310.8,1382,52.4,165,0,0,0,0,0,0,9.300000000000011,7.583469562549377
3344,M18203,M,301.5,310.8,1628,36.4,167,0,0,0,0,0,0,9.300000000000011,6.205608912586942
3345,L50524,L,301.4,310.7,1706,27.9,170,0,0,0,0,0,0,9.300000000000011,4.984388072332494
3346,L50525,L,301.3,310.7,1594,34.1,172,0,0,0,0,0,0,9.399999999999977,5.692084177431155
3347,L50526,L,301.3,310.7,1761,24.3,174,0,0,0,0,0,0,9.399999999999977,4.481199177007017
3348,L50527,L,301.3,310.6,1529,41.8,176,0,0,0,0,0,0,9.300000000000011,6.692869933158718
3349,M18208,M,301.3,310.7,1532,40.7,178,0,0,0,0,0,0,9.399999999999977,6.5295280591230735
3350,L50529,L,301.4,310.7,1673,27.8,181,0,0,0,0,0,0,9.300000000000011,4.870452978762304
3351,L50530,L,301.4,310.8,1285,62.6,183,1,0,0,0,1,0,9.400000000000034,8.423761821580552
3352,L50531,L,301.4,310.8,1680,31.4,185,0,0,0,0,0,0,9.400000000000034,5.524176522072292
3353,L50532,L,301.4,310.8,1610,34.6,187,0,0,0,0,0,0,9.400000000000034,5.833518678695768
3354,L50533,L,301.6,310.9,1632,31.6,189,0,0,0,0,0,0,9.299999999999955,5.400523435226999
3355,L50534,L,301.6,310.9,1559,40.2,191,0,0,0,0,0,0,9.299999999999955,6.562975548908293
3356,L50535,L,301.5,310.8,1367,49.0,193,0,0,0,0,0,0,9.300000000000011,7.014443357180169
3357,L50536,L,301.6,310.8,1355,57.8,195,1,0,0,0,1,0,9.199999999999989,8.201546501216633
3358,H32771,H,301.6,310.7,1414,51.7,197,0,0,0,0,0,0,9.099999999999966,7.655412034316585
3359,L50538,L,301.5,310.6,1522,36.6,202,0,0,0,0,0,0,9.100000000000023,5.833434902891672
3360,L50539,L,301.5,310.6,1525,41.9,204,0,0,0,0,0,0,9.100000000000023,6.69133055275846
3361,L50540,L,301.5,310.6,1394,46.5,206,0,0,0,0,0,0,9.100000000000023,6.788039246611465
3362,L50541,L,301.5,310.6,1519,40.7,208,0,0,0,0,0,0,9.100000000000023,6.474120836689263
3363,L50542,L,301.4,310.6,1445,43.9,210,0,0,0,0,0,0,9.200000000000045,6.642950025893177
3364,L50543,L,301.4,310.6,1555,43.3,212,0,0,0,0,0,0,9.200000000000045,7.050938191839372
3365,L50544,L,301.4,310.5,1633,39.5,0,0,0,0,0,0,0,9.100000000000023,6.754790724360975
3366,M18225,M,301.4,310.6,1630,30.3,2,0,0,0,0,0,0,9.200000000000045,5.172003985604877
3367,M18226,M,301.4,310.7,1692,32.3,5,0,0,0,0,0,0,9.300000000000011,5.723102168897598
3368,H32781,H,301.5,310.7,1790,26.2,8,0,0,0,0,0,0,9.199999999999989,4.9111470756018045
3369,L50548,L,301.5,310.8,1350,58.5,13,0,0,0,0,0,0,9.300000000000011,8.27024266057513
3370,L50549,L,301.5,310.9,2760,8.0,15,1,0,0,1,0,0,9.399999999999977,2.3122121930420882
3371,L50550,L,301.4,310.7,1584,32.2,17,0,0,0,0,0,0,9.300000000000011,5.341210165927222
3372,L50551,L,301.4,310.7,1989,21.8,19,0,0,0,0,0,0,9.300000000000011,4.540669525939472
3373,L50552,L,301.4,310.8,1431,44.3,21,0,0,0,0,0,0,9.400000000000034,6.6385308522271265
3374,L50553,L,301.4,310.7,1568,35.2,23,0,0,0,0,0,0,9.300000000000011,5.779860276172455
3375,L50554,L,301.4,310.7,1376,50.6,25,0,0,0,0,0,0,9.300000000000011,7.291175782059384
3376,M18235,M,301.4,310.6,1459,46.9,27,0,0,0,0,0,0,9.200000000000045,7.165669155548471
3377,M18236,M,301.5,310.8,1385,47.5,30,0,0,0,0,0,0,9.300000000000011,6.889250889934617
3378,H32791,H,301.5,310.8,1591,29.6,33,0,0,0,0,0,0,9.300000000000011,4.931630259703209
3379,L50558,L,301.5,310.7,1568,33.1,38,0,0,0,0,0,0,9.199999999999989,5.435039066514438
3380,M18239,M,301.4,310.7,1459,37.7,40,0,0,0,0,0,0,9.300000000000011,5.760036826528302
3381,L50560,L,301.4,310.7,1590,36.3,43,0,0,0,0,0,0,9.300000000000011,6.044110106241403
3382,L50561,L,301.3,310.6,1376,47.6,45,0,0,0,0,0,0,9.300000000000011,6.858892632925428
3383,L50562,L,301.3,310.6,1510,38.5,47,0,0,0,0,0,0,9.300000000000011,6.0878829638814205
3384,H32797,H,301.4,310.6,1674,33.6,49,0,0,0,0,0,0,9.200000000000045,5.8901092343624315
3385,L50564,L,301.3,310.6,1426,40.7,54,0,0,0,0,0,0,9.300000000000011,6.077746091585838
3386,L50565,L,301.5,310.7,1466,43.6,56,0,0,0,0,0,0,9.199999999999989,6.693435419836367
3387,H32800,H,301.5,310.8,1474,38.7,58,0,0,0,0,0,0,9.300000000000011,5.973612767094848
3388,M18247,M,301.6,310.8,1290,65.3,63,0,0,0,0,0,0,9.199999999999989,8.82127801201478
3389,M18248,M,301.7,310.9,1435,48.0,66,0,0,0,0,0,0,9.199999999999989,7.213096732642165
3390,M18249,M,301.5,310.7,1416,53.2,69,0,0,0,0,0,0,9.199999999999989,7.888664816870115
3391,H32804,H,301.5,310.7,1599,40.4,72,0,0,0,0,0,0,9.199999999999989,6.764854292827973
3392,L50571,L,301.5,310.7,1466,47.3,77,0,0,0,0,0,0,9.199999999999989,7.261456315556424
3393,L50572,L,301.5,310.7,1408,47.3,79,0,0,0,0,0,0,9.199999999999989,6.97416813936115
3394,L50573,L,301.5,310.6,1490,48.1,81,0,0,0,0,0,0,9.100000000000023,7.505160129670897
3395,L50574,L,301.5,310.6,1405,42.3,83,0,0,0,0,0,0,9.100000000000023,6.22365212639406
3396,L50575,L,301.4,310.5,1647,33.3,85,0,0,0,0,0,0,9.100000000000023,5.743365441513252
3397,M18256,M,301.4,310.6,1459,35.0,87,0,0,0,0,0,0,9.200000000000045,5.347514295185426
3398,L50577,L,301.4,310.6,1648,30.7,90,0,0,0,0,0,0,9.200000000000045,5.298149402622018
3399,L50578,L,301.4,310.7,1675,30.7,92,0,0,0,0,0,0,9.300000000000011,5.384951607640703
3400,L50579,L,301.4,310.7,1605,34.2,94,0,0,0,0,0,0,9.300000000000011,5.748172078273244
3401,H32814,H,301.4,310.7,1536,44.4,96,0,0,0,0,0,0,9.300000000000011,7.141719747552605
3402,M18261,M,301.4,310.7,1617,34.3,101,0,0,0,0,0,0,9.300000000000011,5.8080822501772005
3403,L50582,L,301.4,310.6,1347,53.3,104,0,0,0,0,0,0,9.200000000000045,7.518365290791484
3404,L50583,L,301.3,310.5,1337,52.7,106,0,0,0,0,0,0,9.199999999999989,7.378543473755716
3405,L50584,L,301.3,310.4,1695,30.9,108,0,0,0,0,0,0,9.099999999999966,5.48474953426974
3406,M18265,M,301.3,310.4,1635,32.5,110,0,0,0,0,0,0,9.099999999999966,5.564545987670921
3407,L50586,L,301.2,310.4,1470,44.0,113,0,0,0,0,0,0,9.199999999999989,6.773273761139593
3408,L50587,L,301.2,310.4,1381,49.8,115,0,0,0,0,0,0,9.199999999999989,7.201975494648457
3409,M18268,M,301.2,310.4,1382,41.6,117,0,0,0,0,0,0,9.199999999999989,6.020464385535384
3410,M18269,M,301.2,310.4,1697,30.0,120,0,0,0,0,0,0,9.199999999999989,5.331282733141879
3411,L50590,L,301.2,310.3,1451,39.7,123,0,0,0,0,0,0,9.100000000000023,6.032350077741466
3412,L50591,L,301.3,310.3,1419,55.7,125,0,0,0,0,0,0,9.0,8.276871421074205
3413,L50592,L,301.3,310.3,1313,55.6,127,0,0,0,0,0,0,9.0,7.644835339049498
3414,L50593,L,301.3,310.3,1560,36.3,129,0,0,0,0,0,0,9.0,5.930070292916093
3415,L50594,L,301.3,310.3,1555,41.2,131,0,0,0,0,0,0,9.0,6.708975831496124
3416,L50595,L,301.4,310.4,1579,36.9,133,0,0,0,0,0,0,9.0,6.101507004022488
3417,L50596,L,301.5,310.5,1435,44.6,135,0,0,0,0,0,0,9.0,6.702169047413345
3418,L50597,L,301.6,310.6,1621,33.7,137,0,0,0,0,0,0,9.0,5.720599366750239
3419,H32832,H,301.6,310.6,1555,40.4,139,0,0,0,0,0,0,9.0,6.578704456127266
3420,L50599,L,301.5,310.5,1611,33.8,144,0,0,0,0,0,0,9.0,5.70217916182469
3421,L50600,L,301.6,310.6,1834,23.5,146,0,0,0,0,0,0,9.0,4.513316725902216
3422,M18281,M,301.5,310.5,1612,29.8,148,0,0,0,0,0,0,9.0,5.030485708536168
3423,L50602,L,301.5,310.4,1629,34.1,151,0,0,0,0,0,0,8.899999999999977,5.817067205166469
3424,L50603,L,301.4,310.4,1496,35.2,153,0,0,0,0,0,0,9.0,5.514458528797189
3425,L50604,L,301.5,310.5,1593,32.9,155,0,0,0,0,0,0,9.0,5.4883309498948325
3426,M18285,M,301.5,310.5,1623,33.5,157,0,0,0,0,0,0,9.0,5.693665445733462
3427,L50606,L,301.5,310.5,1380,48.7,160,0,0,0,0,0,0,9.0,7.037795862571855
3428,L50607,L,301.6,310.6,1562,34.4,162,0,0,0,0,0,0,9.0,5.626885657893655
3429,L50608,L,301.6,310.6,1391,49.4,164,0,0,0,0,0,0,9.0,7.195859860949469
3430,H32843,H,301.5,310.5,1551,34.3,166,0,0,0,0,0,0,9.0,5.571017668537316
3431,H32844,H,301.6,310.6,1821,26.2,171,0,0,0,0,0,0,9.0,4.996200460709992
3432,L50611,L,301.6,310.7,1429,43.6,176,0,0,0,0,0,0,9.099999999999966,6.524501510877331
3433,M18292,M,301.6,310.7,2012,20.7,178,0,0,0,0,0,0,9.099999999999966,4.361410249125638
3434,M18293,M,301.6,310.6,1924,23.6,181,0,0,0,0,0,0,9.0,4.754947088865319
3435,M18294,M,301.5,310.5,1412,44.1,184,0,0,0,0,0,0,9.0,6.5208153754971185
3436,L50615,L,301.5,310.5,1389,54.9,187,0,0,0,0,0,0,9.0,7.985520118380287
3437,L50616,L,301.5,310.5,1466,48.1,189,0,0,0,0,0,0,9.0,7.384271644360761
3438,L50617,L,301.5,310.5,2297,15.8,191,0,0,0,0,0,0,9.0,3.8005521846557646
3439,L50618,L,301.4,310.4,1471,37.5,193,0,0,0,0,0,0,9.0,5.776603491788233
3440,L50619,L,301.4,310.3,1492,41.4,195,0,0,0,0,0,0,8.900000000000034,6.46841361003524
3441,L50620,L,301.3,310.3,1460,41.5,197,0,0,0,0,0,0,9.0,6.344969962700185
3442,L50621,L,301.4,310.4,1559,39.4,199,0,0,0,0,0,0,9.0,6.432369070323054
3443,M18302,M,301.4,310.5,1495,52.5,201,0,0,0,0,0,0,9.100000000000023,8.219191779954297
3444,L50623,L,301.5,310.5,1535,39.0,204,0,0,0,0,0,0,9.0,6.269048140238432
3445,L50624,L,301.5,310.6,1381,50.7,206,0,0,0,0,0,0,9.100000000000023,7.332131678286682
3446,M18305,M,301.6,310.6,1599,36.1,208,0,0,0,0,0,0,9.0,6.0448326725517285
3447,H32860,H,301.6,310.6,1400,49.5,211,0,0,0,0,0,0,9.0,7.257079029792423
3448,L50627,L,301.7,310.6,1624,34.5,216,0,0,0,0,0,0,8.900000000000034,5.867238439844297
3449,L50628,L,301.6,310.6,1478,36.6,218,0,0,0,0,0,0,9.0,5.664794209246972
3450,L50629,L,301.7,310.7,1605,33.3,220,0,0,0,0,0,0,9.0,5.596904392002895
3451,L50630,L,301.6,310.6,1506,43.4,222,0,0,0,0,0,0,9.0,6.8445250825230115
3452,L50631,L,301.6,310.6,1455,43.9,0,0,0,0,0,0,0,9.0,6.688921998390708
3453,H32866,H,301.6,310.5,1602,32.3,2,0,0,0,0,0,1,8.899999999999977,5.418681840764747
3454,L50633,L,301.5,310.4,1425,54.4,7,0,0,0,0,0,0,8.899999999999977,8.117875416876025
3455,L50634,L,301.5,310.4,1918,21.8,9,0,0,0,0,0,0,8.899999999999977,4.378584288965262
3456,H32869,H,301.4,310.3,1611,41.5,11,0,0,0,0,0,0,8.900000000000034,7.001196308157534
3457,H32870,H,301.4,310.4,1610,38.6,16,0,0,0,0,0,0,9.0,6.5079139016663765
3458,M18317,M,301.5,310.4,2639,12.0,21,1,0,0,1,0,0,8.899999999999977,3.3162652051293855
3459,L50638,L,301.5,310.4,1329,46.6,24,0,0,0,0,0,0,8.899999999999977,6.485441042217698
3460,L50639,L,301.5,310.4,1270,54.2,26,0,0,0,0,0,0,8.899999999999977,7.208279623906661
3461,L50640,L,301.5,310.3,1415,41.6,28,0,0,0,0,0,0,8.800000000000011,6.164223665363653
3462,H32875,H,301.6,310.4,1330,49.5,30,0,0,0,0,0,0,8.799999999999955,6.894225078302801
3463,H32876,H,301.6,310.5,1786,27.1,35,0,0,0,0,0,0,8.899999999999977,5.0684989796446045
3464,L50643,L,301.6,310.5,1809,25.5,40,0,0,0,0,0,0,8.899999999999977,4.830669943792344
3465,L50644,L,301.7,310.6,1303,59.7,42,0,0,0,0,0,0,8.900000000000034,8.146055502978726
3466,M18325,M,301.8,310.7,1383,45.7,44,0,0,0,0,0,0,8.899999999999977,6.618613154803369
3467,L50646,L,301.7,310.6,1447,56.9,47,0,0,0,0,0,0,8.900000000000034,8.622027733948604
3468,L50647,L,301.8,310.7,1461,44.2,49,0,0,0,0,0,0,8.899999999999977,6.762403850558174
3469,L50648,L,301.8,310.7,2092,18.6,51,0,0,0,0,0,0,8.899999999999977,4.074771335412105
3470,M18329,M,301.8,310.7,1429,47.9,53,0,0,0,0,0,0,8.899999999999977,7.167972990161102
3471,L50650,L,301.8,310.8,1736,26.5,56,0,0,0,0,0,0,9.0,4.817527614524829
3472,L50651,L,301.8,310.7,1441,49.3,58,0,0,0,0,0,0,8.899999999999977,7.439427539382286
3473,L50652,L,301.8,310.7,1523,43.3,60,0,0,0,0,0,0,8.899999999999977,6.90583849914557
3474,M18333,M,301.8,310.8,1691,33.4,62,0,0,0,0,0,0,9.0,5.914508937305311
3475,M18334,M,301.9,310.8,1557,35.3,65,0,0,0,0,0,0,8.900000000000034,5.7556176528622505
3476,L50655,L,301.8,310.7,1644,33.4,68,0,0,0,0,0,0,8.899999999999977,5.750119865718471
3477,L50656,L,301.8,310.6,1522,43.8,70,0,0,0,0,0,0,8.800000000000011,6.98099586739495
3478,L50657,L,301.8,310.7,1547,41.7,72,0,0,0,0,0,0,8.899999999999977,6.755460930793741
3479,L50658,L,301.8,310.7,1597,30.8,74,0,0,0,0,0,0,8.899999999999977,5.150913426923777
3480,M18339,M,301.8,310.8,1619,31.0,76,0,0,0,0,0,0,9.0,5.255779789700604
3481,L50660,L,301.9,310.8,1400,58.2,79,0,0,0,0,0,0,8.900000000000034,8.532565647149879
3482,L50661,L,302.0,310.9,1663,31.5,81,0,0,0,0,0,0,8.899999999999977,5.485692012065818
3483,L50662,L,301.9,310.8,1540,37.6,83,0,0,0,0,0,0,8.900000000000034,6.0636927004487795
3484,H32897,H,301.9,310.8,1455,42.7,85,0,0,0,0,0,0,8.900000000000034,6.506081305951782
3485,L50664,L,301.9,310.8,1519,39.0,90,0,0,0,0,0,0,8.900000000000034,6.203703013043764
3486,L50665,L,301.9,310.8,1427,47.7,92,0,0,0,0,0,0,8.900000000000034,7.12805381950949
3487,L50666,L,301.9,310.8,1650,29.8,94,0,0,0,0,0,0,8.900000000000034,5.14907035923367
3488,M18347,M,301.8,310.8,1508,38.8,96,0,0,0,0,0,0,9.0,6.1271947599533405
3489,L50668,L,301.9,310.9,1379,54.8,99,0,0,0,0,0,0,9.0,7.913588118588593
3490,L50669,L,301.9,310.9,1542,36.7,101,0,0,0,0,0,0,9.0,5.9262375498787145
3491,M18350,M,301.9,310.9,1763,28.4,103,0,0,0,0,0,0,9.0,5.243234363037268
3492,H32905,H,301.9,310.9,1590,34.3,106,0,0,0,0,0,0,9.0,5.711101284960884
3493,H32906,H,301.9,311.0,1336,63.6,111,0,0,0,0,0,0,9.100000000000023,8.897995704615441
3494,M18353,M,301.9,311.0,1638,35.4,116,0,0,0,0,0,0,9.100000000000023,6.072195944564495
3495,L50674,L,301.9,311.0,1356,45.7,119,0,0,0,0,0,0,9.100000000000023,6.489399448961221
3496,M18355,M,301.9,311.0,1384,47.4,121,0,0,0,0,0,0,9.100000000000023,6.869783487457872
3497,L50676,L,301.9,310.9,1309,48.0,124,0,0,0,0,0,0,9.0,6.579751653678463
3498,L50677,L,301.9,311.0,1642,33.1,126,0,0,0,0,0,0,9.100000000000023,5.691539634704532
3499,L50678,L,301.9,311.0,1289,54.9,128,0,0,0,0,0,0,9.100000000000023,7.410608662773356
3500,L50679,L,301.9,311.0,1353,43.8,130,0,0,0,0,0,0,9.100000000000023,6.205839296048204
3501,H32914,H,301.9,311.0,1871,26.0,132,0,0,0,0,0,0,9.100000000000023,5.09419720755097
3502,H32915,H,301.9,311.0,1291,63.6,137,0,0,0,0,0,0,9.100000000000023,8.598287765462976
3503,M18362,M,301.8,310.9,1346,44.6,142,0,0,0,0,0,0,9.099999999999966,6.286494451441367
3504,L50683,L,301.7,310.8,1493,47.6,145,0,0,0,0,0,0,9.100000000000023,7.442097893137837
3505,M18364,M,301.7,310.8,1524,41.3,147,0,0,0,0,0,0,9.100000000000023,6.5911870509375285
3506,L50685,L,301.6,310.8,1726,26.7,150,0,0,0,0,0,0,9.199999999999989,4.825926138885424
3507,H32920,H,301.6,310.8,1435,47.2,152,0,0,0,0,0,0,9.199999999999989,7.092878453764797
3508,M18367,M,301.7,310.8,1502,34.4,157,0,0,0,0,0,0,9.100000000000023,5.4107440833266764
3509,L50688,L,301.7,310.9,1608,33.0,160,0,0,0,0,0,0,9.199999999999989,5.556849085669627
3510,L50689,L,301.8,311.0,1771,27.2,162,0,0,0,0,0,0,9.199999999999989,5.044476267820154
3511,L50690,L,301.7,311.0,1474,42.6,164,0,0,0,0,0,0,9.300000000000011,6.5756047513757245
3512,L50691,L,301.8,311.0,1322,53.0,166,0,0,0,0,0,0,9.199999999999989,7.337294362214082
3513,M18372,M,301.8,311.0,1393,49.5,168,0,0,0,0,0,0,9.199999999999989,7.220793634643461
3514,M18373,M,301.9,311.1,1417,52.5,171,0,0,0,0,0,0,9.200000000000045,7.790364382739289
3515,H32928,H,301.9,311.0,1430,49.8,174,0,0,0,0,0,0,9.100000000000023,7.4575126410914505
3516,M18375,M,301.9,311.1,1605,40.0,179,0,0,0,0,0,0,9.200000000000045,6.7230082786821574
3517,L50696,L,302.0,311.1,1402,47.8,182,0,0,0,0,0,0,9.100000000000023,7.017857221197072
3518,L50697,L,302.0,311.0,1550,35.2,184,0,0,0,0,0,0,9.0,5.713509839328637
3519,L50698,L,301.9,311.0,1376,44.9,186,0,0,0,0,0,0,9.100000000000023,6.469837798704868
3520,M18379,M,301.9,310.9,1569,32.5,188,0,0,0,0,0,0,9.0,5.3399221129392505
3521,L50700,L,301.9,311.0,1669,32.2,191,0,0,0,0,0,0,9.100000000000023,5.6278281356897315
3522,L50701,L,301.9,311.0,1541,38.9,193,0,0,0,0,0,0,9.100000000000023,6.277415248672493
3523,L50702,L,301.8,311.0,1651,32.5,195,0,0,0,0,0,0,9.199999999999989,5.619000260333143
3524,L50703,L,301.8,310.9,1521,39.3,197,0,0,0,0,0,0,9.099999999999966,6.259654778204198
3525,M18384,M,301.8,310.8,1365,48.2,199,0,0,0,0,0,0,9.0,6.889826848587775
3526,L50705,L,301.8,310.9,1609,31.7,202,0,0,0,0,0,0,9.099999999999966,5.341262525804782
3527,H32940,H,301.8,310.8,1470,37.6,204,0,0,0,0,0,0,9.0,5.788070304973835
3528,M18387,M,301.9,310.9,1573,38.9,209,0,0,0,0,0,0,9.0,6.407770399845444
3529,L50708,L,302.0,310.9,1378,53.1,212,1,0,0,0,1,0,8.899999999999977,7.66253297766472
3530,L50709,L,301.9,310.9,1567,39.0,214,1,1,0,0,0,0,9.0,6.399738394627768
3531,M18390,M,301.9,310.9,1441,43.7,0,0,0,0,0,0,0,9.0,6.594381003468681
3532,M18391,M,301.9,310.9,1641,33.2,3,0,0,0,0,0,0,9.0,5.705257922625209
3533,L50712,L,301.9,310.9,1486,40.3,6,0,0,0,0,0,0,9.0,6.27122631114492
3534,L50713,L,302.0,311.0,1563,36.2,8,0,0,0,0,0,0,9.0,5.925106576523421
3535,M18394,M,302.0,311.1,1769,26.0,10,0,0,0,0,0,0,9.100000000000023,4.816480416973632
3536,H32949,H,301.9,311.0,1672,29.9,13,0,0,0,0,0,0,9.100000000000023,5.235233773746126
3537,L50716,L,302.0,311.0,1632,34.2,18,0,0,0,0,0,0,9.0,5.844870300150739
3538,M18397,M,302.0,311.0,1980,21.5,20,0,0,0,0,0,0,9.0,4.457919975443916
3539,L50718,L,302.0,311.1,1635,36.0,23,0,0,0,0,0,0,9.100000000000023,6.1638047863431735
3540,L50719,L,302.0,311.0,1686,32.5,25,0,0,0,0,0,0,9.0,5.738118981781756
3541,L50720,L,301.9,310.9,1574,31.4,27,0,0,0,0,0,0,9.0,5.175627289132016
3542,L50721,L,301.8,310.8,1546,43.4,29,0,0,0,0,0,0,9.0,7.0263185774107395
3543,L50722,L,301.8,310.9,1899,24.7,31,0,0,0,0,0,0,9.099999999999966,4.911911529814178
3544,L50723,L,301.8,310.9,1449,36.5,33,0,0,0,0,0,0,9.099999999999966,5.538470768646125
3545,M18404,M,301.9,310.9,1483,37.0,35,0,0,0,0,0,0,9.0,5.746077683170852
3546,L50725,L,301.8,310.8,1576,38.6,38,0,0,0,0,0,0,9.0,6.370479695047335
3547,M18406,M,301.9,310.9,1317,51.9,40,0,0,0,0,0,0,9.0,7.1578361178655205
3548,M18407,M,301.9,311.0,1467,48.1,43,0,0,0,0,0,0,9.100000000000023,7.389308664582017
3549,L50728,L,301.9,310.9,1616,34.5,46,0,0,0,0,0,0,9.0,5.838335787431272
3550,M18409,M,301.8,310.9,1299,60.4,48,0,0,0,0,0,0,9.099999999999966,8.216270098786458
3551,M18410,M,301.9,311.0,1432,41.5,51,0,0,0,0,0,0,9.100000000000023,6.2232856072511415
3552,L50731,L,301.9,310.9,1799,24.2,54,0,0,0,0,0,0,9.0,4.5590583149384845
3553,M18412,M,301.8,310.9,1358,52.3,56,0,0,0,0,0,0,9.099999999999966,7.437553055765643
3554,M18413,M,301.8,310.8,1618,37.8,59,0,0,0,0,0,0,9.0,6.4047021110204385
3555,L50734,L,301.9,310.8,1525,43.2,62,0,0,0,0,0,0,8.900000000000034,6.8989374672831865
3556,L50735,L,301.8,310.7,1551,37.7,64,0,0,0,0,0,0,8.899999999999977,6.123246825185331
3557,L50736,L,301.9,310.8,1735,31.5,66,0,0,0,0,0,0,8.900000000000034,5.723196416677206
3558,M18417,M,301.8,310.7,1309,43.3,68,0,0,0,0,0,0,8.899999999999977,5.935484304255779
3559,L50738,L,301.7,310.6,1743,26.2,71,0,0,0,0,0,0,8.900000000000034,4.782195169147454
3560,M18419,M,301.7,310.7,1659,29.9,73,0,0,0,0,0,0,9.0,5.194529204931115
3561,L50740,L,301.8,310.7,1680,32.4,76,0,0,0,0,0,0,8.899999999999977,5.700105710673321
3562,L50741,L,301.7,310.6,1486,38.5,78,0,0,0,0,0,0,8.900000000000034,5.991121910150856
3563,L50742,L,301.7,310.6,1471,43.8,80,0,0,0,0,0,0,8.900000000000034,6.747072878408654
3564,M18423,M,301.8,310.7,1465,35.8,82,0,0,0,0,0,0,8.899999999999977,5.492236996760796
3565,M18424,M,301.7,310.6,1492,42.2,85,0,0,0,0,0,0,8.900000000000034,6.593407109746067
3566,M18425,M,301.8,310.7,1420,52.0,88,0,0,0,0,0,0,8.899999999999977,7.732506718035677
3567,L50746,L,301.8,310.6,1295,62.3,91,0,0,0,0,0,0,8.800000000000011,8.44863276342147
3568,L50747,L,301.8,310.5,1548,34.1,93,0,0,0,0,0,0,8.699999999999989,5.527820769550457
3569,L50748,L,301.8,310.6,1372,54.7,95,0,0,0,0,0,0,8.800000000000011,7.859050070122276
3570,M18429,M,301.8,310.6,1552,35.9,97,0,0,0,0,0,0,8.800000000000011,5.834649652051059
3571,H32984,H,301.8,310.6,1441,46.3,100,0,0,0,0,0,0,8.800000000000011,6.986724037999996
3572,M18431,M,301.7,310.6,1691,27.7,105,0,0,0,0,0,0,8.900000000000034,4.905146633633447
3573,L50752,L,301.8,310.6,1451,50.7,108,0,0,0,0,0,0,8.800000000000011,7.7037820892063555
3574,L50753,L,301.8,310.6,1452,48.4,110,0,0,0,0,0,0,8.800000000000011,7.3593692865933065
3575,L50754,L,301.7,310.6,1406,46.0,112,0,0,0,0,0,0,8.900000000000034,6.772854882119115
3576,L50755,L,301.7,310.5,1567,39.1,114,0,0,0,0,0,0,8.800000000000011,6.416147980255018
3577,L50756,L,301.6,310.4,1599,41.7,116,0,0,0,0,0,0,8.799999999999955,6.982535247795211
3578,M18437,M,301.6,310.4,1455,39.0,118,0,0,0,0,0,0,8.799999999999955,5.942322504265093
3579,M18438,M,301.7,310.5,1625,35.9,121,0,0,0,0,0,0,8.800000000000011,6.109088714293152
3580,L50759,L,301.8,310.6,2672,11.8,124,1,0,0,1,0,0,8.800000000000011,3.3017719910208254
3581,L50760,L,301.8,310.6,1650,31.9,126,0,0,0,0,0,0,8.800000000000011,5.511924310723291
3582,M18441,M,301.8,310.6,1459,40.2,128,0,0,0,0,0,0,8.800000000000011,6.142002133327261
3583,L50762,L,301.8,310.6,1395,50.5,131,0,0,0,0,0,0,8.800000000000011,7.377244948792232
3584,L50763,L,301.8,310.7,1751,29.3,133,0,0,0,0,0,0,8.899999999999977,5.372573732585561
3585,L50764,L,301.8,310.6,1192,68.9,135,0,0,0,0,0,0,8.800000000000011,8.600507824271514
3586,L50765,L,301.9,310.7,1947,25.0,137,0,0,0,0,0,0,8.800000000000011,5.097234080449439
3587,L50766,L,301.8,310.5,1593,34.9,139,0,0,0,0,0,0,8.699999999999989,5.821968089706069
3588,H33001,H,301.8,310.5,1478,38.6,141,0,0,0,0,0,0,8.699999999999989,5.974345805380685
3589,M18448,M,301.7,310.6,1505,44.5,146,0,0,0,0,0,0,8.900000000000034,7.013343799751413
3590,L50769,L,301.7,310.5,2465,13.7,149,0,0,0,0,0,0,8.800000000000011,3.53643849026847
3591,L50770,L,301.8,310.6,1403,46.8,151,0,0,0,0,0,0,8.800000000000011,6.8759410090589075
3592,M18451,M,301.7,310.5,1458,41.4,153,0,0,0,0,0,0,8.800000000000011,6.321010082728807
3593,H33006,H,301.6,310.4,1369,45.4,156,0,0,0,0,0,0,8.799999999999955,6.508605052050165
3594,M18453,M,301.6,310.4,1377,44.9,161,0,0,0,0,0,0,8.799999999999955,6.47453971570974
3595,M18454,M,301.6,310.4,1452,45.7,164,0,0,0,0,0,0,8.799999999999955,6.948825958622192
3596,L50775,L,301.6,310.4,1517,41.1,167,0,0,0,0,0,0,8.799999999999955,6.529140596029131
3597,L50776,L,301.7,310.5,1354,50.0,169,0,0,0,0,0,0,8.800000000000011,7.089527421600968
3598,M18457,M,301.7,310.5,1724,33.0,171,0,0,0,0,0,0,8.800000000000011,5.957716308267685
3599,L50778,L,301.7,310.5,1399,53.2,174,0,0,0,0,0,0,8.800000000000011,7.793956270339894
3600,H33013,H,301.7,310.5,1388,50.5,176,0,0,0,0,0,0,8.800000000000011,7.340226515357432
3601,L50780,L,301.7,310.5,1523,34.7,181,0,0,0,0,0,0,8.800000000000011,5.534240090539291
3602,L50781,L,301.7,310.5,1377,43.1,183,0,0,0,0,0,0,8.800000000000011,6.2149813306701525
3603,M18462,M,301.7,310.6,1417,45.2,185,0,0,0,0,0,0,8.900000000000034,6.707132763806017
3604,L50783,L,301.7,310.7,1542,40.0,188,0,0,0,0,0,0,9.0,6.459114495780614
3605,L50784,L,301.8,310.8,1557,33.3,190,0,0,0,0,0,0,9.0,5.429520335419631
3606,L50785,L,301.7,310.7,1641,31.9,192,0,0,0,0,0,0,9.0,5.481859269028438
3607,L50786,L,301.7,310.7,1318,55.0,194,0,0,0,0,0,0,9.0,7.591135048624137
3608,L50787,L,301.6,310.7,1638,33.8,196,0,0,0,0,0,0,9.099999999999966,5.797746410346891
3609,M18468,M,301.7,310.8,1954,21.6,198,0,0,0,0,0,0,9.100000000000023,4.419843872482408
3610,M18469,M,301.7,310.9,1644,32.5,201,0,0,0,0,0,0,9.199999999999989,5.595176516043421
3611,M18470,M,301.7,310.8,1594,32.4,204,0,0,0,0,0,0,9.100000000000023,5.4083145850079
3612,L50791,L,301.7,310.9,1405,46.4,207,1,1,0,0,0,1,9.199999999999989,6.826890275760859
3613,L50792,L,301.7,310.8,1622,37.8,0,0,0,0,0,0,0,9.100000000000023,6.420535737994531
3614,L50793,L,301.7,310.9,1557,39.4,2,0,0,0,0,0,0,9.199999999999989,6.4241171536196235
3615,L50794,L,301.8,311.0,1606,33.3,4,0,0,0,0,0,0,9.199999999999989,5.600391559848381
3616,M18475,M,301.8,311.1,1647,31.6,6,0,0,0,0,0,0,9.300000000000011,5.450160599153717
3617,M18476,M,301.8,311.1,1413,42.2,9,0,0,0,0,0,0,9.300000000000011,6.2442923901281455
3618,L50797,L,301.8,311.0,1529,41.6,12,0,0,0,0,0,0,9.199999999999989,6.660846632043128
3619,L50798,L,301.9,311.1,1448,46.3,14,0,0,0,0,0,0,9.200000000000045,7.0206637106342775
3620,L50799,L,301.9,311.2,1435,44.2,16,0,0,0,0,0,0,9.300000000000011,6.6420599079746605
3621,H33034,H,301.9,311.2,1474,41.8,18,0,0,0,0,0,0,9.300000000000011,6.452119216138621
3622,L50801,L,301.9,311.2,1657,29.1,23,0,0,0,0,0,0,9.300000000000011,5.049450456188339
3623,L50802,L,302.0,311.3,1509,39.9,25,0,0,0,0,0,0,9.300000000000011,6.305082207975107
3624,M18483,M,302.0,311.3,1530,36.4,27,0,0,0,0,0,0,9.300000000000011,5.832052602124092
3625,M18484,M,302.0,311.4,1587,35.9,30,0,0,0,0,0,0,9.399999999999977,5.966230024358912
3626,M18485,M,302.1,311.4,1467,43.4,33,0,0,0,0,0,0,9.299999999999955,6.667276425007474
3627,M18486,M,302.2,311.5,1360,53.0,36,0,0,0,0,0,0,9.300000000000011,7.548199949025077
3628,L50807,L,302.2,311.5,1588,30.6,39,0,0,0,0,0,0,9.300000000000011,5.088626116578602
3629,L50808,L,302.2,311.4,1609,32.1,41,0,0,0,0,0,0,9.199999999999989,5.408660160199795
3630,L50809,L,302.1,311.3,1415,44.1,43,0,0,0,0,0,0,9.199999999999989,6.534669799099449
3631,L50810,L,302.0,311.2,1845,27.3,45,0,0,0,0,0,0,9.199999999999989,5.274576985744583
3632,M18491,M,302.1,311.4,1419,36.2,47,0,0,0,0,0,0,9.299999999999955,5.379223437035659
3633,L50812,L,302.1,311.3,1634,30.6,50,0,0,0,0,0,0,9.199999999999989,5.236029643885036
3634,M18493,M,302.2,311.3,1521,40.6,52,0,0,0,0,0,0,9.100000000000023,6.466717150002302
3635,L50814,L,302.2,311.4,1499,37.7,55,0,0,0,0,0,0,9.199999999999989,5.91795421724875
3636,M18495,M,302.1,311.2,1616,35.1,57,0,0,0,0,0,0,9.099999999999966,5.939872061995294
3637,L50816,L,302.2,311.4,1449,46.5,60,0,0,0,0,0,0,9.199999999999989,7.0558600203299955
3638,M18497,M,302.2,311.4,1626,31.6,62,0,0,0,0,0,0,9.199999999999989,5.380668569656311
3639,M18498,M,302.3,311.5,1445,44.8,65,0,0,0,0,0,0,9.199999999999989,6.779138067426294
3640,L50819,L,302.4,311.6,1622,35.0,68,0,0,0,0,0,0,9.200000000000045,5.944940498143085
3641,H33054,H,302.4,311.6,1544,39.1,70,0,0,0,0,0,0,9.200000000000045,6.321973504475908
3642,L50821,L,302.3,311.6,1488,41.8,75,0,0,0,0,0,0,9.300000000000011,6.513401216834647
3643,L50822,L,302.3,311.6,1309,57.6,77,0,0,0,0,0,0,9.300000000000011,7.895701984414156
3644,L50823,L,302.3,311.6,1784,26.4,79,0,0,0,0,0,0,9.300000000000011,4.932049138723688
3645,L50824,L,302.2,311.5,1548,32.4,81,0,0,0,0,0,0,9.300000000000011,5.252240261977559
3646,L50825,L,302.2,311.5,1413,43.5,83,0,0,0,0,0,0,9.300000000000011,6.436652108307448
3647,M18506,M,302.2,311.5,1863,25.7,85,0,0,0,0,0,0,9.300000000000011,5.0138876273497015
3648,L50827,L,302.2,311.5,1427,43.8,88,0,0,0,0,0,0,9.300000000000011,6.545256966342046
3649,M18508,M,302.2,311.5,1443,47.0,90,0,0,0,0,0,0,9.300000000000011,7.102198511970446
3650,L50829,L,302.2,311.5,1481,40.4,93,0,0,0,0,0,0,9.300000000000011,6.2656342762215305
3651,L50830,L,302.1,311.4,1446,39.7,95,0,0,0,0,0,0,9.299999999999955,6.011563206350213
3652,L50831,L,302.1,311.5,1444,44.9,97,0,0,0,0,0,0,9.399999999999977,6.789568155036212
3653,M18512,M,302.1,311.5,1341,50.8,99,0,0,0,0,0,0,9.399999999999977,7.133802934065558
3654,L50833,L,302.1,311.4,1518,37.4,102,0,0,0,0,0,0,9.299999999999955,5.945275601359467
3655,L50834,L,302.1,311.4,1603,35.9,104,0,0,0,0,0,0,9.299999999999955,6.026381051699644
3656,L50835,L,302.1,311.4,1686,30.9,106,0,0,0,0,0,0,9.299999999999955,5.455626970370963
3657,M18516,M,302.1,311.5,1383,53.6,108,0,0,0,0,0,0,9.399999999999977,7.762749783314236
3658,L50837,L,302.1,311.5,1477,45.4,111,0,0,0,0,0,0,9.399999999999977,7.022066955352882
3659,M18518,M,302.2,311.5,1449,44.5,113,0,0,0,0,0,0,9.300000000000011,6.752382169993222
3660,M18519,M,302.2,311.5,1734,25.0,116,0,0,0,0,0,0,9.300000000000011,4.539601384437251
3661,L50840,L,302.3,311.6,1398,49.1,119,0,0,0,0,0,0,9.300000000000011,7.188152486972662
3662,M18521,M,302.3,311.7,1639,36.6,121,0,0,0,0,0,0,9.399999999999977,6.281865838265079
3663,M18522,M,302.3,311.7,1517,37.6,124,0,0,0,0,0,0,9.399999999999977,5.973131056221298
3664,M18523,M,302.3,311.7,1442,41.7,127,0,0,0,0,0,0,9.399999999999977,6.29694548300231
3665,M18524,M,302.3,311.7,1685,30.8,130,0,0,0,0,0,0,9.399999999999977,5.434745851200103
3666,M18525,M,302.4,311.8,1358,50.6,133,0,0,0,0,0,0,9.400000000000034,7.195797029096399
3667,M18526,M,302.3,311.6,1608,39.9,136,0,0,0,0,0,0,9.300000000000011,6.718735712673276
3668,L50847,L,302.3,311.6,1665,34.3,139,0,0,0,0,0,0,9.300000000000011,5.980492855006209
3669,L50848,L,302.3,311.7,1510,38.7,141,0,0,0,0,0,0,9.399999999999977,6.119508329927559
3670,L50849,L,302.4,311.8,1465,40.2,143,0,0,0,0,0,0,9.400000000000034,6.1672605382621235
3671,L50850,L,302.3,311.7,1701,27.5,145,0,0,0,0,0,0,9.399999999999977,4.898528345109884
3672,M18531,M,302.3,311.7,1486,39.6,147,0,0,0,0,0,0,9.399999999999977,6.16229682186945
3673,L50852,L,302.3,311.6,1658,32.3,150,0,0,0,0,0,0,9.300000000000011,5.608098933825187
3674,H33087,H,302.3,311.7,1449,44.5,152,0,0,0,0,0,0,9.399999999999977,6.752382169993222
3675,L50854,L,302.2,311.5,1346,52.4,157,0,0,0,0,0,0,9.300000000000011,7.385926216491652
3676,M18535,M,302.1,311.5,1866,23.1,159,0,0,0,0,0,0,9.399999999999977,4.513903156530886
3677,M18536,M,302.2,311.5,1562,38.0,162,0,0,0,0,0,0,9.300000000000011,6.215745784882525
3678,M18537,M,302.3,311.7,1368,53.6,165,0,0,0,0,0,0,9.399999999999977,7.67855510019803
3679,L50858,L,302.2,311.5,1567,33.1,168,0,0,0,0,0,0,9.300000000000011,5.431572842619977
3680,L50859,L,302.2,311.5,1725,34.0,170,0,0,0,0,0,0,9.300000000000011,6.1418136377680455
3681,L50860,L,302.2,311.5,1744,31.2,172,0,0,0,0,0,0,9.300000000000011,5.698095091375023
3682,M18541,M,302.1,311.3,1453,45.1,174,0,0,0,0,0,0,9.199999999999989,6.86231696891784
3683,L50862,L,302.1,311.2,1550,34.8,177,0,0,0,0,0,0,9.099999999999966,5.6485835911544475
3684,M18543,M,302.0,311.2,1558,39.1,179,0,0,0,0,0,0,9.199999999999989,6.37929709842841
3685,L50864,L,302.0,311.2,1270,65.3,182,1,0,0,0,1,0,9.199999999999989,8.684514011828503
3686,M18545,M,301.9,311.1,1380,51.6,184,0,0,0,0,0,0,9.200000000000045,7.456884322560732
3687,L50866,L,302.0,311.1,1406,50.5,187,0,0,0,0,0,0,9.100000000000023,7.435416772761203
3688,M18547,M,302.0,311.2,1625,30.7,189,0,0,0,0,0,0,9.199999999999989,5.224206783532026
3689,L50868,L,302.0,311.2,1420,45.8,192,0,0,0,0,0,0,9.199999999999989,6.810553993962192
3690,L50869,L,302.1,311.4,1889,22.7,194,0,0,0,0,0,0,9.299999999999955,4.490414515457546
3691,L50870,L,302.1,311.3,1477,43.6,196,0,0,0,0,0,0,9.199999999999989,6.7436590143917545
3692,L50871,L,302.1,311.2,1460,46.9,198,0,0,0,0,0,0,9.099999999999966,7.170580512063582
3693,L50872,L,302.1,311.3,1758,24.4,200,0,0,0,0,0,0,9.199999999999989,4.4919748398088295
3694,L50873,L,302.1,311.3,1521,31.5,202,0,0,0,0,0,0,9.199999999999989,5.017280547415579
3695,M18554,M,302.1,311.3,1511,45.0,204,0,0,0,0,0,0,9.199999999999989,7.1204197493612655
3696,L50875,L,302.2,311.3,1530,37.3,207,1,1,0,0,0,0,9.100000000000023,5.976251704923863
3697,L50876,L,302.1,311.2,1454,46.8,0,0,0,0,0,0,0,9.099999999999966,7.12588612057851
3698,L50877,L,302.2,311.2,1928,23.1,2,0,0,0,0,0,0,9.0,4.663882789813263
3699,H33112,H,302.2,311.3,1758,26.4,4,0,0,0,0,0,0,9.100000000000023,4.860169498809554
3700,L50879,L,302.2,311.2,1649,33.2,9,0,0,0,0,0,0,9.0,5.73307148958499
3701,L50880,L,302.1,311.2,1447,50.3,11,0,0,0,0,0,0,9.099999999999966,7.621933128604828
3702,L50881,L,302.1,311.2,1417,48.0,13,0,0,0,0,0,0,9.099999999999966,7.122618864218779
3703,L50882,L,302.0,311.2,1434,44.9,15,0,0,0,0,0,0,9.199999999999989,6.742548984987486
3704,M18563,M,302.0,311.2,1418,49.5,17,0,0,0,0,0,0,9.199999999999989,7.35038433160404
3705,M18564,M,302.0,311.2,1400,49.5,20,0,0,0,0,0,0,9.199999999999989,7.257079029792423
3706,M18565,M,302.0,311.3,1725,27.7,23,0,0,0,0,0,0,9.300000000000011,5.003771699005142
3707,L50886,L,302.0,311.3,1567,41.1,26,0,0,0,0,0,0,9.300000000000011,6.744339692800032
3708,M18567,M,302.1,311.3,1497,38.4,28,0,0,0,0,0,0,9.199999999999989,6.019794179102619
3709,L50888,L,302.1,311.4,1549,44.6,31,0,0,0,0,0,0,9.299999999999955,7.234606170343743
3710,L50889,L,302.2,311.4,1754,26.9,33,0,0,0,0,0,0,9.199999999999989,4.940950317908859
3711,L50890,L,302.2,311.5,1489,38.3,35,0,0,0,0,0,0,9.300000000000011,5.97203149879254
3712,L50891,L,302.2,311.5,1543,38.5,37,0,0,0,0,0,0,9.300000000000011,6.220929412760948
3713,L50892,L,302.3,311.5,1543,33.1,39,0,0,0,0,0,0,9.199999999999989,5.34838346915292
3714,L50893,L,302.3,311.5,1565,35.6,41,0,0,0,0,0,0,9.199999999999989,5.834356436736725
3715,M18574,M,302.3,311.4,1855,23.9,43,0,0,0,0,0,0,9.099999999999966,4.642697983352556
3716,M18575,M,302.4,311.4,1475,45.2,46,0,0,0,0,0,0,9.0,6.981666073827717
3717,L50896,L,302.3,311.4,1609,32.3,49,0,0,0,0,0,0,9.099999999999966,5.442358977397301
3718,H33131,H,302.3,311.4,1443,44.1,51,0,0,0,0,0,0,9.099999999999966,6.6639777527212045
3719,L50898,L,302.4,311.4,1450,44.1,56,0,0,0,0,0,0,9.0,6.696304741126644
3720,L50899,L,302.4,311.5,1590,39.9,58,0,0,0,0,0,0,9.100000000000023,6.6435259845463355
3721,M18580,M,302.4,311.4,1508,41.2,60,0,0,0,0,0,0,9.0,6.5061964976824145
3722,M18581,M,302.2,311.2,1544,43.6,63,0,0,0,0,0,0,9.0,7.049566363047305
3723,L50902,L,302.2,311.2,1451,41.8,66,0,0,0,0,0,0,9.0,6.351441643566581
3724,L50903,L,302.3,311.2,1758,24.4,68,0,0,0,0,0,0,8.899999999999977,4.4919748398088295
3725,M18584,M,302.3,311.2,1507,47.7,70,0,0,0,0,0,0,8.899999999999977,7.527664405046112
3726,H33139,H,302.3,311.1,1543,37.5,73,0,0,0,0,0,0,8.800000000000011,6.059346830611313
3727,M18586,M,302.3,311.2,1505,36.7,78,0,0,0,0,0,0,8.899999999999977,5.7840385944017285
3728,L50907,L,302.3,311.2,1786,24.3,81,0,0,0,0,0,0,8.899999999999977,4.5448164282422105
3729,L50908,L,302.3,311.3,1457,44.5,83,0,0,0,0,0,0,9.0,6.7896624028158215
3730,M18589,M,302.4,311.3,1312,61.5,85,0,0,0,0,0,0,8.900000000000034,8.449627601095107
3731,M18590,M,302.3,311.2,1405,47.7,88,0,0,0,0,0,0,8.899999999999977,7.0181609084869185
3732,M18591,M,302.2,311.2,1377,43.0,91,0,0,0,0,0,0,9.0,6.200561420390175
3733,M18592,M,302.2,311.2,1347,49.8,94,0,0,0,0,0,0,9.0,7.024664005279849
3734,L50913,L,302.2,311.1,1470,39.6,97,0,0,0,0,0,0,8.900000000000034,6.095946385025634
3735,M18594,M,302.2,311.2,1873,24.0,99,0,0,0,0,0,0,9.0,4.707362432138946
3736,M18595,M,302.2,311.1,1434,58.6,102,0,0,0,0,0,0,8.900000000000034,8.799852350117298
3737,H33150,H,302.2,311.1,1628,30.6,105,0,0,0,0,0,0,8.900000000000034,5.216803096845067
3738,L50917,L,302.2,311.1,1351,48.6,110,0,0,0,0,0,0,8.900000000000034,6.875752513499694
3739,M18598,M,302.3,311.2,1454,43.8,112,0,0,0,0,0,0,8.899999999999977,6.669098548746555
3740,M18599,M,302.2,311.2,1663,29.6,115,0,0,0,0,0,0,9.0,5.154809001814228
3741,L50920,L,302.3,311.2,1401,49.7,118,0,0,0,0,0,0,8.899999999999977,7.291605133055374
3742,L50921,L,302.4,311.3,1503,38.2,120,0,0,0,0,0,0,8.900000000000034,6.012442852293218
3743,L50922,L,302.4,311.4,1564,35.0,122,0,0,0,0,0,0,9.0,5.7323593952501755
3744,L50923,L,302.5,311.4,1759,24.6,124,0,0,0,0,0,0,8.899999999999977,4.531370411684847
3745,L50924,L,302.5,311.4,1409,53.1,126,0,0,0,0,0,0,8.899999999999977,7.834912166567193
3746,L50925,L,302.6,311.4,1738,25.8,128,0,0,0,0,0,0,8.799999999999955,4.6956757074675926
3747,H33160,H,302.5,311.3,1393,47.5,130,0,0,0,0,0,0,8.800000000000011,6.929044396880087
3748,L50927,L,302.5,311.1,1499,38.8,135,0,0,0,0,0,0,8.600000000000023,6.090626621465556
3749,L50928,L,302.5,311.1,1493,39.0,137,0,0,0,0,0,0,8.600000000000023,6.097517181352429
3750,L50929,L,302.4,311.1,1652,33.9,139,0,0,0,0,0,0,8.700000000000045,5.864599502015281
3751,L50930,L,302.3,311.1,1589,29.9,141,0,0,0,0,0,0,8.800000000000011,4.975350757465667
3752,L50931,L,302.4,311.1,1520,42.2,143,0,0,0,0,0,0,8.700000000000045,6.717143972395457
3753,H33166,H,302.3,311.1,1455,40.3,145,0,0,0,0,0,0,8.800000000000011,6.1403999210739295
3754,L50933,L,302.2,311.0,1463,46.8,150,0,0,0,0,0,0,8.800000000000011,7.169994081434912
3755,L50934,L,302.3,311.0,1442,43.7,152,0,0,0,0,0,0,8.699999999999989,6.5989572567674095
3756,L50935,L,302.3,311.0,1329,51.5,154,0,0,0,0,0,0,8.699999999999989,7.167386559532433
3757,L50936,L,302.3,311.1,1546,33.1,156,0,0,0,0,0,0,8.800000000000011,5.358782140836302
3758,M18617,M,302.2,311.1,1516,33.7,158,0,0,0,0,0,0,8.900000000000034,5.350048513259322
3759,M18618,M,302.2,311.0,1476,47.4,161,0,0,0,0,0,0,8.800000000000011,7.326445395583685
3760,L50939,L,302.3,311.0,1412,47.0,164,0,0,0,0,0,0,8.699999999999989,6.949621828761101
3761,L50940,L,302.3,310.9,1377,46.8,166,1,0,1,0,0,0,8.599999999999966,6.748518011029305
3762,M18621,M,302.4,311.0,1490,37.1,168,0,0,0,0,0,0,8.600000000000023,5.788803343259673
3763,M18622,M,302.3,311.0,1526,37.7,171,0,0,0,0,0,0,8.699999999999989,6.024548455985051
3764,L50943,L,302.3,311.0,1428,47.9,174,0,0,0,0,0,0,8.699999999999989,7.162956913890871
3765,L50944,L,302.4,311.0,1329,54.6,176,0,0,0,0,0,0,8.600000000000023,7.598821478649919
3766,M18625,M,302.4,311.1,1443,51.8,178,0,0,0,0,0,0,8.700000000000045,7.827529423831256
3767,L50946,L,302.3,311.1,1373,53.0,181,0,0,0,0,0,0,8.800000000000011,7.620351860302521
3768,L50947,L,302.3,311.1,1630,35.6,183,0,0,0,0,0,0,8.800000000000011,6.076677950083617
3769,L50948,L,302.2,311.0,1555,34.2,185,0,0,0,0,0,0,8.800000000000011,5.569101297018626
3770,M18629,M,302.2,311.0,1436,47.0,187,0,0,0,0,0,0,8.800000000000011,7.067745712536078
3771,L50950,L,302.3,311.0,1609,31.0,190,0,0,0,0,0,0,8.699999999999989,5.22331666561351
3772,M18631,M,302.3,311.0,1384,49.7,192,0,0,0,0,0,0,8.699999999999989,7.203127411954775
3773,L50952,L,302.4,311.1,1448,44.8,195,0,0,0,0,0,0,8.700000000000045,6.793212402514377
3774,M18633,M,302.4,311.1,1887,22.4,197,0,0,0,0,0,0,8.700000000000045,4.4263783852018745
3775,M18634,M,302.4,311.1,1480,45.7,200,0,0,0,0,0,0,8.700000000000045,7.082825357273308
3776,H33189,H,302.5,311.1,1850,23.3,203,0,0,0,0,0,0,8.600000000000023,4.513945044432935
3777,L50956,L,302.5,311.1,1538,36.8,208,0,0,0,0,0,0,8.600000000000023,5.926970588164551
3778,M18637,M,302.4,311.1,1721,30.1,210,0,0,0,0,0,0,8.700000000000045,5.4247032266841275
3779,M18638,M,302.4,311.1,1366,54.4,0,0,0,0,0,0,0,8.700000000000045,7.781766890843966
3780,L50959,L,302.3,311.0,1657,31.1,3,0,0,0,0,0,0,8.699999999999989,5.39649172465489
3781,L50960,L,302.4,311.1,1446,42.9,5,0,0,0,0,0,0,8.700000000000045,6.4961224572399034
3782,L50961,L,302.3,310.8,1465,43.8,7,0,0,0,0,0,0,8.5,6.7195525267632075
3783,L50962,L,302.2,310.8,1827,23.8,9,0,0,0,0,0,0,8.600000000000023,4.553487223966118
3784,H33197,H,302.2,310.8,1397,47.6,11,0,0,0,0,0,0,8.600000000000023,6.963570500143039
3785,L50964,L,302.2,310.8,1744,29.7,16,0,0,0,0,0,0,8.600000000000023,5.4241482119819935
3786,L50965,L,302.3,310.9,1545,36.7,18,0,0,0,0,0,0,8.599999999999966,5.937767194917388
3787,L50966,L,302.3,310.9,1587,36.6,20,0,0,0,0,0,0,8.599999999999966,6.082563200321342
3788,L50967,L,302.3,310.8,1377,47.3,22,1,0,1,0,0,0,8.5,6.8206175624291925
3789,L50968,L,302.3,310.8,1511,48.1,24,0,0,0,0,0,0,8.5,7.610937554317266
3790,L50969,L,302.3,310.8,1650,32.4,26,0,0,0,0,0,0,8.5,5.59831810869701
3791,L50970,L,302.3,310.9,1412,48.9,28,0,0,0,0,0,0,8.599999999999966,7.230563987796124
3792,L50971,L,302.3,311.0,1528,43.1,30,0,0,0,0,0,0,8.699999999999989,6.89650796896441
3793,L50972,L,302.3,310.9,1459,35.0,32,0,0,0,0,0,0,8.599999999999966,5.347514295185426
3794,L50973,L,302.3,310.9,1379,49.3,34,1,0,1,0,0,0,8.599999999999966,7.119341135883533
3795,M18654,M,302.2,310.8,1356,48.3,36,0,0,0,0,0,0,8.600000000000023,6.858599417611092
3796,M18655,M,302.1,310.8,1409,41.3,39,0,0,0,0,0,0,8.699999999999989,6.093820573996705
3797,M18656,M,302.1,310.8,1504,37.5,42,0,0,0,0,0,0,8.699999999999989,5.906194188748811
3798,L50977,L,302.1,310.8,1622,36.8,45,0,0,0,0,0,0,8.699999999999989,6.250680295190443
3799,L50978,L,302.1,310.8,1786,25.7,47,0,0,0,0,0,0,8.699999999999989,4.806657703943408
3800,L50979,L,302.2,310.9,1506,34.0,49,0,0,0,0,0,0,8.699999999999989,5.362070341147059
3801,M18660,M,302.1,310.9,1916,23.1,51,0,0,0,0,0,0,8.799999999999955,4.6348544736940935
3802,M18661,M,302.2,310.9,1771,27.6,54,0,0,0,0,0,0,8.699999999999989,5.118659742346922
3803,M18662,M,302.2,310.9,1488,44.2,57,0,0,0,0,0,0,8.699999999999989,6.887376406317976
3804,L50983,L,302.2,310.9,1531,37.5,60,0,0,0,0,0,0,8.699999999999989,6.012222940807466
3805,L50984,L,302.3,310.9,1529,33.4,62,0,0,0,0,0,0,8.599999999999966,5.347891286303857
3806,M18665,M,302.4,311.0,1580,36.5,64,0,0,0,0,0,0,8.600000000000023,6.039188277750779
3807,M18666,M,302.3,310.9,1360,44.0,67,1,0,1,0,0,0,8.599999999999966,6.26643014636044
3808,M18667,M,302.3,311.0,1546,35.5,70,0,0,0,0,0,0,8.699999999999989,5.747334320232287
3809,M18668,M,302.3,310.9,1762,24.5,73,0,0,0,0,0,0,8.599999999999966,4.520647108760592
3810,L50989,L,302.2,310.8,1350,56.6,76,0,0,0,0,0,0,8.600000000000023,8.001636488693203
3811,M18670,M,302.2,310.8,1562,38.1,78,0,0,0,0,0,0,8.600000000000023,6.232103010632217
3812,M18671,M,302.1,310.7,1608,30.3,81,0,0,0,0,0,0,8.599999999999966,5.102197796842112
3813,L50992,L,302.0,310.6,1392,50.0,84,0,0,0,0,0,0,8.600000000000023,7.28849495632832
3814,L50993,L,302.0,310.6,1467,44.9,86,0,0,0,0,0,0,8.600000000000023,6.897712246148285
3815,M18674,M,302.1,310.6,1326,59.1,88,1,0,1,0,0,0,8.5,8.20653116156033
3816,L50995,L,302.2,310.7,1769,24.9,91,0,0,0,0,0,0,8.5,4.612706245486287
3817,L50996,L,302.1,310.6,1459,47.6,93,0,0,0,0,0,0,8.5,7.2726194414521785
3818,M18677,M,302.1,310.6,1421,52.0,95,0,0,0,0,0,0,8.5,7.7379521453019
3819,L50998,L,302.1,310.7,1491,42.8,98,0,0,0,0,0,0,8.599999999999966,6.682670229010064
3820,L50999,L,302.2,310.7,1567,36.4,100,0,0,0,0,0,0,8.5,5.973089168319249
3821,L51000,L,302.3,310.8,1421,41.4,102,0,0,0,0,0,0,8.5,6.160600361836512
3822,L51001,L,302.3,310.9,1596,33.5,104,0,0,0,0,0,0,8.599999999999966,5.598946427227729
3823,M18682,M,302.4,311.0,1464,44.2,106,0,0,0,0,0,0,8.600000000000023,6.776289690087041
3824,M18683,M,302.3,310.9,1581,36.1,109,0,0,0,0,0,0,8.599999999999966,5.976785775674974
3825,L51004,L,302.3,310.9,1620,30.3,112,0,0,0,0,0,0,8.599999999999966,5.14027389980362
3826,H33239,H,302.2,310.7,1413,48.9,114,0,0,0,0,0,0,8.5,7.235684783821475
3827,H33240,H,302.3,310.8,1438,43.8,119,0,0,0,0,0,0,8.5,6.595710944358697
3828,M18687,M,302.4,310.9,1469,41.6,124,0,0,0,0,0,0,8.5,6.399466123264457
3829,M18688,M,302.3,310.8,1762,27.8,127,0,0,0,0,0,0,8.5,5.129550596879366
3830,H33243,H,302.3,310.9,1366,48.4,130,1,0,1,0,0,0,8.599999999999966,6.923483777883234
3831,L51010,L,302.3,310.9,1891,22.7,135,0,0,0,0,0,0,8.599999999999966,4.495168792339979
3832,M18691,M,302.3,310.9,1742,29.7,137,0,0,0,0,0,0,8.599999999999966,5.417927858527885
3833,M18692,M,302.2,310.9,1465,43.5,140,0,0,0,0,0,0,8.699999999999989,6.673528194388117
3834,M18693,M,302.3,311.0,1541,36.6,143,0,0,0,0,0,0,8.699999999999989,5.906257020601884
3835,M18694,M,302.3,311.1,1295,57.1,146,0,0,0,0,0,0,8.800000000000011,7.743449932445682
3836,M18695,M,302.3,311.1,1435,43.1,149,0,0,0,0,0,0,8.800000000000011,6.4767597745182774
3837,L51016,L,302.4,311.2,1466,43.9,152,0,0,0,0,0,0,8.800000000000011,6.739491168137992
3838,L51017,L,302.4,311.2,1450,47.9,154,0,0,0,0,0,0,8.800000000000011,7.273310591835969
3839,L51018,L,302.4,311.1,1880,24.5,156,0,0,0,0,0,0,8.700000000000045,4.823391920811528
3840,M18699,M,302.3,311.0,1578,33.5,158,0,0,0,0,0,0,8.699999999999989,5.535800414890574
3841,L51020,L,302.4,311.0,1610,33.1,161,0,0,0,0,0,0,8.600000000000023,5.580620470081789
3842,L51021,L,302.4,311.1,1565,42.8,163,0,0,0,0,0,0,8.700000000000045,7.01433863742505
3843,L51022,L,302.5,311.2,1545,40.1,165,0,0,0,0,0,0,8.699999999999989,6.487860068560961
3844,L51023,L,302.5,311.2,1227,60.1,167,0,0,0,0,0,0,8.699999999999989,7.7223174858625345
3845,L51024,L,302.4,311.1,1484,45.9,169,0,0,0,0,0,0,8.700000000000045,7.133048951828696
3846,L51025,L,302.3,311.0,1591,32.7,171,0,0,0,0,0,0,8.699999999999989,5.448118563928884
3847,L51026,L,302.3,310.9,1403,47.2,173,0,0,0,0,0,0,8.599999999999966,6.934709735632062
3848,M18707,M,302.3,311.0,1450,45.7,175,0,0,0,0,0,0,8.699999999999989,6.939254573004254
3849,L51028,L,302.3,310.9,1720,28.1,178,0,0,0,0,0,0,8.599999999999966,5.061315204443396
3850,L51029,L,302.3,311.0,1561,37.2,180,0,0,0,0,0,0,8.699999999999989,6.080992403994547
3851,M18710,M,302.3,311.0,1421,41.3,182,0,0,0,0,0,0,8.699999999999989,6.145719684634008
3852,H33265,H,302.2,310.9,1415,48.4,185,0,0,0,0,0,0,8.699999999999989,7.171837149125019
3853,L51032,L,302.3,310.9,2034,19.7,190,0,0,0,0,0,0,8.599999999999966,4.196099643693743
3854,L51033,L,302.4,311.0,1486,40.4,192,0,0,0,0,0,0,8.600000000000023,6.286787666755702
3855,L51034,L,302.4,311.0,1338,67.6,194,1,0,0,1,1,0,8.600000000000023,9.471776186867082
3856,H33269,H,302.4,311.1,1578,32.3,196,0,0,0,0,0,0,8.700000000000045,5.337503086595986
3857,M18716,M,302.4,311.2,1330,58.6,201,0,0,0,0,0,0,8.800000000000011,8.161648274516043
3858,H33271,H,302.4,311.2,1506,40.8,204,0,0,0,0,0,0,8.800000000000011,6.43448440937647
3859,L51038,L,302.5,311.4,1559,37.6,209,0,0,0,0,0,0,8.899999999999977,6.1385044935062645
3860,L51039,L,302.6,311.5,1599,37.0,211,0,0,0,0,0,0,8.899999999999977,6.195534872144432
3861,L51040,L,302.6,311.5,1427,38.9,213,0,0,0,0,0,0,8.899999999999977,5.8130250226188505
3862,M18721,M,302.5,311.5,1481,41.1,215,0,0,0,0,0,0,9.0,6.3741972463540835
3863,H33276,H,302.5,311.5,1496,43.8,218,0,0,0,0,0,0,9.0,6.861741010264682
3864,L51043,L,302.5,311.4,1674,27.0,223,0,0,0,0,0,0,8.899999999999977,4.7331234918983816
3865,M18724,M,302.5,311.4,1629,31.7,225,0,0,0,0,0,0,8.899999999999977,5.407654850550647
3866,H33279,H,302.6,311.5,1629,34.4,228,1,1,0,0,0,0,8.899999999999977,5.868243749493446
3867,L51046,L,302.6,311.6,1311,53.2,0,0,0,0,0,0,0,9.0,7.303700264771695
3868,M18727,M,302.7,311.6,2709,9.7,2,1,0,0,1,0,0,8.900000000000034,2.7517524212058357
3869,M18728,M,302.7,311.7,1759,29.9,5,0,0,0,0,0,0,9.0,5.507641272738897
3870,L51049,L,302.7,311.7,1480,45.2,8,0,0,0,0,0,0,9.0,7.005332738484761
3871,L51050,L,302.7,311.8,1461,46.1,10,0,0,0,0,0,0,9.100000000000023,7.053095418794837
3872,M18731,M,302.7,311.8,1728,30.0,12,0,0,0,0,0,0,9.100000000000023,5.428672105403162
3873,L51052,L,302.7,311.9,1389,46.5,15,0,0,0,0,0,0,9.199999999999989,6.763691903546145
3874,L51053,L,302.6,311.8,1638,35.1,17,0,0,0,0,0,0,9.199999999999989,6.020736656898695
3875,L51054,L,302.6,311.7,1254,54.1,19,0,0,0,0,0,0,9.099999999999966,7.1043347949748865
3876,L51055,L,302.6,311.8,1427,50.1,21,0,0,0,0,0,0,9.199999999999989,7.4866980368433
3877,L51056,L,302.6,311.8,1627,31.8,23,0,0,0,0,0,0,9.199999999999989,5.418053522234029
3878,H33291,H,302.6,311.7,1471,48.3,25,0,0,0,0,0,0,9.099999999999966,7.4402652974232435
3879,L51058,L,302.6,311.7,1773,27.1,30,0,0,0,0,0,0,9.099999999999966,5.031606209915948
3880,M18739,M,302.6,311.7,1430,51.7,32,0,0,0,0,0,0,9.099999999999966,7.742036215751567
3881,L51060,L,302.5,311.6,1595,29.5,35,0,0,0,0,0,0,9.100000000000023,4.927326277767791
3882,L51061,L,302.5,311.5,1521,44.1,37,0,0,0,0,0,0,9.0,7.024192766381811
3883,L51062,L,302.5,311.6,1419,43.7,39,0,0,0,0,0,0,9.100000000000023,6.493703430896639
3884,M18743,M,302.4,311.4,1534,40.1,41,0,0,0,0,0,0,9.0,6.441668184577679
3885,H33298,H,302.5,311.5,1626,36.0,44,0,0,0,0,0,0,9.0,6.129875585684404
3886,L51065,L,302.5,311.5,1677,29.2,49,0,0,0,0,0,0,9.0,5.1279588566015475
3887,L51066,L,302.4,311.3,1392,50.5,51,0,0,0,0,0,0,8.900000000000034,7.361379905891604
3888,L51067,L,302.4,311.2,1448,50.5,53,0,0,0,0,0,0,8.800000000000011,7.6575273733700016
3889,L51068,L,302.3,311.2,1903,22.9,55,0,0,0,0,0,0,8.899999999999977,4.563550792433117
3890,L51069,L,302.4,311.2,1404,52.0,57,0,0,0,0,0,0,8.800000000000011,7.645379881776122
3891,L51070,L,302.3,311.2,1386,53.5,59,0,0,0,0,0,0,8.899999999999977,7.765074561877891
3892,L51071,L,302.2,311.1,1418,47.0,61,0,0,0,0,0,0,8.900000000000034,6.9791527997048455
3893,M18752,M,302.3,311.1,1338,53.3,63,0,0,0,0,0,0,8.800000000000011,7.468131224260584
3894,L51073,L,302.3,311.2,1549,40.6,66,0,0,0,0,0,0,8.899999999999977,6.585762567622331
3895,M18754,M,302.3,311.2,1432,42.7,68,0,0,0,0,0,0,8.899999999999977,6.403236034448764
3896,M18755,M,302.3,311.2,1546,40.0,71,0,0,0,0,0,0,8.899999999999977,6.475869656599761
3897,M18756,M,302.2,311.2,1627,33.2,74,0,0,0,0,0,0,9.0,5.6565841804455905
3898,M18757,M,302.2,311.1,1640,32.8,77,0,0,0,0,0,0,8.900000000000034,5.633085067396738
3899,M18758,M,302.1,311.1,1423,36.8,80,0,0,0,0,0,0,9.0,5.483796584498151
3900,M18759,M,302.1,311.0,1711,28.7,83,0,0,0,0,0,0,8.899999999999977,5.142336878979477
3901,M18760,M,302.1,311.1,1450,51.6,86,0,0,0,0,0,0,9.0,7.835132078052945
3902,H33315,H,302.2,311.1,1553,34.1,89,0,0,0,0,0,0,8.900000000000034,5.545675487798359
3903,L51082,L,302.2,311.1,1630,34.6,94,0,0,0,0,0,0,8.900000000000034,5.905984749238573
3904,H33317,H,302.2,311.1,1476,39.6,96,0,0,0,0,0,0,8.900000000000034,6.120827798842066
3905,H33318,H,302.2,311.1,1426,50.6,101,0,0,0,0,0,0,8.900000000000034,7.556116762512122
3906,M18765,M,302.2,311.2,1561,34.9,106,0,0,0,0,0,0,9.0,5.7050170671884315
3907,L51086,L,302.3,311.2,1297,62.5,109,0,0,0,0,0,0,8.899999999999977,8.48884514938742
3908,M18767,M,302.3,311.2,1842,23.9,111,0,0,0,0,0,0,8.899999999999977,4.610161555436878
3909,L51088,L,302.3,311.2,1633,36.4,114,0,0,0,0,0,0,8.899999999999977,6.22466790801872
3910,H33323,H,302.3,311.3,1744,30.3,116,0,0,0,0,0,0,9.0,5.533726963739205
3911,L51090,L,302.4,311.4,1831,26.9,121,0,0,0,0,0,0,9.0,5.1578563466882095
3912,M18771,M,302.3,311.3,1339,50.8,123,0,0,0,0,0,0,9.0,7.123163406945401
3913,L51092,L,302.4,311.4,1475,40.4,126,0,0,0,0,0,0,9.0,6.240250207580525
3914,M18773,M,302.4,311.4,1675,29.6,128,0,0,0,0,0,0,9.0,5.192005458832731
3915,L51094,L,302.5,311.5,1493,35.1,131,0,0,0,0,0,0,9.0,5.487765463217187
3916,L51095,L,302.5,311.5,1700,29.5,133,0,0,0,0,0,0,9.0,5.251695719250938
3917,L51096,L,302.6,311.6,1453,37.0,135,0,0,0,0,0,0,9.0,5.629838754988029
3918,L51097,L,302.6,311.7,1542,34.1,137,0,0,0,0,0,0,9.099999999999966,5.506395107652975
3919,M18778,M,302.5,311.5,1358,52.7,139,0,0,0,0,0,0,9.0,7.494436826746643
3920,H33333,H,302.5,311.5,1655,32.3,142,0,0,0,0,0,0,9.0,5.597951589554093
3921,L51100,L,302.6,311.5,1885,27.5,147,0,0,0,0,0,0,8.899999999999977,5.428410306015363
3922,L51101,L,302.7,311.5,1494,41.4,149,0,0,0,0,0,0,8.800000000000011,6.477084405759148
3923,M18782,M,302.6,311.4,1757,29.5,151,0,0,0,0,0,0,8.799999999999955,5.427781987484646
3924,M18783,M,302.6,311.4,1718,31.2,154,0,0,0,0,0,0,8.799999999999955,5.613146426021954
3925,M18784,M,302.5,311.4,1636,35.0,157,0,0,0,0,0,0,8.899999999999977,5.9962531781517185
3926,L51105,L,302.6,311.6,1638,29.6,160,0,0,0,0,0,0,9.0,5.07731638302568
3927,L51106,L,302.6,311.5,1609,36.0,162,0,0,0,0,0,0,8.899999999999977,6.065787095551173
3928,H33341,H,302.7,311.5,1556,35.0,164,0,0,0,0,0,0,8.800000000000011,5.703037863816672
3929,L51108,L,302.6,311.5,1442,59.8,169,1,0,0,1,0,0,8.899999999999977,9.030152035576453
3930,M18789,M,302.7,311.6,1501,38.8,171,0,0,0,0,0,0,8.900000000000034,6.098752874462841
3931,M18790,M,302.6,311.6,2041,19.2,174,0,0,0,0,0,0,9.0,4.103673987825131
3932,M18791,M,302.7,311.7,1784,25.1,177,0,0,0,0,0,0,9.0,4.689183082650173
3933,L51112,L,302.6,311.6,1953,22.4,180,0,0,0,0,0,0,9.0,4.58119607117078
3934,L51113,L,302.6,311.6,1576,34.7,182,0,0,0,0,0,0,9.0,5.7268301921798574
3935,M18794,M,302.6,311.6,1518,39.0,184,0,0,0,0,0,0,9.0,6.199618942594097
3936,M18795,M,302.6,311.6,1227,68.2,187,1,0,0,0,1,0,9.0,8.763095716070298
3937,L51116,L,302.5,311.5,1985,18.8,190,0,0,0,0,0,0,9.0,3.9079318215554637
3938,L51117,L,302.5,311.5,1802,26.4,192,0,0,0,0,0,0,9.0,4.981811966356551
3939,L51118,L,302.5,311.5,1603,32.4,194,0,0,0,0,0,0,9.0,5.438850865600792
3940,L51119,L,302.5,311.6,1400,54.0,196,0,0,0,0,0,0,9.100000000000023,7.916813487046278
3941,L51120,L,302.3,311.5,1395,54.2,198,0,0,0,0,0,0,9.199999999999989,7.917755964842355
3942,L51121,L,302.2,311.4,1987,19.9,200,0,0,0,0,0,0,9.199999999999989,4.140755253113003
3943,M18802,M,302.2,311.4,1398,47.2,202,0,0,0,0,0,0,9.199999999999989,6.909995873423822
3944,L51123,L,302.3,311.4,1333,66.7,205,1,0,0,1,1,0,9.099999999999966,9.310748619419583
3945,L51124,L,302.2,311.2,1381,49.4,207,0,0,0,0,0,0,9.0,7.1441283019203565
3946,L51125,L,302.2,311.3,1570,36.1,0,0,0,0,0,0,0,9.100000000000023,5.9352015609169575
3947,M18806,M,302.2,311.3,1658,31.0,2,0,0,0,0,0,0,9.100000000000023,5.382385973640272
3948,H33361,H,302.2,311.3,1749,29.2,5,0,0,0,0,0,0,9.100000000000023,5.34812166976512
3949,M18808,M,302.2,311.3,1510,37.1,10,0,0,0,0,0,0,9.100000000000023,5.86650540155846
3950,L51129,L,302.3,311.5,1384,50.8,13,0,0,0,0,0,0,9.199999999999989,7.362552767148943
3951,L51130,L,302.3,311.4,1570,37.2,15,0,0,0,0,0,0,9.099999999999966,6.116052578008609
3952,M18811,M,302.3,311.4,1571,32.7,17,0,0,0,0,0,0,9.099999999999966,5.379631844080627
3953,L51132,L,302.3,311.4,1476,37.3,20,0,0,0,0,0,0,9.099999999999966,5.765325174161844
3954,M18813,M,302.3,311.4,1484,39.5,22,0,0,0,0,0,0,9.099999999999966,6.138462605604217
3955,M18814,M,302.3,311.4,1909,23.2,25,0,0,0,0,0,0,9.099999999999966,4.637912290543588
3956,L51135,L,302.3,311.5,1448,49.6,28,0,0,0,0,0,0,9.199999999999989,7.521056588498061
3957,M18816,M,302.3,311.4,1500,40.2,30,0,0,0,0,0,0,9.099999999999966,6.314601233715484
3958,L51137,L,302.2,311.4,1510,44.9,33,0,0,0,0,0,0,9.199999999999989,7.0998946773578115
3959,L51138,L,302.2,311.3,1378,55.5,35,0,0,0,0,0,0,9.100000000000023,8.00886215179646
3960,M18819,M,302.2,311.4,1538,37.4,37,0,0,0,0,0,0,9.199999999999989,6.023605978188973
3961,L51140,L,302.2,311.4,1390,48.1,40,0,0,0,0,0,0,9.199999999999989,7.001458107545333
3962,M18821,M,302.2,311.4,1642,32.1,42,0,0,0,0,0,0,9.199999999999989,5.519589796798051
3963,L51142,L,302.4,311.5,1785,24.8,45,0,0,0,0,0,0,9.100000000000023,4.635734119637099
3964,H33377,H,302.3,311.5,1526,38.2,47,0,0,0,0,0,0,9.199999999999989,6.104449629141351
3965,M18824,M,302.3,311.6,1668,33.2,52,0,0,0,0,0,0,9.300000000000011,5.799128711114472
3966,L51145,L,302.3,311.5,1507,37.5,55,0,0,0,0,0,0,9.199999999999989,5.917975161199773
3967,L51146,L,302.3,311.5,1530,37.8,57,0,0,0,0,0,0,9.199999999999989,6.056362317590403
3968,M18827,M,302.3,311.4,1479,45.6,59,0,0,0,0,0,0,9.099999999999966,7.062551612682143
3969,M18828,M,302.3,311.4,1418,41.3,62,0,0,0,0,0,0,9.099999999999966,6.132744906974682
3970,L51149,L,302.3,311.4,1504,38.7,65,0,0,0,0,0,0,9.099999999999966,6.095192402788774
3971,M18830,M,302.3,311.4,1345,47.6,67,0,0,0,0,0,0,9.099999999999966,6.704368162270857
3972,H33385,H,302.2,311.4,1625,35.4,70,0,0,0,0,0,0,9.199999999999989,6.024003913258427
3973,L51152,L,302.3,311.4,1511,34.7,75,0,0,0,0,0,0,9.099999999999966,5.490634784507465
3974,L51153,L,302.3,311.4,1535,41.8,77,0,0,0,0,0,0,9.099999999999966,6.719133647742729
3975,L51154,L,302.4,311.5,1505,37.9,79,0,0,0,0,0,0,9.100000000000023,5.973162472147833
3976,H33389,H,302.4,311.5,1540,43.7,81,0,0,0,0,0,0,9.100000000000023,7.047430080042864
3977,H33390,H,302.3,311.4,1372,46.0,86,0,0,0,0,0,0,9.099999999999966,6.609073185111967
3978,M18837,M,302.2,311.3,1510,36.6,91,0,0,0,0,0,0,9.100000000000023,5.787441986443118
3979,L51158,L,302.2,311.3,1382,46.4,94,0,0,0,0,0,0,9.100000000000023,6.715133353097158
3980,L51159,L,302.3,311.3,1439,41.8,96,0,0,0,0,0,0,9.0,6.29891421439856
3981,M18840,M,302.2,311.3,1375,47.0,98,0,0,0,0,0,0,9.100000000000023,6.767514174608014
3982,M18841,M,302.2,311.3,1931,21.9,101,0,0,0,0,0,0,9.100000000000023,4.428483252279779
3983,L51162,L,302.2,311.3,1475,48.6,104,0,0,0,0,0,0,9.100000000000023,7.506835645752812
3984,L51163,L,302.2,311.3,1389,46.9,106,0,0,0,0,0,0,9.100000000000023,6.821874199490628
3985,L51164,L,302.3,311.3,1652,32.8,108,0,0,0,0,0,0,9.0,5.674302763011835
3986,L51165,L,302.3,311.2,1386,50.3,110,0,0,0,0,0,0,8.899999999999977,7.300621503971177
3987,M18846,M,302.2,311.3,1577,29.8,112,0,0,0,0,0,0,9.100000000000023,4.921263003946364
3988,M18847,M,302.3,311.3,1444,43.1,115,0,0,0,0,0,0,9.0,6.5173805675291945
3989,L51168,L,302.2,311.3,1554,40.2,118,0,0,0,0,0,0,9.100000000000023,6.541926878129242
3990,L51169,L,302.2,311.3,1602,32.8,120,0,0,0,0,0,0,9.100000000000023,5.502562364615594
3991,H33404,H,302.2,311.2,1692,28.2,122,0,0,0,0,0,0,9.0,4.9966402836814945
3992,L51171,L,302.3,311.3,1682,34.4,127,0,0,0,0,0,0,9.0,6.059168807027611
3993,L51172,L,302.3,311.3,1614,34.1,129,0,0,0,0,0,0,9.0,5.763503050422764
3994,L51173,L,302.3,311.3,1324,47.8,131,0,0,0,0,0,0,9.0,6.627420086208932
3995,L51174,L,302.3,311.4,1434,40.3,133,0,0,0,0,0,0,9.099999999999966,6.051775592316162
3996,L51175,L,302.3,311.3,1621,31.6,135,0,0,0,0,0,0,9.0,5.364122848347405
3997,M18856,M,302.3,311.3,1625,33.1,137,0,0,0,0,0,0,9.0,5.6326138284987
3998,L51177,L,302.2,311.1,1394,53.7,140,0,0,0,0,0,0,8.900000000000034,7.8390904847964675
3999,L51178,L,302.1,311.0,1586,35.1,142,0,0,0,0,0,0,8.899999999999977,5.829602159854291
4000,L51179,L,302.0,311.0,1420,45.9,144,0,0,0,0,0,0,9.0,6.825424199189185
4001,L51180,L,302.1,311.2,1422,50.3,146,0,0,0,0,0,0,9.099999999999966,7.490248036541857
4002,H33415,H,302.1,311.2,1598,37.9,148,0,0,0,0,0,0,9.099999999999966,6.342268193018098
4003,L51182,L,302.1,311.2,1454,59.2,153,1,0,0,1,0,0,9.099999999999966,9.013941417483931
4004,L51183,L,302.1,311.2,1519,39.3,155,0,0,0,0,0,0,9.099999999999966,6.251423805451792
4005,L51184,L,302.0,311.1,1373,55.7,157,0,0,0,0,0,0,9.100000000000023,8.008558464506613
4006,M18865,M,302.0,311.1,1406,48.8,159,0,0,0,0,0,0,9.100000000000023,7.185115614074191
4007,L51186,L,302.1,311.2,1492,45.0,162,0,0,0,0,0,0,9.099999999999966,7.030884358733957
4008,L51187,L,302.1,311.2,1369,50.8,164,0,0,0,0,0,0,9.099999999999966,7.282756313747762
4009,M18868,M,302.2,311.2,1471,41.9,166,0,0,0,0,0,0,9.0,6.4543916348247174
4010,L51189,L,302.2,311.2,1630,36.0,169,0,0,0,0,0,0,9.0,6.144955230421635
4011,M18870,M,302.1,311.1,1605,37.6,171,0,0,0,0,0,0,9.0,6.319627781961228
4012,L51191,L,302.2,311.1,1447,52.1,174,0,0,0,0,0,0,8.900000000000034,7.894686202789495
4013,M18872,M,302.2,311.2,1360,52.8,176,0,0,0,0,0,0,9.0,7.519716175632529
4014,M18873,M,302.2,311.1,1728,34.0,179,0,0,0,0,0,0,8.900000000000034,6.152495052790251
4015,L51194,L,302.1,311.0,1740,30.8,182,0,0,0,0,0,0,8.899999999999977,5.612141116372807
4016,L51195,L,302.1,310.9,1477,41.4,184,0,0,0,0,0,0,8.799999999999955,6.403382642105932
4017,L51196,L,302.1,310.9,1658,30.3,186,0,0,0,0,0,0,8.799999999999955,5.260848225848395
4018,L51197,L,302.0,310.8,1902,23.4,188,0,0,0,0,0,0,8.800000000000011,4.660741197159673
4019,M18878,M,302.0,310.8,1783,23.1,190,0,0,0,0,0,0,8.800000000000011,4.313123970039963
4020,M18879,M,302.0,310.9,1558,45.3,193,0,0,0,0,0,0,8.899999999999977,7.390848044982276
4021,L51200,L,302.1,311.0,1351,49.5,196,0,0,0,0,0,0,8.899999999999977,7.003081263749688
4022,H33435,H,302.1,310.9,1452,42.5,198,0,0,0,0,0,0,8.799999999999955,6.462256088434205
4023,L51202,L,302.1,310.9,1666,30.7,203,0,0,0,0,0,0,8.799999999999955,5.356017539301142
4024,L51203,L,302.1,311.0,1364,50.0,205,0,0,0,0,0,0,8.899999999999977,7.141887299160797
4025,M18884,M,302.1,311.0,1351,60.3,207,1,0,0,0,1,0,8.899999999999977,8.531026266749619
4026,H33439,H,302.1,311.0,1729,26.1,210,0,0,0,0,0,0,8.899999999999977,4.725677917309375
4027,M18886,M,302.1,311.0,1574,34.1,215,0,0,0,0,0,0,8.899999999999977,5.620665304439547
4028,L51207,L,302.0,311.0,1566,37.8,218,0,0,0,0,0,0,9.0,6.198864960357236
4029,L51208,L,302.0,310.9,1455,43.2,220,0,0,0,0,0,0,8.899999999999977,6.582264927801335
4030,H33443,H,302.0,310.9,1679,29.0,222,0,0,0,0,0,0,8.899999999999977,5.098909596531355
4031,L51210,L,302.0,310.8,2143,17.3,227,0,0,0,0,0,0,8.800000000000011,3.8823697293307546
4032,L51211,L,302.0,310.8,1447,42.7,229,0,0,0,0,0,0,8.800000000000011,6.470309037602906
4033,L51212,L,302.0,310.8,1383,50.3,231,1,0,0,0,1,0,8.800000000000011,7.28481929292362
4034,L51213,L,302.1,310.8,1772,27.1,233,0,0,0,0,0,0,8.699999999999989,5.028768304552205
4035,L51214,L,302.0,310.8,1615,29.0,235,1,1,0,0,0,0,8.800000000000011,4.904549731029266
4036,L51215,L,302.0,310.8,1454,36.6,0,0,0,0,0,0,0,8.800000000000011,5.572808376349863
4037,L51216,L,302.0,310.8,1445,49.1,2,0,0,0,0,0,0,8.800000000000011,7.429814265862301
4038,M18897,M,302.0,310.8,1609,35.2,4,0,0,0,0,0,0,8.800000000000011,5.930991826761147
4039,L51218,L,302.0,310.9,1546,34.4,7,0,0,0,0,0,0,8.899999999999977,5.569247904675794
4040,L51219,L,301.9,310.8,1567,39.3,9,0,0,0,0,0,0,8.900000000000034,6.448967151509519
4041,L51220,L,302.0,310.8,1767,27.4,11,0,0,0,0,0,0,8.800000000000011,5.070090719922422
4042,L51221,L,302.0,310.9,1539,34.2,13,0,0,0,0,0,0,8.899999999999977,5.511798647017149
4043,L51222,L,302.0,310.9,1564,39.0,15,0,0,0,0,0,0,8.899999999999977,6.387486183278767
4044,M18903,M,302.0,310.8,1445,46.3,17,0,0,0,0,0,0,8.800000000000011,7.006118136648157
4045,M18904,M,301.9,310.9,1419,47.7,20,1,0,0,0,0,0,9.0,7.088092760955828
4046,M18905,M,301.8,310.9,1881,20.9,23,0,0,0,0,0,0,9.099999999999966,4.116837261043672
4047,M18906,M,301.9,310.9,1421,46.2,26,0,0,0,0,0,0,9.0,6.874872867556687
4048,L51227,L,301.9,311.0,1455,46.0,29,0,0,0,0,0,0,9.100000000000023,7.008893210158828
4049,L51228,L,301.9,311.0,2691,12.1,31,1,0,0,1,0,0,9.100000000000023,3.4097904184267542
4050,L51229,L,301.8,310.8,1505,41.2,33,0,0,0,0,0,0,9.0,6.493253135949624
4051,L51230,L,301.8,310.8,1456,46.6,35,0,0,0,0,0,0,9.0,7.1051934969668675
4052,L51231,L,301.8,310.8,1383,46.4,37,0,0,0,0,0,0,9.0,6.719992349734711
4053,M18912,M,301.9,310.8,1563,39.2,39,0,0,0,0,0,0,8.900000000000034,6.416137508279507
4054,M18913,M,301.9,310.9,2305,16.1,42,0,0,0,0,0,0,9.0,3.886202472368134
4055,M18914,M,301.9,310.9,1456,43.6,45,0,0,0,0,0,0,9.0,6.647777606604194
4056,L51235,L,302.0,311.0,1865,22.7,48,0,0,0,0,0,0,9.0,4.433363192868356
4057,L51236,L,301.9,310.9,1597,36.9,50,0,0,0,0,0,0,9.0,6.171061865372966
4058,L51237,L,302.0,310.9,1495,38.6,52,0,0,0,0,0,0,8.899999999999977,6.043062908690207
4059,M18918,M,302.0,310.9,1456,47.2,54,0,0,0,0,0,0,8.899999999999977,7.196676675039402
4060,L51239,L,301.9,310.8,1465,44.3,57,0,0,0,0,0,0,8.900000000000034,6.796259747388359
4061,M18920,M,302.0,310.9,1352,55.5,59,0,0,0,0,0,0,8.899999999999977,7.857751545158791
4062,L51241,L,301.9,310.8,1906,21.7,62,0,0,0,0,0,0,8.900000000000034,4.331230015700153
4063,L51242,L,302.0,310.9,1446,44.0,64,0,0,0,0,0,0,8.899999999999977,6.6626896997332326
4064,L51243,L,302.0,310.8,1948,19.7,66,0,0,0,0,0,0,8.800000000000011,4.018683434570015
4065,L51244,L,301.9,310.7,1480,47.1,68,0,0,0,0,0,0,8.800000000000011,7.299804689881244
4066,M18925,M,301.9,310.7,1511,37.6,70,0,0,0,0,0,0,8.800000000000011,5.949506279466302
4067,M18926,M,301.9,310.7,1472,47.0,73,0,0,0,0,0,0,8.800000000000011,7.244931538198542
4068,L51247,L,301.9,310.7,1429,51.0,76,0,0,0,0,0,0,8.800000000000011,7.631871033365684
4069,L51248,L,301.9,310.7,1405,48.8,78,0,0,0,0,0,0,8.800000000000011,7.180005290024352
4070,M18929,M,301.9,310.7,1405,47.9,80,0,0,0,0,0,0,8.800000000000011,7.047587159675542
4071,L51250,L,302.0,310.7,1348,58.1,83,0,0,0,0,0,0,8.699999999999989,8.20152555726561
4072,L51251,L,301.9,310.6,1331,68.6,85,1,0,0,1,0,0,8.700000000000045,9.561604792808726
4073,L51252,L,301.9,310.6,1610,33.4,87,0,0,0,0,0,0,8.700000000000045,5.631200111804585
4074,M18933,M,301.9,310.6,1412,46.5,89,0,0,0,0,0,0,8.700000000000045,6.87568968164662
4075,L51254,L,302.0,310.7,1453,42.7,92,0,0,0,0,0,0,8.699999999999989,6.497138238864563
4076,L51255,L,302.0,310.6,1583,38.9,94,0,0,0,0,0,0,8.600000000000023,6.4485063845869925
4077,M18936,M,302.0,310.6,1539,37.4,96,0,0,0,0,0,0,8.600000000000023,6.027522497030449
4078,L51257,L,302.0,310.5,1635,39.8,99,0,0,0,0,0,0,8.5,6.81442862490162
4079,H33492,H,302.1,310.7,1294,62.4,101,1,0,1,0,0,0,8.599999999999966,8.45565945899
4080,L51259,L,302.0,310.5,1978,22.0,106,0,0,0,0,0,0,8.5,4.556984863787115
4081,L51260,L,302.0,310.4,1357,58.0,108,1,0,1,0,0,0,8.399999999999977,8.242073046447942
4082,L51261,L,302.0,310.4,1336,58.2,110,1,0,1,0,0,0,8.399999999999977,8.14250550328017
4083,L51262,L,302.0,310.4,1568,39.2,112,0,0,0,0,0,0,8.399999999999977,6.4366625802829605
4084,M18943,M,302.0,310.4,1567,36.4,114,0,0,0,0,0,0,8.399999999999977,5.973089168319249
4085,L51264,L,302.0,310.4,1611,35.6,117,0,0,0,0,0,0,8.399999999999977,6.005845507720679
4086,H33499,H,302.0,310.5,1841,23.6,119,0,0,0,0,0,0,8.5,4.54982203253693
4087,L51266,L,302.0,310.5,1567,36.1,124,0,0,0,0,0,0,8.5,5.923860411437499
4088,L51267,L,301.9,310.4,1376,54.9,126,1,0,1,0,0,0,8.5,7.910781629151386
4089,L51268,L,301.9,310.5,1477,42.4,128,0,0,0,0,0,0,8.600000000000023,6.558053720417668
4090,M18949,M,301.9,310.5,1590,40.3,130,0,0,0,0,0,0,8.600000000000023,6.710127748802439
4091,L51270,L,302.0,310.5,2197,15.8,133,0,0,0,0,0,0,8.5,3.6350949715667022
4092,M18951,M,302.0,310.4,1595,32.9,135,0,0,0,0,0,0,8.399999999999977,5.495221509781707
4093,H33506,H,302.0,310.5,1812,24.4,138,0,0,0,0,0,0,8.5,4.629953589154493
4094,M18953,M,302.0,310.5,1573,32.1,143,0,0,0,0,0,0,8.5,5.287646011183517
4095,L51274,L,302.0,310.5,1651,30.9,146,0,0,0,0,0,0,8.5,5.34237255520905
4096,H33509,H,302.0,310.5,1459,43.2,148,0,0,0,0,0,0,8.5,6.600360501486011
4097,L51276,L,301.9,310.4,1370,51.7,153,1,0,1,0,0,0,8.5,7.417195535370382
4098,L51277,L,301.9,310.4,1518,34.1,155,0,0,0,0,0,0,8.5,5.420692460063044
4099,L51278,L,302.0,310.3,1648,29.6,157,0,0,0,0,0,0,8.300000000000011,5.108313430541099
4100,L51279,L,302.0,310.4,1464,47.2,159,0,0,0,0,0,0,8.399999999999977,7.236218854572586
4101,L51280,L,302.0,310.4,1895,23.2,161,0,0,0,0,0,0,8.399999999999977,4.6038993140807225
4102,L51281,L,301.9,310.4,1884,23.4,163,0,0,0,0,0,0,8.5,4.616633236303271
4103,L51282,L,302.0,310.4,1450,46.6,165,0,0,0,0,0,0,8.399999999999977,7.07591385343541
4104,L51283,L,302.0,310.4,1448,43.4,167,0,0,0,0,0,0,8.399999999999977,6.580924514935803
4105,L51284,L,302.1,310.5,1389,49.6,169,0,0,0,0,0,0,8.399999999999977,7.214604697115888
4106,L51285,L,302.0,310.6,1583,35.2,171,0,0,0,0,0,0,8.600000000000023,5.835152306875635
4107,L51286,L,301.9,310.5,1425,51.1,173,0,0,0,0,0,0,8.600000000000023,7.625430768425826
4108,L51287,L,302.0,310.5,1809,27.1,175,0,0,0,0,0,0,8.5,5.133770803010688
4109,L51288,L,301.9,310.5,1892,21.8,177,0,0,0,0,0,0,8.600000000000023,4.319229131763439
4110,M18969,M,301.9,310.6,1475,47.8,179,0,0,0,0,0,0,8.700000000000045,7.383266334711612
4111,L51290,L,302.0,310.6,1361,46.7,182,0,0,0,0,0,0,8.600000000000023,6.655851499723921
4112,M18971,M,302.0,310.6,1563,41.0,184,0,0,0,0,0,0,8.600000000000023,6.710756067333157
4113,H33526,H,301.9,310.5,1472,39.7,187,0,0,0,0,0,0,8.600000000000023,6.119654937584726
4114,L51293,L,302.0,310.6,1325,55.3,192,0,0,0,0,0,0,8.600000000000023,7.673078257005271
4115,L51294,L,302.0,310.6,1358,53.1,194,0,0,0,0,0,0,8.600000000000023,7.551320597727641
4116,H33529,H,302.0,310.6,1346,54.7,196,0,0,0,0,0,0,8.600000000000023,7.710117634391095
4117,M18976,M,302.0,310.5,1381,58.4,201,0,0,0,0,0,0,8.5,8.445690138302608
4118,L51297,L,301.9,310.5,1340,55.7,204,1,0,0,0,1,0,8.600000000000023,7.816073082621166
4119,L51298,L,302.0,310.6,1366,47.7,206,0,0,0,0,0,0,8.600000000000023,6.823350748037816
4120,L51299,L,302.1,310.7,1325,45.1,208,1,0,1,0,0,0,8.599999999999966,6.257790766563068
4121,M18980,M,302.1,310.7,1376,46.3,210,1,0,1,0,0,0,8.599999999999966,6.67156993496738
4122,M18981,M,302.1,310.7,1364,47.8,213,1,0,1,0,0,0,8.599999999999966,6.827644257997721
4123,L51302,L,302.2,310.6,1462,43.6,0,0,0,0,0,0,0,8.400000000000034,6.675172294543498
4124,M18983,M,302.1,310.6,1517,38.9,2,0,0,0,0,0,0,8.5,6.179648885292778
4125,L51304,L,302.1,310.6,1385,53.6,5,0,0,0,0,0,0,8.5,7.773975741063063
4126,L51305,L,302.1,310.6,1439,40.0,7,0,0,0,0,0,0,8.5,6.027669104687616
4127,M18986,M,302.0,310.6,1623,34.3,9,0,0,0,0,0,0,8.600000000000023,5.829633575780827
4128,H33541,H,302.0,310.6,1438,43.2,12,0,0,0,0,0,0,8.600000000000023,6.505358739641456
4129,L51308,L,301.9,310.4,1708,24.8,17,0,0,0,0,0,0,8.5,4.435761275260597
4130,M18989,M,301.8,310.3,1666,32.7,19,0,0,0,0,0,0,8.5,5.704943763359849
4131,L51310,L,301.9,310.4,1286,62.8,22,1,0,1,0,0,0,8.5,8.457251199267818
4132,L51311,L,301.9,310.3,1485,46.3,24,0,0,0,0,0,0,8.400000000000034,7.200059123129766
4133,M18992,M,301.8,310.3,1409,52.5,26,0,0,0,0,0,0,8.5,7.746382085589032
4134,L51313,L,301.8,310.3,1765,27.3,29,0,0,0,0,0,0,8.5,5.045869040563247
4135,L51314,L,301.8,310.3,1688,28.8,31,0,0,0,0,0,0,8.5,5.090888063289188
4136,M18995,M,301.7,310.3,1787,26.7,33,0,0,0,0,0,0,8.600000000000023,4.996483204048814
4137,L51316,L,301.7,310.1,1487,48.0,36,0,0,0,0,0,0,8.400000000000034,7.4744772414208365
4138,L51317,L,301.7,310.1,1384,50.5,38,0,0,0,0,0,0,8.400000000000034,7.319073124823261
4139,L51318,L,301.7,310.2,1311,57.4,40,1,0,1,0,0,0,8.5,7.880308180411565
4140,H33553,H,301.7,310.2,1620,30.8,42,0,0,0,0,0,0,8.5,5.225096901450543
4141,L51320,L,301.7,310.2,1331,61.2,47,1,0,1,0,0,0,8.5,8.530178036733151
4142,H33555,H,301.7,310.1,1462,38.3,49,0,0,0,0,0,0,8.400000000000034,5.8637408000233
4143,L51322,L,301.7,310.1,1424,50.2,54,0,0,0,0,0,0,8.400000000000034,7.485870750777855
4144,L51323,L,301.7,310.1,1500,39.6,56,0,0,0,0,0,0,8.400000000000034,6.220353454107792
4145,L51324,L,301.8,310.1,1738,28.0,58,0,0,0,0,0,0,8.300000000000011,5.096082163143123
4146,M19005,M,301.8,310.3,1465,46.5,60,0,0,0,0,0,0,8.5,7.133771518139022
4147,L51326,L,301.8,310.3,1482,41.4,63,0,0,0,0,0,0,8.5,6.425059631415701
4148,L51327,L,301.9,310.3,1398,44.0,65,0,0,0,0,0,0,8.400000000000034,6.44152157692051
4149,L51328,L,301.9,310.3,1972,21.3,67,0,0,0,0,0,0,8.400000000000034,4.398606706144141
4150,L51329,L,301.9,310.4,1603,37.6,69,0,0,0,0,0,0,8.5,6.31175285637623
4151,L51330,L,301.9,310.4,1610,34.8,71,0,0,0,0,0,0,8.5,5.867238439844297
4152,M19011,M,301.9,310.4,1373,48.0,73,1,0,1,0,0,0,8.5,6.901450741406058
4153,M19012,M,302.0,310.5,1425,44.7,76,0,0,0,0,0,0,8.5,6.670386601734529
4154,M19013,M,302.0,310.4,1212,55.6,79,1,0,1,0,0,0,8.399999999999977,7.056771082199537
4155,M19014,M,302.0,310.4,1828,26.3,82,0,0,0,0,0,0,8.399999999999977,5.034548835034811
4156,L51335,L,302.0,310.5,1370,44.4,85,1,0,1,0,0,0,8.5,6.369893264418663
4157,M19016,M,302.0,310.5,1823,25.1,87,0,0,0,0,0,0,8.5,4.791693250936808
4158,L51337,L,302.0,310.5,1263,60.6,90,1,0,1,0,0,0,8.5,8.015019673397497
4159,L51338,L,301.9,310.4,1889,21.5,92,0,0,0,0,0,0,8.5,4.253035774552303
4160,M19019,M,302.0,310.5,1639,32.9,94,0,0,0,0,0,0,8.5,5.646813827292926
4161,M19020,M,302.0,310.4,1608,33.1,97,0,0,0,0,0,0,8.399999999999977,5.573688022292869
4162,H33575,H,301.9,310.3,1653,32.4,100,0,0,0,0,0,0,8.400000000000034,5.608496868894642
4163,L51342,L,302.0,310.4,1591,29.8,105,0,0,0,0,0,0,8.399999999999977,4.964952085782285
4164,L51343,L,302.1,310.5,1696,30.9,107,0,0,0,0,0,0,8.399999999999977,5.487985374702937
4165,L51344,L,302.2,310.6,1346,47.5,109,1,0,1,0,0,0,8.400000000000034,6.695257543575447
4166,M19025,M,302.2,310.5,1507,40.4,111,0,0,0,0,0,0,8.300000000000011,6.375631906999222
4167,H33580,H,302.3,310.6,1525,48.7,114,0,0,0,0,0,0,8.300000000000011,7.777274413349332
4168,M19027,M,302.3,310.7,1559,33.9,119,0,0,0,0,0,0,8.399999999999977,5.534449530049531
4169,L51348,L,302.2,310.6,1632,30.5,122,0,0,0,0,0,0,8.400000000000034,5.212530530836185
4170,L51349,L,302.1,310.5,1559,36.0,124,0,0,0,0,0,0,8.399999999999977,5.877291536335785
4171,M19030,M,302.2,310.6,1355,51.5,126,1,0,1,0,0,0,8.400000000000034,7.307606311637658
4172,M19031,M,302.2,310.5,1832,23.7,129,0,0,0,0,0,0,8.300000000000011,4.5467642156874355
4173,L51352,L,302.2,310.6,1386,50.0,132,0,0,0,0,0,0,8.400000000000034,7.257079029792422
4174,M19033,M,302.2,310.6,1346,49.2,134,1,0,1,0,0,0,8.400000000000034,6.934877287240253
4175,L51354,L,302.3,310.7,1499,37.8,137,0,0,0,0,0,0,8.399999999999977,5.933651708541186
4176,L51355,L,302.3,310.7,1612,33.4,139,0,0,0,0,0,0,8.399999999999977,5.638195391446579
4177,M19036,M,302.3,310.7,1544,39.7,141,0,0,0,0,0,0,8.399999999999977,6.418985885618762
4178,L51357,L,302.5,310.9,1477,39.2,144,0,0,0,0,0,0,8.399999999999977,6.063106269820111
4179,L51358,L,302.5,310.9,1624,34.4,146,0,0,0,0,0,0,8.399999999999977,5.850231951612865
4180,L51359,L,302.4,310.9,1349,46.1,148,1,0,1,0,0,0,8.5,6.51240637916101
4181,L51360,L,302.4,310.8,1686,28.8,150,0,0,0,0,0,0,8.400000000000034,5.084856205394296
4182,M19041,M,302.4,310.7,1521,40.4,152,0,0,0,0,0,0,8.300000000000011,6.434861400494901
4183,L51362,L,302.4,310.7,1362,54.8,155,1,0,1,0,0,0,8.300000000000011,7.816031194719118
4184,L51363,L,302.3,310.7,1402,50.9,157,0,0,0,0,0,0,8.399999999999977,7.4729902208981365
4185,L51364,L,302.2,310.6,1334,53.2,159,1,0,1,0,0,0,8.400000000000034,7.43183535713611
4186,L51365,L,302.2,310.6,1348,48.4,161,1,0,1,0,0,0,8.400000000000034,6.832251927222987
4187,M19046,M,302.2,310.6,1570,34.6,163,0,0,0,0,0,0,8.400000000000034,5.688586537610158
4188,M19047,M,302.2,310.7,1601,33.0,166,0,0,0,0,0,0,8.5,5.532658822236986
4189,M19048,M,302.3,310.8,1611,31.8,169,0,0,0,0,0,0,8.5,5.364772110829146
4190,L51369,L,302.4,310.9,1560,31.8,172,0,0,0,0,0,0,8.5,5.194937611976082
4191,H33604,H,302.4,310.9,1444,40.7,174,0,0,0,0,0,0,8.5,6.154463784186501
4192,L51371,L,302.4,311.0,1317,59.4,179,0,0,0,0,0,0,8.600000000000023,8.19220549905996
4193,M19052,M,302.5,311.0,1463,43.1,181,0,0,0,0,0,0,8.5,6.603135574996683
4194,L51373,L,302.4,311.1,1634,34.2,184,0,0,0,0,0,0,8.700000000000045,5.8520331314009235
4195,L51374,L,302.4,311.0,1423,46.2,186,0,0,0,0,0,0,8.600000000000023,6.884548972929744
4196,L51375,L,302.5,311.0,1548,38.4,188,0,0,0,0,0,0,8.5,6.22487734752896
4197,M19056,M,302.5,311.0,1563,35.6,190,0,0,0,0,0,0,8.5,5.826900390172205
4198,L51377,L,302.4,311.0,1573,36.5,193,0,0,0,0,0,0,8.600000000000023,6.012432380317706
4199,M19058,M,302.4,311.1,1432,44.5,195,0,0,0,0,0,0,8.700000000000045,6.673161675245199
4200,M19059,M,302.5,311.1,1638,32.0,198,0,0,0,0,0,0,8.600000000000023,5.488990684352086
4201,L51380,L,302.5,311.1,1571,34.2,201,0,0,0,0,0,0,8.600000000000023,5.626403947020105
4202,L51381,L,302.4,311.0,2211,15.4,203,0,0,0,0,0,0,8.600000000000023,3.565644829971344
4203,L51382,L,302.4,311.0,1555,40.6,205,0,0,0,0,0,0,8.600000000000023,6.611272299969481
4204,M19063,M,302.3,310.9,1558,31.9,207,0,0,0,0,0,0,8.599999999999966,5.204592773398114
4205,M19064,M,302.3,310.9,1523,43.2,210,0,0,0,0,0,0,8.599999999999966,6.889889680440847
4206,L51385,L,302.3,310.8,1723,26.3,213,0,0,0,0,0,0,8.5,4.745365231271871
4207,M19066,M,302.3,310.8,1721,28.4,215,0,0,0,0,0,0,8.5,5.118324639130538
4208,M19067,M,302.3,310.9,1710,30.4,218,1,1,0,0,0,0,8.599999999999966,5.443751750140394
4209,M19068,M,302.3,310.9,1627,32.3,0,0,0,0,0,0,0,8.599999999999966,5.503243043023872
4210,M19069,M,302.2,310.8,1422,47.0,3,0,0,0,0,0,0,8.600000000000023,6.998840113667341
4211,L51390,L,302.1,310.8,1565,35.3,6,0,0,0,0,0,0,8.699999999999989,5.785190511708044
4212,L51391,L,302.1,310.7,1314,52.8,8,1,0,1,0,0,0,8.599999999999966,7.265372834397899
4213,M19072,M,302.0,310.6,1392,60.5,10,0,0,0,0,0,0,8.600000000000023,8.819078897157267
4214,L51393,L,302.1,310.7,1465,40.7,13,0,0,0,0,0,0,8.599999999999966,6.243967758887274
4215,L51394,L,301.9,310.6,1573,36.6,15,0,0,0,0,0,0,8.700000000000045,6.028904797798029
4216,M19075,M,302.0,310.7,2157,17.8,17,0,0,0,0,0,0,8.699999999999989,4.020673109917289
4217,L51396,L,301.9,310.7,1370,50.3,20,0,0,0,0,0,0,8.800000000000011,7.216343045050874
4218,L51397,L,301.9,310.6,1462,38.8,22,0,0,0,0,0,0,8.700000000000045,5.940290941015772
4219,M19078,M,302.0,310.6,1479,40.5,24,0,0,0,0,0,0,8.600000000000023,6.27266097179006
4220,L51399,L,301.9,310.7,1717,26.8,27,0,0,0,0,0,0,8.800000000000011,4.818742363684216
4221,M19080,M,301.9,310.6,1260,65.9,29,0,0,0,0,0,0,8.700000000000045,8.695300146605831
4222,L51401,L,301.9,310.6,1467,39.3,32,0,0,0,0,0,0,8.700000000000045,6.037418513889255
4223,M19082,M,302.0,310.6,1535,38.6,34,0,0,0,0,0,0,8.600000000000023,6.204750210594962
4224,L51403,L,302.0,310.7,1657,31.9,37,0,0,0,0,0,0,8.699999999999989,5.535308232041513
4225,L51404,L,302.0,310.7,1698,28.1,39,0,0,0,0,0,0,8.699999999999989,4.996577451828422
4226,L51405,L,302.1,310.7,1359,49.3,41,1,0,1,0,0,0,8.599999999999966,7.016087457335549
4227,L51406,L,302.1,310.8,1596,37.1,43,0,0,0,0,0,0,8.699999999999989,6.200624252243247
4228,L51407,L,302.2,310.8,1383,46.9,45,0,0,0,0,0,0,8.600000000000023,6.792406060399955
4229,L51408,L,302.2,310.8,2203,16.6,47,0,0,0,0,0,0,8.600000000000023,3.829580500774934
4230,M19089,M,302.2,310.8,1408,46.8,49,0,0,0,0,0,0,8.600000000000023,6.900445431756907
4231,L51410,L,302.2,310.8,1673,32.9,52,0,0,0,0,0,0,8.600000000000023,5.763953345369778
4232,L51411,L,302.2,310.8,1340,47.8,54,0,0,0,0,0,0,8.600000000000023,6.707509754924447
4233,L51412,L,302.2,310.9,1452,42.3,56,0,0,0,0,0,0,8.699999999999989,6.4318454715474545
4234,M19093,M,302.2,310.9,1302,53.4,58,0,0,0,0,0,0,8.699999999999989,7.28082947025356
4235,H33648,H,302.2,310.9,1522,35.9,61,0,0,0,0,0,0,8.699999999999989,5.721866475787186
4236,L51415,L,302.2,310.8,1438,41.4,66,0,0,0,0,0,0,8.600000000000023,6.234302125489729
4237,L51416,L,302.2,310.9,1604,40.5,68,0,0,0,0,0,0,8.699999999999989,6.802804732083338
4238,L51417,L,302.2,311.0,1832,23.2,70,0,0,0,0,0,0,8.800000000000011,4.450840919997828
4239,M19098,M,302.3,311.0,1521,34.8,72,0,0,0,0,0,0,8.699999999999989,5.542900414287686
4240,L51419,L,302.3,311.0,1446,37.6,75,0,0,0,0,0,0,8.699999999999989,5.693571197953855
4241,L51420,L,302.4,311.1,1905,20.9,77,0,0,0,0,0,0,8.700000000000045,4.169364690211695
4242,L51421,L,302.4,311.0,1475,47.9,79,0,0,0,0,0,0,8.600000000000023,7.3987124985917605
4243,L51422,L,302.4,311.0,1462,48.5,81,0,0,0,0,0,0,8.600000000000023,7.425363676269715
4244,M19103,M,302.4,310.9,1435,42.3,83,0,0,0,0,0,0,8.5,6.356541495640908
4245,L51424,L,302.4,310.9,1469,39.6,86,0,0,0,0,0,0,8.5,6.091799482722897
4246,M19105,M,302.6,311.1,1520,43.0,88,0,0,0,0,0,0,8.5,6.844483194620962
4247,L51426,L,302.6,311.0,1537,35.5,91,0,0,0,0,0,0,8.399999999999977,5.713876358471557
4248,L51427,L,302.6,311.0,1369,60.0,93,1,0,1,0,0,0,8.399999999999977,8.601680685528851
4249,L51428,L,302.6,311.0,1506,37.2,95,0,0,0,0,0,0,8.399999999999977,5.866735785019724
4250,L51429,L,302.5,310.9,1330,56.9,97,1,0,1,0,0,0,8.399999999999977,7.924876908190492
4251,L51430,L,302.6,311.0,1660,38.0,99,0,0,0,0,0,0,8.399999999999977,6.605722152948138
4252,H33665,H,302.5,310.9,1356,55.5,101,1,0,1,0,0,0,8.399999999999977,7.880999330795356
4253,H33666,H,302.6,311.0,1438,51.0,106,0,0,0,0,0,0,8.399999999999977,7.679937400965607
4254,M19113,M,302.6,311.0,1329,48.6,111,1,0,1,0,0,0,8.399999999999977,6.763786151325753
4255,L51434,L,302.6,311.0,1284,68.0,114,1,0,1,1,0,0,8.399999999999977,9.143291259007734
4256,M19115,M,302.5,311.0,1387,52.1,116,0,0,0,0,0,0,8.5,7.567332248285438
4257,M19116,M,302.6,311.0,1591,33.9,119,0,0,0,0,0,0,8.399999999999977,5.648049520403337
4258,M19117,M,302.6,311.0,1589,39.0,122,0,0,0,0,0,0,8.399999999999977,6.489587944520435
4259,M19118,M,302.7,311.1,1297,60.7,125,1,0,1,0,0,0,8.400000000000034,8.244366409085064
4260,L51439,L,302.7,311.2,1545,35.1,128,0,0,0,0,0,0,8.5,5.67889996026159
4261,H33674,H,302.7,311.1,1418,43.4,130,0,0,0,0,0,0,8.400000000000034,6.444579393770006
4262,L51441,L,302.7,311.1,1730,28.1,135,0,0,0,0,0,0,8.400000000000034,5.09074145563202
4263,L51442,L,302.6,311.0,2001,20.7,137,0,0,0,0,0,0,8.399999999999977,4.337565560884891
4264,L51443,L,302.6,311.0,1620,36.2,139,0,0,0,0,0,0,8.399999999999977,6.141185319237327
4265,M19124,M,302.6,311.0,1542,39.7,141,0,0,0,0,0,0,8.399999999999977,6.410671137062261
4266,L51445,L,302.6,311.0,1424,38.0,144,0,0,0,0,0,0,8.399999999999977,5.666595389035029
4267,L51446,L,302.7,311.1,1440,39.5,146,0,0,0,0,0,0,8.400000000000034,5.9564596712062485
4268,L51447,L,302.6,311.0,1520,42.8,148,0,0,0,0,0,0,8.399999999999977,6.812648389064586
4269,L51448,L,302.7,311.0,1694,29.8,150,0,0,0,0,0,0,8.300000000000011,5.286378902146569
4270,L51449,L,302.6,311.0,1610,39.2,152,0,0,0,0,0,0,8.399999999999977,6.609073185111968
4271,L51450,L,302.6,310.9,1331,52.0,154,1,0,1,0,0,0,8.299999999999955,7.247863691341892
4272,L51451,L,302.6,310.8,1470,41.2,156,0,0,0,0,0,0,8.199999999999989,6.342247249067075
4273,L51452,L,302.5,310.8,1577,36.9,158,0,0,0,0,0,0,8.300000000000011,6.093778686094657
4274,L51453,L,302.6,310.8,1486,36.4,160,0,0,0,0,0,0,8.199999999999989,5.664333442324444
4275,L51454,L,302.4,310.6,1445,40.3,162,0,0,0,0,0,0,8.200000000000045,6.098197859760707
4276,M19135,M,302.4,310.5,1500,36.7,164,0,0,0,0,0,0,8.100000000000023,5.7648225193372715
4277,M19136,M,302.2,310.4,1456,47.5,167,0,0,0,0,0,0,8.199999999999989,7.2424182640756705
4278,L51457,L,302.2,310.4,1743,28.1,170,0,0,0,0,0,0,8.199999999999989,5.1289955821772315
4279,L51458,L,302.0,310.1,1409,50.4,172,0,0,0,0,0,0,8.100000000000023,7.436526802165471
4280,L51459,L,302.0,310.1,1361,45.4,174,1,0,1,0,0,0,8.100000000000023,6.470570836990706
4281,L51460,L,302.1,310.1,1753,28.9,176,0,0,0,0,0,0,8.0,5.3052808179456665
4282,L51461,L,302.0,310.0,1832,22.9,178,0,0,0,0,0,0,8.0,4.393286942584062
4283,L51462,L,301.9,309.9,1374,48.5,180,1,0,1,0,0,0,8.0,6.978419761419007
4284,M19143,M,301.8,309.9,1334,61.0,182,1,0,1,0,0,0,8.099999999999966,8.521465353107194
4285,L51464,L,301.8,310.0,1493,40.3,185,0,0,0,0,0,0,8.199999999999989,6.300767754064176
4286,L51465,L,301.7,309.9,1317,49.0,187,1,0,1,0,0,0,8.199999999999989,6.757879957137003
4287,M19146,M,301.7,309.9,1434,47.9,189,0,0,0,0,0,0,8.199999999999989,7.193053371512261
4288,M19147,M,301.7,309.9,1457,39.2,192,0,0,0,0,0,0,8.199999999999989,5.981005981806297
4289,M19148,M,301.7,310.0,1391,50.6,195,0,0,0,0,0,0,8.300000000000011,7.370658076195206
4290,M19149,M,301.8,310.0,1781,23.9,198,0,0,0,0,0,0,8.199999999999989,4.457490624447925
4291,L51470,L,301.8,310.0,1642,32.6,201,0,0,0,0,0,0,8.199999999999989,5.605564715751292
4292,L51471,L,301.8,310.0,2032,19.0,203,0,0,0,0,0,0,8.199999999999989,4.043020305659824
4293,M19152,M,301.8,310.1,2372,13.9,205,1,0,0,1,0,0,8.300000000000011,3.4526941020992785
4294,L51473,L,301.8,310.0,1393,44.9,208,0,0,0,0,0,0,8.199999999999989,6.549770387787704
4295,M19154,M,301.7,310.1,1743,27.3,210,0,0,0,0,0,0,8.400000000000034,4.982974355638378
4296,L51475,L,301.8,310.2,1457,40.4,213,0,0,0,0,0,0,8.399999999999977,6.164098001657509
4297,L51476,L,301.8,310.2,2825,5.8,215,1,0,0,1,0,0,8.399999999999977,1.7158331876356254
4298,M19157,M,301.8,310.2,1609,34.2,217,0,0,0,0,0,0,8.399999999999977,5.762497740773614
4299,M19158,M,301.8,310.2,1437,42.3,0,0,0,0,0,0,0,8.399999999999977,6.365400786924031
4300,L51479,L,301.7,310.1,1402,50.1,3,0,0,0,0,0,0,8.400000000000034,7.355536543555926
4301,M19160,M,301.7,310.1,1644,34.6,5,0,0,0,0,0,0,8.400000000000034,5.956710998618535
4302,L51481,L,301.7,310.2,1471,51.1,8,0,0,0,0,0,0,8.5,7.8715850248100985
4303,L51482,L,301.7,310.1,2695,12.6,10,0,0,0,0,0,0,8.400000000000034,3.5559687245982863
4304,L51483,L,301.7,310.2,1435,48.1,12,0,0,0,0,0,0,8.5,7.228124017501837
4305,L51484,L,301.6,310.1,1694,26.3,14,0,0,0,0,0,0,8.5,4.665495474042106
4306,L51485,L,301.6,310.1,1687,26.6,16,0,0,0,0,0,0,8.5,4.699215235190637
4307,L51486,L,301.6,310.0,1869,22.9,18,0,0,0,0,0,0,8.399999999999977,4.48201599109695
4308,L51487,L,301.4,309.9,1259,63.9,20,1,0,1,0,0,0,8.5,8.42471477135214
4309,H33722,H,301.4,309.9,1460,47.2,22,0,0,0,0,0,0,8.5,7.216447764805995
4310,M19169,M,301.3,309.9,1501,39.5,27,0,0,0,0,0,0,8.599999999999966,6.208781921167068
4311,L51490,L,301.4,310.0,1776,25.6,30,0,0,0,0,0,0,8.600000000000023,4.761146498368403
4312,M19171,M,301.5,310.1,1468,40.8,32,0,0,0,0,0,0,8.600000000000023,6.272126901038949
4313,L51492,L,301.5,310.1,1430,46.5,35,0,0,0,0,0,0,8.600000000000023,6.963340116681776
4314,L51493,L,301.4,310.1,1502,46.6,37,0,0,0,0,0,0,8.700000000000045,7.329670764041371
4315,H33728,H,301.4,310.1,1623,32.3,39,0,0,0,0,0,0,8.700000000000045,5.489713250662412
4316,M19175,M,301.4,310.0,1651,29.8,44,0,0,0,0,0,0,8.600000000000023,5.152191007936237
4317,L51496,L,301.5,310.1,1639,33.4,47,0,0,0,0,0,0,8.600000000000023,5.732631666613487
4318,M19177,M,301.5,310.0,1417,44.6,49,0,0,0,0,0,0,8.5,6.618100028003282
4319,L51498,L,301.5,310.1,1541,42.2,52,0,0,0,0,0,0,8.600000000000023,6.8099466193825
4320,M19179,M,301.6,310.2,1411,45.1,54,0,0,0,0,0,0,8.599999999999966,6.663956808770181
4321,L51500,L,301.7,310.3,1397,44.6,57,0,0,0,0,0,0,8.600000000000023,6.524690006436545
4322,L51501,L,301.7,310.2,1686,28.9,59,0,0,0,0,0,0,8.5,5.102511956107469
4323,M19182,M,301.7,310.1,1431,44.0,61,0,0,0,0,0,0,8.400000000000034,6.593574661354257
4324,L51503,L,301.8,310.3,1341,50.5,64,1,0,1,0,0,0,8.5,7.091674176580919
4325,L51504,L,301.7,310.2,1486,43.0,66,0,0,0,0,0,0,8.5,6.69138291263602
4326,L51505,L,301.6,310.2,1384,57.1,68,0,0,0,0,0,0,8.599999999999966,8.275625255988281
4327,L51506,L,301.6,310.1,1362,55.8,70,1,0,1,0,0,0,8.5,7.958659501192096
4328,H33741,H,301.7,310.1,1660,29.3,72,0,0,0,0,0,0,8.400000000000034,5.093359449510013
4329,L51508,L,301.6,310.1,1326,48.2,77,1,0,1,0,0,0,8.5,6.692974652913839
4330,L51509,L,301.6,310.0,1566,30.3,79,0,0,0,0,0,0,8.399999999999977,4.968931436476833
4331,L51510,L,301.5,309.8,1549,38.5,81,0,0,0,0,0,0,8.300000000000011,6.24511967619359
4332,M19191,M,301.6,309.9,1746,31.1,83,0,0,0,0,0,0,8.299999999999955,5.686345534850597
4333,M19192,M,301.7,309.9,1452,41.5,86,0,0,0,0,0,0,8.199999999999989,6.310203004000459
4334,L51513,L,301.6,309.8,1588,33.9,89,0,0,0,0,0,0,8.199999999999989,5.6373995213076675
4335,L51514,L,301.6,309.8,1472,42.5,91,0,0,0,0,0,0,8.199999999999989,6.5512678802859154
4336,L51515,L,301.7,309.9,1607,37.7,93,0,0,0,0,0,0,8.199999999999989,6.344331172193956
4337,H33750,H,301.6,309.9,1423,53.6,95,0,0,0,0,0,0,8.299999999999955,7.987268938290787
4338,L51517,L,301.6,309.9,1440,43.4,100,0,0,0,0,0,0,8.299999999999955,6.544565815958257
4339,L51518,L,301.6,309.9,1397,43.7,102,0,0,0,0,0,0,8.299999999999955,6.393025858324599
4340,L51519,L,301.7,309.9,1524,46.6,104,0,0,0,0,0,0,8.199999999999989,7.437029456990045
4341,M19200,M,301.7,309.9,1533,40.9,106,0,0,0,0,0,0,8.199999999999989,6.565897230076133
4342,L51521,L,301.7,309.8,1398,46.0,109,0,0,0,0,0,0,8.100000000000023,6.73431801223508
4343,M19202,M,301.7,309.8,1284,68.2,111,1,0,1,1,0,0,8.100000000000023,9.170183292122463
4344,L51523,L,301.7,309.8,1491,39.3,114,0,0,0,0,0,0,8.100000000000023,6.136190186918119
4345,H33758,H,301.8,309.9,1418,51.3,116,0,0,0,0,0,0,8.099999999999966,7.617671034571457
4346,M19205,M,301.8,309.8,1546,39.8,121,0,0,0,0,0,0,8.0,6.443490308316761
4347,L51526,L,301.8,309.7,1598,30.4,124,0,0,0,0,0,0,7.899999999999977,5.087201927908976
4348,H33761,H,301.9,309.8,1724,27.5,126,0,0,0,0,0,0,7.900000000000034,4.964763590223069
4349,L51528,L,301.9,309.8,1507,44.7,131,0,0,0,0,0,0,7.900000000000034,7.05422639215013
4350,L51529,L,301.9,309.7,1595,31.4,133,0,0,0,0,0,0,7.800000000000011,5.24467949565792
4351,M19210,M,301.9,309.7,1568,37.5,135,0,0,0,0,0,0,7.800000000000011,6.157521601035993
4352,L51531,L,301.8,309.6,1432,43.7,138,0,0,0,0,0,0,7.800000000000011,6.553194723780119
4353,L51532,L,301.9,309.7,1424,42.8,140,0,0,0,0,0,0,7.800000000000011,6.382375859228928
4354,M19213,M,302.0,309.7,1386,62.7,142,1,0,0,1,0,0,7.699999999999989,9.1003771033597
4355,L51534,L,302.0,309.8,1456,58.1,145,0,0,0,0,0,0,7.800000000000011,8.858621076690449
4356,H33769,H,302.0,309.8,1280,57.3,147,1,0,1,0,0,0,7.800000000000011,7.680565719496325
4357,L51536,L,302.0,309.8,1649,31.0,152,0,0,0,0,0,0,7.800000000000011,5.353169161961888
4358,L51537,L,302.0,309.9,1407,52.8,154,0,0,0,0,0,0,7.899999999999977,7.779588719937476
4359,H33772,H,302.0,309.9,1606,34.5,156,0,0,0,0,0,0,7.899999999999977,5.802207471914989
4360,M19219,M,302.1,310.0,1531,38.0,161,0,0,0,0,0,0,7.899999999999977,6.092385913351566
4361,L51540,L,302.1,310.1,1543,35.8,164,0,0,0,0,0,0,8.0,5.784656440956934
4362,M19221,M,302.1,310.1,1379,48.2,166,1,0,1,0,0,0,8.0,6.9604917393425225
4363,L51542,L,302.1,310.1,1447,46.6,169,0,0,0,0,0,0,8.0,7.061274031669683
4364,H33777,H,302.1,310.1,1844,24.6,171,0,0,0,0,0,0,8.0,4.7503394196400555
4365,H33778,H,302.1,310.1,1615,29.9,176,0,0,0,0,0,0,8.0,5.05675989509569
4366,L51545,L,302.0,310.0,1449,48.8,181,0,0,0,0,0,0,8.0,7.404859548217285
4367,L51546,L,302.0,309.9,1388,51.4,183,0,0,0,0,0,0,7.899999999999977,7.471042433452911
4368,H33781,H,302.0,309.9,1447,42.8,185,0,0,0,0,0,0,7.899999999999977,6.485461986168721
4369,L51548,L,302.0,310.0,1664,28.6,190,0,0,0,0,0,0,8.0,4.983655034046658
4370,H33783,H,302.0,309.9,1735,27.2,192,0,0,0,0,0,0,7.899999999999977,4.941934683606984
4371,L51550,L,302.0,309.9,1308,57.6,197,1,0,1,0,1,0,7.899999999999977,7.889670126519263
4372,L51551,L,302.0,309.8,1480,40.0,199,0,0,0,0,0,0,7.800000000000011,6.199409503083859
4373,M19232,M,301.9,309.6,1439,41.7,201,0,0,0,0,0,0,7.7000000000000455,6.283845041636841
4374,M19233,M,301.9,309.7,1533,35.9,204,0,0,0,0,0,0,7.800000000000011,5.763220307083939
4375,L51554,L,302.0,309.7,1551,34.8,207,0,0,0,0,0,0,7.699999999999989,5.652227838632611
4376,L51555,L,302.0,309.7,1414,36.3,209,0,0,0,0,0,0,7.699999999999989,5.37507653473292
4377,M19236,M,301.9,309.6,1551,34.6,211,0,0,0,0,0,0,7.7000000000000455,5.619743770594494
4378,M19237,M,301.8,309.6,1436,49.0,214,0,0,0,0,0,0,7.800000000000011,7.36850084923974
4379,M19238,M,301.9,309.6,1385,45.8,217,0,0,0,0,0,0,7.7000000000000455,6.642688226505378
4380,M19239,M,301.8,309.5,1732,30.1,220,0,0,0,0,0,0,7.699999999999989,5.459375937604247
4381,L51560,L,301.9,309.6,1410,49.0,223,0,0,0,0,0,0,7.7000000000000455,7.235087881217293
4382,L51561,L,301.9,309.6,1446,43.2,225,0,0,0,0,0,0,7.7000000000000455,6.541549887010811
4383,L51562,L,301.8,309.5,1525,39.6,227,0,0,0,0,0,0,7.699999999999989,6.324026011676254
4384,L51563,L,301.7,309.5,1298,65.5,229,1,0,1,0,1,0,7.800000000000011,8.903168860518354
4385,L51564,L,301.8,309.6,1443,42.7,231,0,0,0,0,0,0,7.800000000000011,6.452422903428468
4386,L51565,L,301.8,309.7,1442,45.3,233,1,1,0,0,0,0,7.899999999999977,6.840566675779487
4387,L51566,L,301.9,309.7,1719,31.9,0,0,0,0,0,0,0,7.800000000000011,5.742422963717176
4388,L51567,L,302.0,309.8,1532,39.4,2,0,0,0,0,0,0,7.800000000000011,6.320968194826759
4389,L51568,L,302.0,309.8,1701,27.2,4,0,0,0,0,0,0,7.800000000000011,4.845089854072323
4390,M19249,M,302.1,310.0,1355,45.1,6,1,0,1,0,0,0,7.899999999999977,6.3994765952399675
4391,M19250,M,302.2,310.1,1421,45.4,9,0,0,0,0,0,0,7.900000000000034,6.755827449936657
4392,M19251,M,302.2,310.1,1368,51.6,12,1,0,1,0,0,0,7.900000000000034,7.3920418501906395
4393,L51572,L,302.2,310.1,1458,45.1,15,0,0,0,0,0,0,7.900000000000034,6.885931273697324
4394,M19253,M,302.2,310.1,1572,34.6,17,0,0,0,0,0,0,7.900000000000034,5.695833144664439
4395,L51574,L,302.2,310.0,1483,48.7,20,0,0,0,0,0,0,7.800000000000011,7.563080626227579
4396,L51575,L,302.3,310.1,1513,40.4,22,0,0,0,0,0,0,7.800000000000011,6.401015975640227
4397,H33810,H,302.3,310.1,1383,42.9,24,0,0,0,0,0,0,7.800000000000011,6.213096375077998
4398,L51577,L,302.4,310.2,1539,37.7,29,0,0,0,0,0,0,7.800000000000011,6.075871607969197
4399,M19258,M,302.3,310.1,1563,37.8,31,0,0,0,0,0,0,7.800000000000011,6.186989740126666
4400,L51579,L,302.3,310.1,1653,29.7,34,0,0,0,0,0,0,7.800000000000011,5.141122129820089
4401,L51580,L,302.3,310.1,1353,50.9,36,1,0,1,0,0,0,7.800000000000011,7.211808679654193
4402,H33815,H,302.2,310.0,1468,43.6,38,0,0,0,0,0,0,7.800000000000011,6.702566982482799
4403,H33816,H,302.3,310.2,1506,33.8,43,0,0,0,0,0,0,7.899999999999977,5.3305287509050165
4404,L51583,L,302.3,310.1,1388,49.9,48,0,0,0,0,0,0,7.800000000000011,7.253015903293779
4405,M19264,M,302.4,310.2,1485,45.9,50,0,0,0,0,0,0,7.800000000000011,7.13785558858869
4406,L51585,L,302.4,310.2,1331,45.5,53,1,0,1,0,0,0,7.800000000000011,6.3418807299241555
4407,L51586,L,302.5,310.3,1326,58.5,55,1,0,1,0,0,0,7.800000000000011,8.123216124387127
4408,L51587,L,302.3,310.2,1394,55.4,57,0,0,0,0,0,0,7.899999999999977,8.087255360479036
4409,L51588,L,302.4,310.1,2009,18.9,59,0,0,0,0,0,0,7.7000000000000455,3.9762195738689927
4410,M19269,M,302.4,310.1,1358,54.6,61,1,0,1,0,0,0,7.7000000000000455,7.764634738906389
4411,L51590,L,302.5,310.2,1586,32.2,64,0,0,0,0,0,0,7.699999999999989,5.347954118156928
4412,L51591,L,302.5,310.3,1688,31.6,66,0,0,0,0,0,0,7.800000000000011,5.585835513886749
4413,L51592,L,302.6,310.5,1450,43.2,68,0,0,0,0,0,0,7.899999999999977,6.559645460695489
4414,M19273,M,302.7,310.5,1398,47.3,70,0,0,0,0,0,0,7.800000000000011,6.92463569518955
4415,L51594,L,302.7,310.5,1520,39.3,73,0,0,0,0,0,0,7.800000000000011,6.255539291827996
4416,L51595,L,302.6,310.4,1514,42.7,75,0,0,0,0,0,0,7.7999999999999545,6.769901785024742
4417,M19276,M,302.6,310.4,1532,36.1,77,0,0,0,0,0,0,7.7999999999999545,5.791547000843808
4418,L51597,L,302.6,310.4,1365,66.8,80,1,0,1,1,0,0,7.7999999999999545,9.548556711320819
4419,L51598,L,302.6,310.3,1642,33.2,82,0,0,0,0,0,0,7.699999999999989,5.70873461849518
4420,M19279,M,302.6,310.2,2676,10.8,84,1,0,0,1,0,0,7.599999999999966,3.026484698762263
4421,H33834,H,302.6,310.2,1873,21.3,87,0,0,0,0,0,0,7.599999999999966,4.177784158523315
4422,L51601,L,302.6,310.2,1325,62.4,92,1,0,1,0,0,0,7.599999999999966,8.65822935329347
4423,M19282,M,302.6,310.2,2157,17.2,94,0,0,0,0,0,0,7.599999999999966,3.8851448028414253
4424,M19283,M,302.6,310.2,1563,39.0,97,0,0,0,0,0,0,7.599999999999966,6.383402112829101
4425,M19284,M,302.6,310.2,1631,31.0,100,0,0,0,0,0,0,7.599999999999966,5.294735538605118
4426,L51605,L,302.5,310.2,1547,36.9,103,0,0,0,0,0,0,7.699999999999989,5.977853917177194
4427,L51606,L,302.6,310.3,1479,40.4,105,0,0,0,0,0,0,7.699999999999989,6.257172920007862
4428,M19287,M,302.4,310.1,1379,48.9,107,1,0,1,0,0,0,7.7000000000000455,7.061577718959529
4429,L51608,L,302.4,310.1,1906,21.2,110,0,0,0,0,0,0,7.7000000000000455,4.231432089071116
4430,M19289,M,302.3,310.1,1731,33.4,112,0,0,0,0,0,0,7.800000000000011,6.054414530145177
4431,H33844,H,302.3,310.1,1688,30.4,115,0,0,0,0,0,0,7.800000000000011,5.373715177916365
4432,H33845,H,302.3,310.2,1443,54.6,120,0,0,0,0,0,0,7.899999999999977,8.250639122416729
4433,L51612,L,302.4,310.2,1445,46.4,125,0,0,0,0,0,0,7.800000000000011,7.021250141262948
4434,H33847,H,302.4,310.2,1435,44.9,127,0,0,0,0,0,0,7.800000000000011,6.747250901992358
4435,L51614,L,302.4,310.1,1556,32.9,132,0,0,0,0,0,0,7.7000000000000455,5.36085559198767
4436,L51615,L,302.3,310.1,1321,52.7,134,1,0,1,0,0,0,7.800000000000011,7.290243776238819
4437,M19296,M,302.4,310.1,1577,35.8,136,0,0,0,0,0,0,7.7000000000000455,5.912121326888583
4438,L51617,L,302.4,310.2,1578,31.2,139,0,0,0,0,0,0,7.800000000000011,5.1557305356592815
4439,L51618,L,302.4,310.1,1418,52.3,141,0,0,0,0,0,0,7.7000000000000455,7.766163647331135
4440,M19299,M,302.4,310.2,1392,55.8,143,0,0,0,0,0,0,7.800000000000011,8.133960371262404
4441,L51620,L,302.5,310.3,1446,44.0,146,0,0,0,0,0,0,7.800000000000011,6.6626896997332326
4442,L51621,L,302.5,310.2,1329,50.6,148,1,0,1,0,0,0,7.699999999999989,7.04213126043381
4443,L51622,L,302.5,310.2,1563,34.8,150,0,0,0,0,0,0,7.699999999999989,5.695958808370581
4444,L51623,L,302.5,310.3,1405,57.4,152,0,0,0,0,0,0,7.800000000000011,8.445334091135203
4445,L51624,L,302.4,310.2,2224,16.0,154,0,0,0,0,0,0,7.800000000000011,3.7263477661779736
4446,L51625,L,302.5,310.2,1716,29.9,156,0,0,0,0,0,0,7.699999999999989,5.373003083581551
4447,L51626,L,302.5,310.3,1584,35.5,158,0,0,0,0,0,0,7.800000000000011,5.888601269888708
4448,M19307,M,302.5,310.3,1488,41.8,160,0,0,0,0,0,0,7.800000000000011,6.513401216834647
4449,L51628,L,302.4,310.3,1374,51.2,163,1,0,1,0,0,0,7.900000000000034,7.366909108961922
4450,M19309,M,302.4,310.3,1378,54.3,165,1,0,1,0,0,0,7.900000000000034,7.83569756473059
4451,L51630,L,302.5,310.3,1551,37.3,168,0,0,0,0,0,0,7.800000000000011,6.058278689109093
4452,L51631,L,302.5,310.3,1549,40.9,170,0,0,0,0,0,0,7.800000000000011,6.634425837826437
4453,M19312,M,302.5,310.3,1447,39.2,172,0,0,0,0,0,0,7.800000000000011,5.939955837799391
4454,L51633,L,302.4,310.2,1400,53.7,175,0,0,0,0,0,0,7.800000000000011,7.872831189896022
4455,L51634,L,302.4,310.1,1401,48.8,177,0,0,0,0,0,0,7.7000000000000455,7.159563993824994
4456,H33869,H,302.4,310.1,1597,28.9,179,0,0,0,0,0,0,7.7000000000000455,4.833162273964193
4457,L51636,L,302.3,310.1,1487,46.0,184,0,0,0,0,0,0,7.800000000000011,7.163040689694967
4458,M19317,M,302.5,310.3,1710,27.3,186,0,0,0,0,0,0,7.800000000000011,4.888632328251076
4459,L51638,L,302.6,310.4,1478,47.7,189,0,0,0,0,0,0,7.7999999999999545,7.382805567789086
4460,L51639,L,302.6,310.4,1743,26.3,191,0,0,0,0,0,0,7.7999999999999545,4.800447822464811
4461,L51640,L,302.6,310.5,1596,32.8,193,0,0,0,0,0,0,7.899999999999977,5.481953516808045
4462,L51641,L,302.7,310.5,1642,30.8,195,0,0,0,0,0,0,7.800000000000011,5.296055007519625
4463,L51642,L,302.7,310.5,1263,67.8,197,1,0,1,0,1,0,7.800000000000011,8.967299238553633
4464,L51643,L,302.8,310.6,2016,19.9,199,0,0,0,0,0,0,7.800000000000011,4.201189023792558
4465,L51644,L,302.8,310.6,1671,30.5,201,0,0,0,0,0,0,7.800000000000011,5.337094679551021
4466,L51645,L,302.8,310.6,1404,43.2,203,0,0,0,0,0,0,7.800000000000011,6.351546363321701
4467,L51646,L,302.8,310.6,1470,41.1,205,0,0,0,0,0,0,7.800000000000011,6.326853445064485
4468,L51647,L,302.8,310.6,1617,37.9,207,0,0,0,0,0,0,7.800000000000011,6.417676888679765
4469,L51648,L,302.7,310.5,1725,29.0,209,0,0,0,0,0,0,7.800000000000011,5.23860574986098
4470,L51649,L,302.7,310.5,1446,40.9,211,1,1,0,0,0,0,7.800000000000011,6.193272925433846
4471,L51650,L,302.7,310.6,1564,34.3,0,0,0,0,0,0,0,7.900000000000034,5.617712207345172
4472,L51651,L,302.8,310.6,1670,29.1,2,0,0,0,0,0,0,7.800000000000011,5.089065939550107
4473,L51652,L,302.7,310.6,1501,48.7,4,0,0,0,0,0,0,7.900000000000034,7.654877963565474
4474,L51653,L,302.7,310.5,1551,35.9,6,0,0,0,0,0,0,7.800000000000011,5.830890212842263
4475,L51654,L,302.7,310.5,1563,35.0,8,0,0,0,0,0,0,7.800000000000011,5.728694203820988
4476,L51655,L,302.7,310.5,1351,41.8,10,1,0,1,0,0,0,7.800000000000011,5.913713067166403
4477,L51656,L,302.6,310.4,1415,52.1,12,0,0,0,0,0,0,7.7999999999999545,7.720097427053998
4478,L51657,L,302.6,310.3,1647,34.2,14,0,0,0,0,0,0,7.699999999999989,5.8985915345271245
4479,L51658,L,302.5,310.2,1477,41.6,16,0,0,0,0,0,0,7.699999999999989,6.434316857768279
4480,L51659,L,302.6,310.2,1923,21.5,18,0,0,0,0,0,0,7.599999999999966,4.329585915544773
4481,H33894,H,302.7,310.4,1305,55.2,20,1,0,1,0,0,0,7.699999999999989,7.543592279799812
4482,M19341,M,302.6,310.4,1544,35.1,25,0,0,0,0,0,0,7.7999999999999545,5.67522429685689
4483,H33896,H,302.7,310.5,1568,36.9,28,0,0,0,0,0,0,7.800000000000011,6.059001255419419
4484,L51663,L,302.7,310.4,1489,42.7,33,0,0,0,0,0,0,7.699999999999989,6.658113446434505
4485,M19344,M,302.6,310.4,1451,43.1,35,0,0,0,0,0,0,7.7999999999999545,6.548974517648795
4486,L51665,L,302.7,310.4,1542,35.7,38,0,0,0,0,0,0,7.699999999999989,5.764759687484199
4487,M19346,M,302.6,310.5,1965,20.2,40,0,0,0,0,0,0,7.899999999999977,4.156641239964655
4488,L51667,L,302.5,310.5,1436,36.5,43,0,0,0,0,0,0,8.0,5.488781244841847
4489,M19348,M,302.5,310.4,1509,37.6,45,0,0,0,0,0,0,7.899999999999977,5.941631353881304
4490,L51669,L,302.5,310.4,1487,40.2,48,0,0,0,0,0,0,7.899999999999977,6.25987468968995
4491,L51670,L,302.5,310.4,1967,20.3,50,0,0,0,0,0,0,7.899999999999977,4.181470293903527
4492,H33905,H,302.6,310.4,1409,53.3,52,0,0,0,0,0,0,7.7999999999999545,7.864422193559913
4493,M19352,M,302.6,310.5,1420,56.4,57,0,0,0,0,0,0,7.899999999999977,8.386795748023312
4494,L51673,L,302.7,310.5,1511,37.7,60,0,0,0,0,0,0,7.800000000000011,5.965329434464884
4495,H33908,H,302.6,310.4,1649,30.1,62,0,0,0,0,0,0,7.7999999999999545,5.197754573388801
4496,L51675,L,302.6,310.4,1359,57.2,67,1,0,1,0,0,0,7.7999999999999545,8.14036922027573
4497,M19356,M,302.5,310.4,1605,36.0,69,0,0,0,0,0,0,7.899999999999977,6.050707450813942
4498,L51677,L,302.5,310.3,1523,36.0,72,0,0,0,0,0,0,7.800000000000011,5.741574733700706
4499,H33912,H,302.6,310.4,1614,36.0,74,0,0,0,0,0,0,7.7999999999999545,6.084636651472712
4500,H33913,H,302.6,310.3,1721,27.4,79,0,0,0,0,0,0,7.699999999999989,4.938101940569603
4501,L51680,L,302.6,310.4,1638,36.2,84,0,0,0,0,0,0,7.7999999999999545,6.209420711673299
4502,L51681,L,302.5,310.2,1307,54.0,86,1,0,1,0,0,0,7.699999999999989,7.390910876835347
4503,L51682,L,302.4,310.2,1642,28.3,88,0,0,0,0,0,0,7.800000000000011,4.8661804127534225
4504,M19363,M,302.5,310.2,1751,30.5,90,0,0,0,0,0,0,7.699999999999989,5.59261088204299
4505,L51684,L,302.4,310.1,1645,31.6,93,0,0,0,0,0,0,7.7000000000000455,5.443542310630155
4506,L51685,L,302.4,310.1,1426,46.8,95,0,0,0,0,0,0,7.7000000000000455,6.988661353469709
4507,M19366,M,302.4,310.1,1520,36.6,97,0,0,0,0,0,0,7.7000000000000455,5.825769416816913
4508,L51687,L,302.4,310.1,1709,31.8,100,0,0,0,0,0,0,7.7000000000000455,5.691120755684054
4509,L51688,L,302.4,310.0,1426,46.6,102,0,0,0,0,0,0,7.600000000000023,6.958795279309584
4510,L51689,L,302.4,310.1,1429,43.7,104,0,0,0,0,0,0,7.7000000000000455,6.539465963883931
4511,L51690,L,302.4,310.2,1346,62.4,106,1,0,1,0,0,0,7.800000000000011,8.795454120402274
4512,L51691,L,302.5,310.2,1454,43.0,108,0,0,0,0,0,0,7.699999999999989,6.547288529591368
4513,M19372,M,302.5,310.3,1411,49.5,110,0,0,0,0,0,0,7.800000000000011,7.3140989364550775
4514,L51693,L,302.4,310.3,1900,24.4,113,0,0,0,0,0,0,7.900000000000034,4.854807847347427
4515,L51694,L,302.4,310.3,1479,36.2,115,0,0,0,0,0,0,7.900000000000034,5.60667474515556
4516,L51695,L,302.5,310.4,1415,48.2,117,0,0,0,0,0,0,7.899999999999977,7.142201458426155
4517,L51696,L,302.5,310.3,1539,39.0,119,0,0,0,0,0,0,7.800000000000011,6.285384422037098
4518,L51697,L,302.4,310.3,1520,31.6,121,0,0,0,0,0,0,7.900000000000034,5.029899277907499
4519,L51698,L,302.4,310.3,1480,45.8,123,0,0,0,0,0,0,7.900000000000034,7.098323881031017
4520,L51699,L,302.4,310.4,1666,29.7,125,0,0,0,0,0,0,8.0,5.18155442727179
4521,L51700,L,302.4,310.4,1456,47.6,127,0,0,0,0,0,0,8.0,7.257665460421092
4522,L51701,L,302.4,310.4,1865,23.9,129,0,0,0,0,0,0,8.0,4.667726004826154
4523,M19382,M,302.5,310.5,1918,21.6,131,0,0,0,0,0,0,8.0,4.3384137909013605
4524,L51703,L,302.5,310.4,1488,48.4,134,0,0,0,0,0,0,7.899999999999977,7.541832987913802
4525,M19384,M,302.5,310.5,1527,38.8,136,0,0,0,0,0,0,8.0,6.204394163427554
4526,M19385,M,302.4,310.4,1463,42.2,139,0,0,0,0,0,0,8.0,6.465251073430627
4527,L51706,L,302.4,310.4,1521,38.5,142,0,0,0,0,0,0,8.0,6.132231780174597
4528,M19387,M,302.4,310.5,1372,45.7,144,1,0,1,0,0,0,8.100000000000023,6.565970533904716
4529,L51708,L,302.5,310.5,1507,39.5,147,0,0,0,0,0,0,8.0,6.233600503130427
4530,M19389,M,302.4,310.4,1586,34.3,149,0,0,0,0,0,0,8.0,5.6967337345584665
4531,L51710,L,302.5,310.4,1487,42.0,152,0,0,0,0,0,0,7.899999999999977,6.540167586243231
4532,L51711,L,302.5,310.5,1520,41.2,154,0,0,0,0,0,0,8.0,6.557969944613575
4533,H33946,H,302.5,310.4,1422,41.9,156,0,0,0,0,0,0,7.899999999999977,6.239391505588545
4534,M19393,M,302.4,310.3,1375,52.5,161,1,0,1,0,0,0,7.900000000000034,7.559457322700441
4535,L51714,L,302.4,310.2,1633,28.0,164,0,0,0,0,0,0,7.800000000000011,4.788206083091323
4536,L51715,L,302.4,310.2,1503,36.2,166,0,0,0,0,0,0,7.800000000000011,5.697655268403522
4537,L51716,L,302.4,310.2,1351,45.1,168,1,0,1,0,0,0,7.800000000000011,6.380585151416382
4538,L51717,L,302.3,310.2,1548,35.3,170,0,0,0,0,0,0,7.899999999999977,5.722348186660735
4539,L51718,L,302.4,310.3,1923,23.3,172,0,0,0,0,0,0,7.900000000000034,4.692062875915964
4540,L51719,L,302.5,310.3,1592,32.6,174,0,0,0,0,0,0,7.800000000000011,5.434871514906248
4541,M19400,M,302.5,310.4,1580,35.6,176,0,0,0,0,0,0,7.899999999999977,5.890276785970623
4542,L51721,L,302.5,310.4,1427,46.8,179,0,0,0,0,0,0,7.899999999999977,6.993562238009309
4543,M19402,M,302.5,310.4,1581,32.7,181,0,0,0,0,0,0,7.899999999999977,5.413875204004754
4544,M19403,M,302.6,310.5,1542,39.9,184,0,0,0,0,0,0,7.899999999999977,6.442966709541162
4545,L51724,L,302.5,310.4,1349,55.1,187,1,0,1,0,0,0,7.899999999999977,7.783808926068798
4546,L51725,L,302.5,310.5,1463,43.0,189,0,0,0,0,0,0,8.0,6.587815074822676
4547,M19406,M,302.5,310.4,1429,43.2,191,0,0,0,0,0,0,7.899999999999977,6.464643698850933
4548,M19407,M,302.5,310.4,1451,53.6,194,0,0,0,0,0,0,7.899999999999977,8.144432346774371
4549,L51728,L,302.6,310.5,1511,37.2,197,0,0,0,0,0,0,7.899999999999977,5.886213659471981
4550,L51729,L,302.6,310.6,1549,37.5,199,0,0,0,0,0,0,8.0,6.0829087755132365
4551,M19410,M,302.5,310.5,1507,40.2,201,0,0,0,0,0,0,8.0,6.344069372806157
4552,M19411,M,302.6,310.5,1524,33.7,204,0,0,0,0,0,0,7.899999999999977,5.378280959239582
4553,M19412,M,302.7,310.5,1880,22.7,207,0,0,0,0,0,0,7.800000000000011,4.469020269486601
4554,L51733,L,302.6,310.5,1461,45.4,0,0,0,0,0,0,0,7.899999999999977,6.945998525233959
4555,L51734,L,302.6,310.5,1748,28.2,2,0,0,0,0,0,0,7.899999999999977,5.162013720966462
4556,L51735,L,302.7,310.6,1690,26.7,4,0,0,0,0,0,0,7.900000000000034,4.725269510264408
4557,M19416,M,302.7,310.6,1349,51.2,6,1,0,1,0,0,0,7.900000000000034,7.232867822408757
4558,L51737,L,302.7,310.6,1686,26.3,9,0,0,0,0,0,0,7.900000000000034,4.643462437564929
4559,L51738,L,302.7,310.7,1369,47.5,11,1,0,1,0,0,0,8.0,6.809663876043676
4560,L51739,L,302.7,310.7,1433,43.7,13,0,0,0,0,0,0,8.0,6.557770977078847
4561,L51740,L,302.7,310.7,1597,41.9,15,0,0,0,0,0,0,8.0,7.00724911000345
4562,L51741,L,302.9,310.8,1610,32.2,17,0,0,0,0,0,0,7.900000000000034,5.428881544913402
4563,L51742,L,302.7,310.7,1398,57.7,19,0,0,0,0,0,0,8.0,8.447177158825308
4564,L51743,L,302.7,310.7,1977,20.0,21,0,0,0,0,0,0,8.0,4.140619117431347
4565,L51744,L,302.8,310.8,1516,39.5,23,0,0,0,0,0,0,8.0,6.270828376075467
4566,H33979,H,302.7,310.8,1275,55.0,25,1,0,1,0,0,0,8.100000000000023,7.343472827766142
4567,L51746,L,302.8,310.8,1402,50.5,30,0,0,0,0,0,0,8.0,7.414263382227031
4568,M19427,M,302.8,310.8,1451,44.7,32,0,0,0,0,0,0,8.0,6.792091901134598
4569,M19428,M,302.7,310.8,1555,36.1,35,0,0,0,0,0,0,8.100000000000023,5.878495813519661
4570,L51749,L,302.8,310.9,1636,35.0,38,0,0,0,0,0,0,8.099999999999966,5.9962531781517185
4571,L51750,L,302.8,310.9,1312,52.2,40,1,0,1,0,0,0,8.099999999999966,7.171879037027068
4572,L51751,L,302.8,310.9,1708,29.8,42,0,0,0,0,0,0,8.099999999999966,5.330067983982491
4573,M19432,M,302.9,311.0,1556,36.5,44,0,0,0,0,0,0,8.100000000000023,5.947453772265957
4574,H33987,H,302.8,311.0,1436,43.5,47,0,0,0,0,0,0,8.199999999999989,6.541424223304667
4575,M19434,M,302.9,311.0,1402,40.7,52,0,0,0,0,0,0,8.100000000000023,5.975455834784954
4576,M19435,M,302.9,311.0,1437,49.9,55,0,0,0,0,0,0,8.100000000000023,7.509066176536859
4577,M19436,M,302.9,311.1,1926,21.8,58,0,0,0,0,0,0,8.200000000000045,4.396847414258131
4578,L51757,L,303.0,311.2,1800,23.7,61,0,0,0,0,0,0,8.199999999999989,4.467344753404685
4579,L51758,L,303.0,311.2,1641,32.6,63,0,0,0,0,0,0,8.199999999999989,5.6021508517343905
4580,L51759,L,303.0,311.2,1374,48.2,65,1,0,1,0,0,0,8.199999999999989,6.935254278358684
4581,L51760,L,303.0,311.2,1494,37.0,67,0,0,0,0,0,0,8.199999999999989,5.788698623504552
4582,L51761,L,303.0,311.2,1601,32.9,69,0,0,0,0,0,0,8.199999999999989,5.515893189442328
4583,L51762,L,302.9,311.2,1634,36.9,71,0,0,0,0,0,0,8.300000000000011,6.314035747037837
4584,M19443,M,302.9,311.2,1467,37.7,73,0,0,0,0,0,0,8.300000000000011,5.791620304672392
4585,L51764,L,302.8,311.1,1550,32.3,76,0,0,0,0,0,0,8.300000000000011,5.242794540065765
4586,L51765,L,302.8,311.1,1563,32.2,78,0,0,0,0,0,0,8.300000000000011,5.270398667515309
4587,L51766,L,302.7,310.9,1395,48.3,80,0,0,0,0,0,0,8.199999999999989,7.0558600203299955
4588,M19447,M,302.8,311.0,1507,33.4,82,0,0,0,0,0,0,8.199999999999989,5.270943210241931
4589,L51768,L,302.8,311.0,1564,38.5,85,0,0,0,0,0,0,8.199999999999989,6.305595334775194
4590,L51769,L,302.8,311.1,1721,30.0,87,0,0,0,0,0,0,8.300000000000011,5.406680956828033
4591,L51770,L,302.8,311.1,1456,36.1,89,0,0,0,0,0,0,8.300000000000011,5.5042378806975085
4592,H34005,H,302.9,311.2,2102,17.8,91,0,0,0,0,0,0,8.300000000000011,3.9181524696551424
4593,L51772,L,302.9,311.1,1555,33.9,96,0,0,0,0,0,0,8.200000000000045,5.520249531255304
4594,L51773,L,303.0,311.2,1409,41.9,98,0,0,0,0,0,0,8.199999999999989,6.182350654974865
4595,M19454,M,303.0,311.2,1387,41.4,100,0,0,0,0,0,0,8.199999999999989,6.0131968345300795
4596,M19455,M,303.0,311.2,1460,43.9,103,0,0,0,0,0,0,8.199999999999989,6.711907984639473
4597,L51776,L,303.0,311.2,1361,47.6,106,1,0,1,0,0,0,8.199999999999989,6.784122727769991
4598,M19457,M,303.0,311.1,1490,43.0,108,0,0,0,0,0,0,8.100000000000023,6.709394710516602
4599,L51778,L,303.1,311.2,1399,49.2,111,0,0,0,0,0,0,8.099999999999966,7.207944520690278
4600,L51779,L,303.1,311.1,1420,55.8,113,0,0,0,0,0,0,8.0,8.297574516661362
4601,L51780,L,303.0,311.0,1359,44.2,115,1,0,1,0,0,0,8.0,6.290285306576699
4602,M19461,M,303.0,311.1,1372,54.3,117,1,0,1,0,0,0,8.100000000000023,7.801579868512604
4603,M19462,M,303.0,311.0,1409,41.7,120,0,0,0,0,0,0,8.0,6.152840627982147
4604,H34017,H,302.9,311.0,1452,58.3,123,0,0,0,0,0,0,8.100000000000023,8.86469482248739
4605,L51784,L,302.9,311.0,1820,24.6,128,0,0,0,0,0,0,8.100000000000023,4.688512876217408
4606,H34019,H,302.9,311.0,1469,48.7,130,0,0,0,0,0,0,8.100000000000023,7.491682697186995
4607,L51786,L,302.9,311.1,1556,45.3,135,0,0,0,0,0,0,8.200000000000045,7.3813604351684345
4608,L51787,L,303.0,311.1,1980,20.2,137,0,0,0,0,0,0,8.100000000000023,4.188371325765912
4609,M19468,M,303.0,311.2,1519,38.0,139,0,0,0,0,0,0,8.199999999999989,6.0446337050170005
4610,L51789,L,303.0,311.2,1456,44.0,142,0,0,0,0,0,0,8.199999999999989,6.7087663919858835
4611,L51790,L,303.1,311.2,1394,45.3,144,0,0,0,0,0,0,8.099999999999966,6.612864040247298
4612,L51791,L,303.0,311.3,1365,56.2,146,1,0,1,0,0,0,8.300000000000011,8.03336657449446
4613,L51792,L,303.0,311.3,2194,16.5,148,0,0,0,0,0,0,8.300000000000011,3.7909598550868036
4614,L51793,L,303.1,311.3,1403,55.6,150,0,0,0,0,0,0,8.199999999999989,8.168852993668276
4615,H34028,H,303.0,311.2,1503,37.0,152,0,0,0,0,0,0,8.199999999999989,5.823570301959399
4616,L51795,L,303.0,311.3,1793,29.3,157,0,0,0,0,0,0,8.300000000000011,5.501441863235815
4617,L51796,L,303.1,311.4,1829,24.5,159,0,0,0,0,0,0,8.299999999999955,4.692544586789515
4618,M19477,M,303.1,311.4,1831,23.3,161,0,0,0,0,0,0,8.299999999999955,4.467585608841461
4619,M19478,M,303.0,311.3,1335,53.6,164,1,0,1,0,0,0,8.300000000000011,7.493326797342375
4620,H34033,H,303.1,311.3,2056,19.7,167,0,0,0,0,0,0,8.199999999999989,4.241485185562603
4621,L51800,L,303.1,311.3,1336,52.6,172,1,0,1,0,0,0,8.199999999999989,7.359034183376923
4622,L51801,L,303.0,311.2,1341,51.0,174,1,0,1,0,0,0,8.199999999999989,7.161888772388652
4623,M19482,M,303.0,311.1,1526,37.3,176,0,0,0,0,0,0,8.100000000000023,5.9606275174600105
4624,L51803,L,303.0,311.1,1525,40.7,179,0,0,0,0,0,0,8.100000000000023,6.499693400889484
4625,M19484,M,303.0,311.1,1428,39.8,181,0,0,0,0,0,0,8.100000000000023,5.951684450372791
4626,L51805,L,303.0,311.2,1511,45.7,184,0,0,0,0,0,0,8.199999999999989,7.2311818343513306
4627,L51806,L,303.0,311.2,1664,29.8,186,0,0,0,0,0,0,8.199999999999989,5.192759441069593
4628,M19487,M,303.0,311.2,1592,38.9,188,0,0,0,0,0,0,8.199999999999989,6.4851687708543855
4629,M19488,M,303.0,311.1,1597,36.7,191,0,0,0,0,0,0,8.100000000000023,6.137614375587748
4630,L51809,L,303.0,311.2,1735,26.1,194,0,0,0,0,0,0,8.199999999999989,4.742077030961114
4631,L51810,L,302.9,311.2,1751,23.8,196,0,0,0,0,0,0,8.300000000000011,4.364070130905677
4632,L51811,L,303.0,311.2,1383,44.6,198,0,0,0,0,0,0,8.199999999999989,6.459302991339831
4633,M19492,M,302.9,311.2,1330,53.7,200,1,0,1,0,0,0,8.300000000000011,7.479189630401221
4634,L51813,L,303.0,311.2,1382,50.5,203,0,0,0,0,0,0,8.199999999999989,7.308496429556175
4635,L51814,L,303.0,311.2,1755,30.4,205,0,0,0,0,0,0,8.199999999999989,5.587008375144088
4636,M19495,M,303.0,311.2,1614,35.7,207,0,0,0,0,0,0,8.199999999999989,6.033931346043772
4637,L51816,L,303.0,311.3,1466,43.0,210,0,0,0,0,0,0,8.300000000000011,6.601323923233113
4638,M19497,M,303.1,311.3,1847,24.7,212,0,0,0,0,0,0,8.199999999999989,4.7774094763384864
4639,L51818,L,303.1,311.3,1474,34.8,215,0,0,0,0,0,0,8.199999999999989,5.371620782813971
4640,L51819,L,303.1,311.3,1657,31.8,217,0,0,0,0,0,0,8.199999999999989,5.517956168618184
4641,L51820,L,303.1,311.2,1435,40.1,219,0,0,0,0,0,0,8.099999999999966,6.025941228728142
4642,H34055,H,303.1,311.3,1494,42.7,221,0,0,0,0,0,0,8.199999999999989,6.680471114152551
4643,L51822,L,303.2,311.4,1238,54.6,226,1,0,1,0,1,0,8.199999999999989,7.078510903362378
4644,L51823,L,303.2,311.4,1324,54.2,228,1,0,1,0,1,0,8.199999999999989,7.514773403190881
4645,L51824,L,303.2,311.4,1514,41.2,230,0,0,0,0,0,0,8.199999999999989,6.532083221147994
4646,L51825,L,303.3,311.4,1732,25.6,232,0,0,0,0,0,0,8.099999999999966,4.643190166201618
4647,L51826,L,303.3,311.4,1497,46.0,234,1,1,0,0,0,0,8.099999999999966,7.211211777050011
4648,L51827,L,303.3,311.4,1958,21.5,0,0,0,0,0,0,0,8.099999999999966,4.408387531272317
4649,L51828,L,303.3,311.4,1630,32.5,2,0,0,0,0,0,0,8.099999999999966,5.547529027463976
4650,M19509,M,303.3,311.4,1395,59.1,4,0,0,0,0,0,0,8.099999999999966,8.633567850962791
4651,L51830,L,303.3,311.4,1658,30.5,7,0,0,0,0,0,0,8.099999999999966,5.295573296646076
4652,L51831,L,303.2,311.4,1349,51.1,9,1,0,1,0,0,0,8.199999999999989,7.218741127443116
4653,L51832,L,303.1,311.2,1452,52.9,11,0,0,0,0,0,0,8.099999999999966,8.043608166545162
4654,M19513,M,303.1,311.1,1594,35.5,13,0,0,0,0,0,0,8.0,5.925776782956188
4655,M19514,M,303.1,311.0,1510,47.6,16,0,0,0,0,0,0,7.899999999999977,7.526837118980665
4656,L51835,L,303.1,311.1,1854,22.6,19,0,0,0,0,0,0,8.0,4.387799627415792
4657,L51836,L,303.1,311.2,1626,32.3,21,0,0,0,0,0,0,8.099999999999966,5.499860594933507
4658,L51837,L,303.1,311.2,1628,35.2,23,0,0,0,0,0,0,8.099999999999966,6.001028398985176
4659,L51838,L,303.1,311.2,1679,34.8,25,0,0,0,0,0,0,8.099999999999966,6.118691515837624
4660,M19519,M,303.1,311.2,1489,44.5,27,0,0,0,0,0,0,8.099999999999966,6.938783334106217
4661,L51840,L,303.2,311.2,1439,43.9,30,0,0,0,0,0,0,8.0,6.615366842394659
4662,L51841,L,303.3,311.3,1350,48.1,32,1,0,1,0,0,0,8.0,6.799977298695109
4663,H34076,H,303.3,311.2,1607,31.7,34,0,0,0,0,0,0,7.899999999999977,5.334623293330195
4664,L51843,L,303.3,311.3,1389,53.9,39,0,0,0,0,0,0,8.0,7.840064378519081
4665,M19524,M,303.3,311.3,1566,46.1,41,0,0,0,0,0,0,8.0,7.559991393451551
4666,M19525,M,303.4,311.4,1307,54.0,44,1,0,1,0,0,0,8.0,7.390910876835347
4667,M19526,M,303.3,311.5,1569,36.6,47,0,0,0,0,0,0,8.199999999999989,6.0135738256485105
4668,H34081,H,303.3,311.4,1651,30.6,50,0,0,0,0,0,0,8.099999999999966,5.290504860498284
4669,H34082,H,303.3,311.4,1692,27.9,55,0,0,0,0,0,0,8.099999999999966,4.943484535982755
4670,M19529,M,303.3,311.5,1373,47.3,60,1,0,1,0,0,0,8.199999999999989,6.800804584760552
4671,L51850,L,303.2,311.4,1610,35.5,63,0,0,0,0,0,0,8.199999999999989,5.985257603864155
4672,L51851,L,303.3,311.4,1511,43.4,65,0,0,0,0,0,0,8.099999999999966,6.867249269383977
4673,L51852,L,303.3,311.5,1412,55.6,67,0,0,0,0,0,0,8.199999999999989,8.221254759130154
4674,L51853,L,303.4,311.5,1501,36.2,69,0,0,0,0,0,0,8.100000000000023,5.690073558132858
4675,L51854,L,303.4,311.5,1414,44.8,71,0,0,0,0,0,0,8.100000000000023,6.633703271516112
4676,H34089,H,303.5,311.5,1629,33.5,73,0,0,0,0,0,0,8.0,5.714714116512513
4677,L51856,L,303.4,311.5,1879,21.3,78,0,0,0,0,0,0,8.100000000000023,4.191167343227607
4678,H34091,H,303.5,311.6,1466,47.0,80,0,0,0,0,0,0,8.100000000000023,7.215400567254798
4679,H34092,H,303.6,311.7,1476,40.1,85,0,0,0,0,0,0,8.099999999999966,6.198110978120374
4680,L51859,L,303.6,311.8,1695,30.7,90,0,0,0,0,0,0,8.199999999999989,5.449249537284176
4681,L51860,L,303.6,311.7,1491,39.8,92,0,0,0,0,0,0,8.099999999999966,6.214258764359826
4682,M19541,M,303.6,311.8,1659,34.7,94,0,0,0,0,0,0,8.199999999999989,6.02843355889999
4683,L51862,L,303.6,311.8,1567,31.7,97,0,0,0,0,0,0,8.199999999999989,5.2018386438384665
4684,L51863,L,303.6,311.8,1736,32.9,99,0,0,0,0,0,0,8.199999999999989,5.981005981806296
4685,M19544,M,303.6,311.8,1421,44.8,101,1,0,0,0,0,0,8.199999999999989,6.666543386721636
4686,M19545,M,303.6,311.8,1627,30.8,104,0,0,0,0,0,0,8.199999999999989,5.247674480654343
4687,M19546,M,303.5,311.6,1562,34.2,107,0,0,0,0,0,0,8.100000000000023,5.5941712063942735
4688,L51867,L,303.5,311.6,2183,17.0,110,0,0,0,0,0,0,8.100000000000023,3.8862548322456942
4689,L51868,L,303.5,311.6,1577,38.1,112,0,0,0,0,0,0,8.100000000000023,6.291950350683101
4690,M19549,M,303.4,311.5,1560,36.4,114,0,0,0,0,0,0,8.100000000000023,5.94640657471476
4691,M19550,M,303.4,311.5,1483,43.0,117,0,0,0,0,0,0,8.100000000000023,6.677874064225584
4692,L51871,L,303.5,311.5,1535,33.3,120,0,0,0,0,0,0,8.0,5.352802642818968
4693,M19552,M,303.4,311.4,1606,29.6,122,0,0,0,0,0,0,8.0,4.978125830976338
4694,M19553,M,303.4,311.5,1817,24.7,125,0,0,0,0,0,0,8.100000000000023,4.699812137794818
4695,L51874,L,303.4,311.5,1424,50.8,128,0,0,0,0,0,0,8.100000000000023,7.575343309552092
4696,L51875,L,303.3,311.6,1514,34.7,130,0,0,0,0,0,0,8.300000000000011,5.5015361110154215
4697,L51876,L,303.4,311.6,1449,41.7,132,0,0,0,0,0,0,8.200000000000045,6.327513179521739
4698,M19557,M,303.5,311.6,1573,34.0,134,0,0,0,0,0,0,8.100000000000023,5.600621943309644
4699,L51878,L,303.4,311.6,1564,41.9,137,0,0,0,0,0,0,8.200000000000045,6.862453104599496
4700,L51879,L,303.5,311.6,1428,46.2,139,0,0,0,0,0,0,8.100000000000023,6.908739236362385
4701,L51880,L,303.5,311.7,1620,31.0,141,0,0,0,0,0,0,8.199999999999989,5.259026102109313
4702,H34115,H,303.5,311.7,1584,32.7,143,0,0,0,0,0,0,8.199999999999989,5.4241482119819935
4703,L51882,L,303.6,311.8,1222,66.8,148,1,0,1,0,0,0,8.199999999999989,8.548231722515778
4704,M19563,M,303.6,311.8,1432,42.5,150,0,0,0,0,0,0,8.199999999999989,6.373244296582493
4705,L51884,L,303.7,311.9,1561,33.3,153,0,0,0,0,0,0,8.199999999999989,5.44346900680157
4706,L51885,L,303.6,311.8,1614,33.2,155,0,0,0,0,0,0,8.199999999999989,5.611387134135946
4707,L51886,L,303.5,311.7,1959,22.3,157,0,0,0,0,0,0,8.199999999999989,4.574755806230921
4708,L51887,L,303.5,311.8,1944,23.5,159,0,0,0,0,0,0,8.300000000000011,4.784017292886537
4709,L51888,L,303.4,311.7,1793,25.8,161,0,0,0,0,0,0,8.300000000000011,4.844273039982389
4710,M19569,M,303.4,311.6,1446,50.0,163,0,0,0,0,0,0,8.200000000000045,7.571238295151402
4711,L51890,L,303.4,311.7,1673,32.2,166,0,0,0,0,0,0,8.300000000000011,5.641316040149144
4712,M19571,M,303.4,311.7,1515,44.2,168,0,0,0,0,0,0,8.300000000000011,7.012348962077779
4713,L51892,L,303.4,311.8,1564,35.9,171,0,0,0,0,0,0,8.400000000000034,5.879762922556609
4714,L51893,L,303.5,311.8,1451,45.2,173,0,0,0,0,0,0,8.300000000000011,6.86806608347391
4715,H34128,H,303.4,311.8,1693,28.3,175,0,0,0,0,0,0,8.400000000000034,5.017322435317627
4716,L51895,L,303.4,311.7,1476,42.3,180,0,0,0,0,0,0,8.300000000000011,6.538156966944934
4717,L51896,L,303.4,311.6,1712,30.1,182,0,0,0,0,0,0,8.200000000000045,5.396334645022213
4718,M19577,M,303.4,311.6,1425,45.4,184,0,0,0,0,0,0,8.200000000000045,6.7748445574663885
4719,L51898,L,303.3,311.6,1337,56.8,187,1,0,1,0,0,0,8.300000000000011,7.9525857553951536
4720,M19579,M,303.4,311.7,1690,34.9,189,0,0,0,0,0,0,8.300000000000011,6.176475876712653
4721,M19580,M,303.4,311.7,1353,44.1,192,1,0,1,0,0,0,8.300000000000011,6.248345044651275
4722,L51901,L,303.5,311.8,1927,21.9,195,0,0,0,0,0,0,8.300000000000011,4.4193098017312975
4723,M19582,M,303.4,311.8,1391,42.7,197,0,0,0,0,0,0,8.400000000000034,6.2199031591607765
4724,L51903,L,303.4,311.8,1366,50.9,200,1,0,1,0,0,0,8.400000000000034,7.281101741616872
4725,L51904,L,303.4,311.9,1771,31.6,202,0,0,0,0,0,0,8.5,5.8604944876145915
4726,M19585,M,303.4,311.8,1515,42.6,204,0,0,0,0,0,0,8.400000000000034,6.758508275667723
4727,M19586,M,303.4,311.8,2133,18.3,207,0,0,0,0,0,0,8.400000000000034,4.087620449365288
4728,M19587,M,303.4,311.8,1341,47.0,210,1,0,1,0,0,0,8.400000000000034,6.600172005926797
4729,L51908,L,303.4,311.7,1406,47.1,213,0,0,0,0,0,0,8.300000000000011,6.934814455387181
4730,L51909,L,303.4,311.8,1306,61.0,215,1,0,1,0,1,0,8.400000000000034,8.342604011362814
4731,L51910,L,303.3,311.7,1508,35.5,217,0,0,0,0,0,0,8.399999999999977,5.606067370575866
4732,L51911,L,303.3,311.6,1301,45.1,219,1,0,1,0,0,0,8.300000000000011,6.144442103621549
4733,L51912,L,303.3,311.7,1539,38.5,221,0,0,0,0,0,0,8.399999999999977,6.204802570472521
4734,L51913,L,303.3,311.6,1484,44.6,223,0,0,0,0,0,0,8.300000000000011,6.93102360025185
4735,L51914,L,303.2,311.5,1507,39.2,225,0,0,0,0,0,0,8.300000000000011,6.18625670184083
4736,L51915,L,303.2,311.5,1544,42.5,227,0,0,0,0,0,0,8.300000000000011,6.871710330952075
4737,L51916,L,303.2,311.5,1513,37.9,0,0,0,0,0,0,0,8.300000000000011,6.0049135019001145
4738,M19597,M,303.2,311.5,1336,58.2,2,1,0,1,0,0,0,8.300000000000011,8.14250550328017
4739,M19598,M,303.2,311.4,2102,19.0,5,0,0,0,0,0,0,8.199999999999989,4.182297579968971
4740,L51919,L,303.2,311.4,1351,53.8,8,1,0,1,0,0,0,8.199999999999989,7.611429737166326
4741,L51920,L,303.3,311.5,1601,35.2,10,0,0,0,0,0,0,8.199999999999989,5.901502743719451
4742,L51921,L,303.2,311.3,1393,52.9,12,0,0,0,0,0,0,8.100000000000023,7.716767338841192
4743,L51922,L,303.3,311.3,1592,33.7,14,0,0,0,0,0,0,8.0,5.618256750071796
4744,L51923,L,303.3,311.3,1409,51.8,16,0,0,0,0,0,0,8.0,7.643096991114511
4745,L51924,L,303.3,311.3,1393,47.4,18,0,0,0,0,0,0,8.0,6.914456934991918
4746,H34159,H,303.2,311.2,1475,43.1,20,0,0,0,0,0,0,8.0,6.657296632344572
4747,L51926,L,303.2,311.2,1427,45.6,25,0,0,0,0,0,0,8.0,6.814240129342405
4748,L51927,L,303.3,311.2,1763,27.3,27,0,0,0,0,0,0,7.899999999999977,5.040151341933712
4749,L51928,L,303.2,311.2,1363,46.7,29,1,0,1,0,0,0,8.0,6.665632324852097
4750,L51929,L,303.2,311.2,1404,50.9,31,0,0,0,0,0,0,8.0,7.483650691969318
4751,M19610,M,303.2,311.2,1688,31.9,33,0,0,0,0,0,0,8.0,5.638865597879343
4752,L51931,L,303.3,311.4,1510,37.3,36,0,0,0,0,0,0,8.099999999999966,5.898130767604597
4753,H34166,H,303.3,311.3,1502,39.5,38,0,0,0,0,0,0,8.0,6.212918351494295
4754,H34167,H,303.2,311.4,1607,36.6,43,0,0,0,0,0,0,8.199999999999989,6.159218061068934
4755,M19614,M,303.3,311.5,1384,54.8,48,0,0,0,0,0,0,8.199999999999989,7.94228133149138
4756,L51935,L,303.4,311.7,1295,51.3,51,1,0,1,0,0,0,8.300000000000011,6.956899851741918
4757,H34170,H,303.4,311.7,1991,19.0,53,0,0,0,0,0,0,8.300000000000011,3.961443616421609
4758,L51937,L,303.4,311.6,1497,42.8,58,0,0,0,0,0,0,8.200000000000045,6.709562262124792
4759,L51938,L,303.5,311.6,1465,48.7,60,0,0,0,0,0,0,8.100000000000023,7.471283288889685
4760,L51939,L,303.5,311.6,1361,46.5,62,1,0,1,0,0,0,8.100000000000023,6.627346782380347
4761,L51940,L,303.6,311.7,1546,38.5,64,0,0,0,0,0,0,8.099999999999966,6.23302454447727
4762,H34175,H,303.7,311.9,1332,52.7,66,1,0,1,0,0,0,8.199999999999989,7.350949818281686
4763,M19622,M,303.7,312.0,2663,11.4,71,1,0,0,1,0,0,8.300000000000011,3.1791032698736554
4764,L51943,L,303.7,312.1,1443,45.9,74,0,0,0,0,0,0,8.400000000000034,6.9359768446690095
4765,M19624,M,303.7,312.0,1402,48.6,76,0,0,0,0,0,0,8.300000000000011,7.135310898539282
4766,L51945,L,303.7,312.0,1892,22.5,79,0,0,0,0,0,0,8.300000000000011,4.457919975443917
4767,M19626,M,303.6,312.0,1645,35.7,81,0,0,0,0,0,0,8.399999999999977,6.1498246990347
4768,L51947,L,303.6,311.9,1473,50.1,84,0,0,0,0,0,0,8.299999999999955,7.728035184492068
4769,L51948,L,303.6,312.0,1309,52.9,86,1,0,1,0,0,0,8.399999999999977,7.2514346349914724
4770,H34183,H,303.6,311.9,1544,37.1,88,0,0,0,0,0,0,8.299999999999955,5.9985989006664
4771,L51950,L,303.5,311.9,1344,49.3,93,1,0,1,0,0,0,8.399999999999977,6.93864719842456
4772,M19631,M,303.6,311.9,1617,36.0,95,0,0,0,0,0,0,8.299999999999955,6.095946385025634
4773,M19632,M,303.6,312.0,1435,37.9,98,0,0,0,0,0,0,8.399999999999977,5.6953409618153765
4774,L51953,L,303.6,312.0,1391,50.3,101,0,0,0,0,0,0,8.399999999999977,7.32695852238377
4775,L51954,L,303.6,312.0,1827,23.3,103,0,0,0,0,0,0,8.399999999999977,4.457825727664309
4776,L51955,L,303.5,312.0,1761,25.8,105,0,0,0,0,0,0,8.5,4.757816410155598
4777,L51956,L,303.5,312.1,1522,36.4,107,0,0,0,0,0,0,8.600000000000023,5.801558209433247
4778,M19637,M,303.5,312.2,1818,23.6,109,0,0,0,0,0,0,8.699999999999989,4.492980149457979
4779,H34192,H,303.6,312.2,1371,54.6,112,1,0,1,0,0,0,8.599999999999966,7.838964821090324
4780,L51959,L,303.7,312.3,1511,38.9,117,0,0,0,0,0,0,8.600000000000023,6.155207294447851
4781,L51960,L,303.7,312.4,1404,46.6,119,0,0,0,0,0,0,8.699999999999989,6.851436586360908
4782,L51961,L,303.7,312.3,1384,45.9,121,0,0,0,0,0,0,8.600000000000023,6.652385275829459
4783,L51962,L,303.8,312.5,1368,52.6,123,0,0,0,0,0,0,8.699999999999989,7.535298475194334
4784,L51963,L,303.7,312.5,1641,36.0,125,0,0,0,0,0,0,8.800000000000011,6.186424253449021
4785,L51964,L,303.9,312.6,1642,32.3,127,0,0,0,0,0,0,8.700000000000045,5.5539797643793465
4786,H34199,H,303.9,312.7,1401,50.0,129,0,0,0,0,0,0,8.800000000000011,7.335618846132167
4787,L51966,L,303.8,312.6,1577,41.3,134,0,0,0,0,0,0,8.800000000000011,6.820408122918951
4788,L51967,L,303.7,312.6,1396,44.1,136,0,0,0,0,0,0,8.900000000000034,6.446925116284687
4789,H34202,H,303.7,312.6,1514,35.5,138,0,0,0,0,0,0,8.900000000000034,5.628372678416355
4790,L51969,L,303.8,312.8,1646,35.8,143,0,0,0,0,0,0,9.0,6.1708000659851665
4791,L51970,L,303.8,312.8,1443,40.7,145,0,0,0,0,0,0,9.0,6.15020169015313
4792,M19651,M,303.7,312.7,1469,48.5,147,0,0,0,0,0,0,9.0,7.460916033132841
4793,H34206,H,303.7,312.7,1564,40.2,150,0,0,0,0,0,0,9.0,6.584024219687345
4794,H34207,H,303.6,312.6,1498,40.2,155,0,0,0,0,0,0,9.0,6.306181765403863
4795,L51974,L,303.6,312.6,1699,27.9,160,0,0,0,0,0,0,9.0,4.963936304157625
4796,L51975,L,303.6,312.5,1431,49.0,162,0,0,0,0,0,0,8.899999999999977,7.342844509235423
4797,L51976,L,303.5,312.4,1390,47.3,164,0,0,0,0,0,0,8.899999999999977,6.885009739852271
4798,L51977,L,303.5,312.5,1380,46.1,166,0,0,0,0,0,0,9.0,6.662061381202516
4799,L51978,L,303.5,312.5,1457,46.4,168,0,0,0,0,0,0,9.0,7.079558100913575
4800,L51979,L,303.5,312.5,1418,42.2,170,0,0,0,0,0,0,9.0,6.266388258458393
4801,M19660,M,303.5,312.5,1353,51.0,172,0,0,0,0,0,0,9.0,7.225977262521884
4802,L51981,L,303.5,312.4,1574,32.7,175,0,0,0,0,0,0,8.899999999999977,5.389904852057866
4803,M19662,M,303.5,312.4,1318,54.2,177,0,0,0,0,0,0,8.899999999999977,7.480718538825967
4804,L51983,L,303.6,312.5,1710,31.4,180,0,0,0,0,0,0,8.899999999999977,5.622822531395011
4805,L51984,L,303.7,312.6,1621,38.8,182,0,0,0,0,0,0,8.900000000000034,6.586328054299976
4806,L51985,L,303.6,312.6,1606,33.6,184,0,0,0,0,0,0,9.0,5.650845537865033
4807,H34220,H,303.6,312.5,1375,54.0,186,0,0,0,0,0,0,8.899999999999977,7.775441817634738
4808,L51987,L,303.5,312.4,1503,36.5,191,0,0,0,0,0,0,8.899999999999977,5.744873405986975
4809,L51988,L,303.5,312.3,1404,48.6,193,0,0,0,0,0,0,8.800000000000011,7.145489658736913
4810,L51989,L,303.4,312.2,1656,32.7,195,0,0,0,0,0,0,8.800000000000011,5.670700403435721
4811,M19670,M,303.4,312.1,1499,39.4,197,0,0,0,0,0,0,8.700000000000045,6.1848115692201775
4812,M19671,M,303.4,312.0,1748,28.4,200,0,0,0,0,0,0,8.600000000000023,5.198623747356293
4813,L51992,L,303.4,311.9,1531,37.9,203,0,0,0,0,0,0,8.5,6.076353318842745
4814,M19673,M,303.3,311.8,1536,40.6,205,0,0,0,0,0,0,8.5,6.530491480870175
4815,L51994,L,303.4,311.8,1401,53.0,208,1,0,0,0,1,0,8.400000000000034,7.775755976900097
4816,H34229,H,303.4,311.9,1534,33.2,210,0,0,0,0,0,0,8.5,5.333251464538129
4817,L51996,L,303.4,312.0,1521,35.9,215,1,1,0,0,0,0,8.600000000000023,5.718107036578391
4818,L51997,L,303.5,312.1,1674,30.8,0,0,0,0,0,0,0,8.600000000000023,5.399266798165563
4819,M19678,M,303.6,312.1,1967,20.9,2,0,0,0,0,0,0,8.5,4.305060548895749
4820,L51999,L,303.6,312.2,1696,30.7,5,0,0,0,0,0,0,8.599999999999966,5.452464433766348
4821,M19680,M,303.6,312.1,1627,32.5,7,0,0,0,0,0,0,8.5,5.537318851339809
4822,L52001,L,303.5,311.9,1405,45.6,10,0,0,0,0,0,0,8.399999999999977,6.709185271006363
4823,L52002,L,303.5,311.9,1565,38.9,12,0,0,0,0,0,0,8.399999999999977,6.375181612052208
4824,L52003,L,303.5,311.9,1493,38.7,14,0,0,0,0,0,0,8.399999999999977,6.0506132030343345
4825,L52004,L,303.4,311.8,1499,45.0,16,0,0,0,0,0,0,8.400000000000034,7.06387108159665
4826,L52005,L,303.3,311.8,1692,30.6,18,0,0,0,0,0,0,8.5,5.421886265271408
4827,L52006,L,303.4,311.8,2268,15.8,20,0,0,0,0,0,0,8.400000000000034,3.7525695928599365
4828,L52007,L,303.4,311.8,1438,58.9,22,0,0,0,0,0,0,8.400000000000034,8.869574763075969
4829,L52008,L,303.5,311.9,1515,39.2,24,0,0,0,0,0,0,8.399999999999977,6.219096817046355
4830,L52009,L,303.4,311.9,1491,38.2,26,0,0,0,0,0,0,8.5,5.9644393165463665
4831,L52010,L,303.5,312.0,1756,29.7,28,0,0,0,0,0,0,8.5,5.46147033270664
4832,L52011,L,303.5,312.0,1366,54.5,30,1,0,1,0,0,0,8.5,7.7960716093933105
4833,L52012,L,303.5,312.0,1436,45.1,32,0,0,0,0,0,0,8.5,6.782028332667597
4834,L52013,L,303.4,311.9,1377,41.6,34,1,0,1,0,0,0,8.5,5.9986826764704935
4835,M19694,M,303.4,311.9,1510,42.2,36,0,0,0,0,0,0,8.5,6.672952235734961
4836,M19695,M,303.4,311.9,1419,50.9,39,0,0,0,0,0,0,8.5,7.5636042250031785
4837,L52016,L,303.3,311.8,1315,62.0,42,1,0,1,0,0,0,8.5,8.537801634905861
4838,H34251,H,303.3,311.8,1806,27.7,44,0,0,0,0,0,0,8.5,5.238731413567123
4839,H34252,H,303.3,311.8,1649,29.4,49,0,0,0,0,0,0,8.5,5.076876560054178
4840,H34253,H,303.4,311.9,1402,50.0,54,0,0,0,0,0,0,8.5,7.34085483388815
4841,L52020,L,303.4,311.9,1298,63.9,59,1,0,1,0,0,0,8.5,8.685686873085844
4842,M19701,M,303.3,311.8,1441,44.9,61,0,0,0,0,0,0,8.5,6.775462404021595
4843,M19702,M,303.3,311.8,1489,49.4,64,0,0,0,0,0,0,8.5,7.702829139434765
4844,L52023,L,303.3,311.8,1842,24.5,67,0,0,0,0,0,0,8.5,4.725897828795126
4845,M19704,M,303.4,311.8,1316,50.9,69,1,0,1,0,0,0,8.400000000000034,7.014589964837339
4846,M19705,M,303.3,311.8,1583,33.3,72,0,0,0,0,0,0,8.5,5.520186699402233
4847,M19706,M,303.3,311.8,1548,33.5,75,0,0,0,0,0,0,8.5,5.430557060995317
4848,L52027,L,303.4,311.9,1434,44.6,78,0,0,0,0,0,0,8.5,6.697498546335008
4849,H34262,H,303.5,312.0,1397,52.9,80,0,0,0,0,0,0,8.5,7.738926039024513
4850,M19709,M,303.5,312.0,1475,42.9,85,0,0,0,0,0,0,8.5,6.6264043045842715
4851,L52030,L,303.5,312.0,1441,56.8,88,0,0,0,0,0,0,8.5,8.571186292838009
4852,L52031,L,303.7,312.1,1363,51.8,90,1,0,1,0,0,0,8.400000000000034,7.393570758615386
4853,L52032,L,303.7,312.2,1619,34.9,92,0,0,0,0,0,0,8.5,5.916990795501648
4854,L52033,L,303.7,312.2,1487,34.0,94,0,0,0,0,0,0,8.5,5.294421379339759
4855,L52034,L,303.7,312.2,1568,33.8,96,0,0,0,0,0,0,8.5,5.549979469733776
4856,L52035,L,303.7,312.3,1375,46.2,98,0,0,0,0,0,0,8.600000000000023,6.652322443976387
4857,M19716,M,303.6,312.3,1698,31.3,100,0,0,0,0,0,0,8.699999999999989,5.565582713246606
4858,L52037,L,303.7,312.3,1606,37.4,103,0,0,0,0,0,0,8.600000000000023,6.289929259409292
4859,L52038,L,303.7,312.3,1349,51.0,105,0,0,0,0,0,0,8.600000000000023,7.204614432477473
4860,L52039,L,303.7,312.4,1535,38.6,107,0,0,0,0,0,0,8.699999999999989,6.204750210594962
4861,M19720,M,303.6,312.4,1504,49.5,109,0,0,0,0,0,0,8.799999999999955,7.79617632914843
4862,L52041,L,303.5,312.3,1946,21.1,112,0,0,0,0,0,0,8.800000000000011,4.2998559770663025
4863,L52042,L,303.5,312.1,1326,55.7,114,0,0,0,0,0,0,8.600000000000023,7.734412617578856
4864,M19723,M,303.6,312.3,1915,22.3,116,0,0,0,0,0,0,8.699999999999989,4.47200478250751
4865,L52044,L,303.6,312.3,1451,43.4,119,0,0,0,0,0,0,8.699999999999989,6.594559027052383
4866,M19725,M,303.5,312.3,1624,34.8,121,0,0,0,0,0,0,8.800000000000011,5.918257904538596
4867,L52046,L,303.6,312.4,1781,28.7,124,0,0,0,0,0,0,8.799999999999955,5.3527188670148735
4868,L52047,L,303.6,312.5,1345,54.1,126,0,0,0,0,0,0,8.899999999999977,7.6198806214044845
4869,L52048,L,303.6,312.4,1418,46.0,128,0,0,0,0,0,0,8.799999999999955,6.830660186945167
4870,L52049,L,303.7,312.4,1718,26.5,130,0,0,0,0,0,0,8.699999999999989,4.767576291332751
4871,M19730,M,303.7,312.4,1631,28.5,132,0,0,0,0,0,0,8.699999999999989,4.867740737104705
4872,L52051,L,303.7,312.4,1513,40.1,135,0,0,0,0,0,0,8.699999999999989,6.353483678791414
4873,L52052,L,303.7,312.4,1316,59.3,137,0,0,0,0,0,0,8.699999999999989,8.172204025832105
4874,M19733,M,303.7,312.4,1474,38.8,139,0,0,0,0,0,0,8.699999999999989,5.989048458999486
4875,L52054,L,303.8,312.5,1619,30.9,142,0,0,0,0,0,0,8.699999999999989,5.2388256613467306
4876,L52055,L,303.7,312.4,1702,31.2,144,0,0,0,0,0,0,8.699999999999989,5.5608703242662205
4877,M19736,M,303.7,312.4,1540,37.4,146,0,0,0,0,0,0,8.699999999999989,6.031439015871923
4878,M19737,M,303.7,312.4,1546,33.7,149,0,0,0,0,0,0,8.699999999999989,5.455920185685299
4879,L52058,L,303.7,312.4,1348,51.0,152,0,0,0,0,0,0,8.699999999999989,7.19927372496637
4880,H34293,H,303.7,312.5,1520,35.6,154,0,0,0,0,0,0,8.800000000000011,5.66659538903503
4881,M19740,M,303.8,312.6,1527,41.9,159,0,0,0,0,0,0,8.800000000000011,6.700106068237487
4882,M19741,M,303.8,312.6,1406,47.1,162,0,0,0,0,0,0,8.800000000000011,6.934814455387181
4883,L52062,L,303.7,312.5,1462,46.2,165,0,0,0,0,0,0,8.800000000000011,7.073233027704347
4884,M19743,M,303.8,312.6,1684,29.3,167,0,0,0,0,0,0,8.800000000000011,5.166998381310157
4885,H34298,H,303.8,312.5,1655,28.0,170,0,0,0,0,0,0,8.699999999999989,4.852713452245034
4886,H34299,H,303.8,312.5,1748,25.1,175,0,0,0,0,0,0,8.699999999999989,4.594558311924049
4887,L52066,L,303.8,312.5,1372,45.7,180,0,0,0,0,0,0,8.699999999999989,6.565970533904716
4888,L52067,L,303.7,312.5,1481,33.3,182,0,0,0,0,0,0,8.800000000000011,5.164495579162797
4889,L52068,L,303.7,312.4,1512,39.2,184,0,0,0,0,0,0,8.699999999999989,6.206781773844282
4890,L52069,L,303.7,312.5,1632,36.6,186,0,0,0,0,0,0,8.800000000000011,6.255036637003422
4891,L52070,L,303.7,312.4,1525,43.9,188,0,0,0,0,0,0,8.699999999999989,7.010725805873423
4892,M19751,M,303.7,312.3,1756,26.4,190,0,0,0,0,0,0,8.600000000000023,4.854640295739236
4893,L52072,L,303.7,312.3,1922,23.1,193,0,0,0,0,0,0,8.600000000000023,4.649368631753679
4894,M19753,M,303.8,312.5,1448,44.3,195,0,0,0,0,0,0,8.699999999999989,6.717395299807742
4895,H34308,H,303.8,312.5,1447,46.6,198,0,0,0,0,0,0,8.699999999999989,7.061274031669683
4896,M19755,M,303.8,312.4,1597,33.4,203,0,0,0,0,0,0,8.599999999999966,5.585730794131628
4897,M19756,M,303.7,312.4,1642,32.3,206,0,0,0,0,0,0,8.699999999999989,5.5539797643793465
4898,H34311,H,303.8,312.5,1525,38.0,209,0,0,0,0,0,0,8.699999999999989,6.068509809184283
4899,H34312,H,303.6,312.4,1460,53.7,214,0,0,0,0,0,0,8.799999999999955,8.210238240891565
4900,L52079,L,303.6,312.3,2168,17.7,219,0,0,0,0,0,0,8.699999999999989,4.018473995059775
4901,L52080,L,303.6,312.4,1388,41.9,221,0,0,0,0,0,0,8.799999999999955,6.090207742445077
4902,M19761,M,303.6,312.3,1630,32.4,223,0,0,0,0,0,0,8.699999999999989,5.530459707379471
4903,L52082,L,303.6,312.3,1616,29.3,226,0,0,0,0,0,0,8.699999999999989,4.958354741209748
4904,L52083,L,303.6,312.4,2232,16.8,0,0,0,0,0,0,0,8.799999999999955,3.926739489574954
4905,H34318,H,303.6,312.4,1480,50.7,2,0,0,0,0,0,0,8.799999999999955,7.857751545158791
4906,L52085,L,303.6,312.4,1363,53.1,7,0,0,0,0,0,0,8.799999999999955,7.579123692711912
4907,H34320,H,303.6,312.4,1436,45.6,9,0,0,0,0,0,0,8.799999999999955,6.857217116843514
4908,M19767,M,303.6,312.5,1607,33.7,14,0,0,0,0,0,0,8.899999999999977,5.671192586284784
4909,M19768,M,303.6,312.5,1459,48.2,17,0,0,0,0,0,0,8.899999999999977,7.36429111508393
4910,L52089,L,303.5,312.4,1481,43.7,20,0,0,0,0,0,0,8.899999999999977,6.777431135417846
4911,M19770,M,303.5,312.4,1606,31.7,22,0,0,0,0,0,0,8.899999999999977,5.331303677092903
4912,L52091,L,303.5,312.3,1681,29.8,25,0,0,0,0,0,0,8.800000000000011,5.245810469013213
4913,L52092,L,303.5,312.2,1511,37.1,27,0,0,0,0,0,0,8.699999999999989,5.8703905044733995
4914,M19773,M,303.5,312.3,1593,35.2,29,0,0,0,0,0,0,8.800000000000011,5.872013660677755
4915,M19774,M,303.5,312.3,1532,41.7,32,0,0,0,0,0,0,8.800000000000011,6.689958723966393
4916,H34329,H,303.5,312.3,1386,49.0,35,0,0,0,0,0,0,8.800000000000011,7.111937449196573
4917,H34330,H,303.4,312.3,1769,27.9,40,0,0,0,0,0,0,8.900000000000034,5.16845398590632
4918,M19777,M,303.4,312.2,1561,38.2,45,0,0,0,0,0,0,8.800000000000011,6.244459941736336
4919,L52098,L,303.3,312.2,1457,40.7,48,0,0,0,0,0,0,8.899999999999977,6.209871006620314
4920,L52099,L,303.3,312.2,1506,40.0,50,0,0,0,0,0,0,8.899999999999977,6.308318048408304
4921,L52100,L,303.4,312.2,1337,69.4,52,1,0,0,1,0,0,8.800000000000011,9.716715694091969
4922,L52101,L,303.4,312.3,1287,54.8,54,0,0,0,0,0,0,8.900000000000034,7.3856330011773155
4923,M19782,M,303.4,312.2,1615,35.7,56,0,0,0,0,0,0,8.800000000000011,6.037669841301544
4924,M19783,M,303.4,312.2,1972,23.5,59,0,0,0,0,0,0,8.800000000000011,4.852922891755273
4925,H34338,H,303.4,312.3,1522,42.1,62,0,0,0,0,0,0,8.900000000000034,6.710043972998344
4926,L52105,L,303.4,312.3,1680,30.6,67,0,0,0,0,0,0,8.900000000000034,5.38343317119147
4927,L52106,L,303.4,312.3,1502,36.0,69,0,0,0,0,0,0,8.900000000000034,5.662406598830244
4928,M19787,M,303.5,312.3,1543,33.3,71,0,0,0,0,0,0,8.800000000000011,5.380699985582846
4929,L52108,L,303.5,312.3,1584,35.2,74,0,0,0,0,0,0,8.800000000000011,5.838838442255846
4930,L52109,L,303.5,312.4,1340,44.5,76,0,0,0,0,0,0,8.899999999999977,6.244438997785313
4931,L52110,L,303.4,312.3,1663,33.9,78,0,0,0,0,0,0,8.900000000000034,5.903649498699403
4932,M19791,M,303.3,312.1,1693,30.0,80,0,0,0,0,0,0,8.800000000000011,5.3187163625275184
4933,L52112,L,303.3,312.1,1418,44.7,83,0,0,0,0,0,0,8.800000000000011,6.637619790357586
4934,H34347,H,303.4,312.2,1554,36.8,85,0,0,0,0,0,0,8.800000000000011,5.988629579979007
4935,L52114,L,303.4,312.2,1580,35.8,90,0,0,0,0,0,0,8.800000000000011,5.923368228588434
4936,L52115,L,303.4,312.3,1479,42.8,92,0,0,0,0,0,0,8.900000000000034,6.628886162780606
4937,L52116,L,303.5,312.4,1284,70.6,94,1,0,0,1,0,0,8.899999999999977,9.492887689499206
4938,L52117,L,303.4,312.3,1540,38.7,96,0,0,0,0,0,0,8.900000000000034,6.241087965621483
4939,M19798,M,303.5,312.4,1606,30.1,98,0,0,0,0,0,0,8.899999999999977,5.062215794337425
4940,L52119,L,303.6,312.5,1286,62.4,101,0,0,0,0,0,0,8.899999999999977,8.403383357234267
4941,L52120,L,303.6,312.6,1502,39.5,103,0,0,0,0,0,0,9.0,6.212918351494295
4942,M19801,M,303.6,312.7,1699,31.5,105,0,0,0,0,0,0,9.099999999999966,5.604444214371512
4943,L52122,L,303.5,312.6,1602,34.2,108,0,0,0,0,0,0,9.100000000000023,5.7374278313979685
4944,H34357,H,303.6,312.6,1436,42.0,110,0,0,0,0,0,0,9.0,6.31585787077692
4945,M19804,M,303.6,312.7,1765,27.5,115,0,0,0,0,0,0,9.099999999999966,5.082835114120487
4946,L52125,L,303.6,312.7,1418,44.1,118,0,0,0,0,0,0,9.099999999999966,6.54852422270178
4947,M19806,M,303.7,312.7,1669,31.7,120,0,0,0,0,0,0,9.0,5.540439500042375
4948,L52127,L,303.7,312.7,1395,53.9,123,0,0,0,0,0,0,9.0,7.873930747324779
4949,M19808,M,303.8,312.7,1500,41.7,125,0,0,0,0,0,0,8.899999999999977,6.55022068273472
4950,M19809,M,303.8,312.7,1555,33.4,128,0,0,0,0,0,0,8.899999999999977,5.438829921649769
4951,M19810,M,303.8,312.7,1919,20.2,131,0,0,0,0,0,0,8.899999999999977,4.059335643507467
4952,L52131,L,303.8,312.7,1596,36.6,134,0,0,0,0,0,0,8.899999999999977,6.117057887657759
4953,M19812,M,303.8,312.7,1374,53.6,136,0,0,0,0,0,0,8.899999999999977,7.712232973444512
4954,L52133,L,303.7,312.5,1670,26.1,139,0,0,0,0,0,0,8.800000000000011,4.564419966400611
4955,L52134,L,303.7,312.6,1702,29.1,141,0,0,0,0,0,0,8.900000000000034,5.186580975517534
4956,M19815,M,303.8,312.5,1366,45.1,143,0,0,0,0,0,0,8.699999999999989,6.451428065754832
4957,M19816,M,303.8,312.5,2344,15.2,146,0,0,0,0,0,0,8.699999999999989,3.731039211207334
4958,M19817,M,303.8,312.6,1768,23.9,149,0,0,0,0,0,0,8.800000000000011,4.424954196532247
4959,L52138,L,303.8,312.5,1523,47.0,152,0,0,0,0,0,0,8.699999999999989,7.495944791220366
4960,L52139,L,303.8,312.6,1735,25.9,154,0,0,0,0,0,0,8.800000000000011,4.705739275934591
4961,L52140,L,303.9,312.7,1339,62.3,156,0,0,0,0,0,0,8.800000000000011,8.73569055615548
4962,L52141,L,303.9,312.7,1800,24.3,158,0,0,0,0,0,0,8.800000000000011,4.580442088933919
4963,M19822,M,304.0,312.7,1456,51.2,160,0,0,0,0,0,0,8.699999999999989,7.8065645288563
4964,L52143,L,303.9,312.7,1789,24.4,163,0,0,0,0,0,0,8.800000000000011,4.57118486258134
4965,L52144,L,303.9,312.7,1602,33.9,165,0,0,0,0,0,0,8.800000000000011,5.687099517087457
4966,M19825,M,303.8,312.7,1364,49.3,167,0,0,0,0,0,0,8.899999999999977,7.041900876972544
4967,L52146,L,303.8,312.6,1793,28.1,170,0,0,0,0,0,0,8.800000000000011,5.276126838120354
4968,L52147,L,303.9,312.6,1426,53.4,172,0,0,0,0,0,0,8.700000000000045,7.974241800753899
4969,M19828,M,303.9,312.7,1485,43.3,174,0,0,0,0,0,0,8.800000000000011,6.733532614071683
4970,L52149,L,303.9,312.7,1528,38.4,177,0,0,0,0,0,0,8.800000000000011,6.144452575597062
4971,L52150,L,303.8,312.6,1565,36.0,179,0,0,0,0,0,0,8.800000000000011,5.899911003441631
4972,L52151,L,303.8,312.7,1838,27.8,181,0,0,0,0,0,0,8.899999999999977,5.3508024954961835
4973,H34386,H,303.8,312.6,1811,24.9,183,0,0,0,0,0,0,8.800000000000011,4.722222165390426
4974,L52153,L,303.8,312.7,1461,38.2,188,0,0,0,0,0,0,8.899999999999977,5.844430477179237
4975,L52154,L,303.8,312.7,1414,41.7,190,0,0,0,0,0,0,8.899999999999977,6.174674696924596
4976,L52155,L,303.7,312.7,1426,45.5,192,0,0,0,0,0,0,9.0,6.794531871428885
4977,L52156,L,303.7,312.7,1359,56.8,194,1,0,0,0,1,0,9.0,8.08344356139268
4978,L52157,L,303.7,312.7,1540,44.8,196,0,0,0,0,0,0,9.0,7.224825345215566
4979,L52158,L,303.6,312.7,1429,47.7,198,0,0,0,0,0,0,9.099999999999966,7.1380440841479045
4980,M19839,M,303.7,312.7,1612,36.3,200,0,0,0,0,0,0,9.0,6.127739302679963
4981,M19840,M,303.7,312.8,1685,31.8,203,0,0,0,0,0,0,9.100000000000023,5.611198638576728
4982,M19841,M,303.7,312.8,1558,37.7,206,0,0,0,0,0,0,9.100000000000023,6.150882368561409
4983,L52162,L,303.7,313.0,1811,24.3,209,0,0,0,0,0,0,9.300000000000011,4.608433679477404
4984,L52163,L,303.8,313.1,1869,25.8,211,0,0,0,0,0,0,9.300000000000011,5.049607535821019
4985,L52164,L,303.8,313.1,1256,58.7,213,1,0,0,0,1,0,9.300000000000011,7.72069432965818
4986,M19845,M,303.8,313.0,1789,23.5,215,0,0,0,0,0,0,9.199999999999989,4.402575584863177
4987,L52166,L,303.7,312.9,1502,40.5,0,0,0,0,0,0,0,9.199999999999989,6.370207423684024
4988,M19847,M,303.7,313.0,1303,54.4,2,0,0,0,0,0,0,9.300000000000011,7.422871346097867
4989,L52168,L,303.8,313.1,2497,13.0,5,1,0,0,1,0,0,9.300000000000011,3.399307970939276
4990,L52169,L,303.9,313.2,1499,37.4,7,0,0,0,0,0,0,9.300000000000011,5.870861743371438
4991,L52170,L,303.9,313.2,1393,46.5,9,0,0,0,0,0,0,9.300000000000011,6.783169777998401
4992,M19851,M,303.9,313.0,1475,41.0,11,0,0,0,0,0,0,9.100000000000023,6.332927190861423
4993,L52172,L,303.8,312.9,1573,34.6,14,0,0,0,0,0,0,9.099999999999966,5.699456448191579
4994,L52173,L,303.8,312.9,1819,23.7,16,0,0,0,0,0,0,9.099999999999966,4.514500059135068
4995,M19854,M,303.5,312.6,1642,29.4,18,0,0,0,0,0,0,9.100000000000023,5.055325234450551
4996,L52175,L,303.6,312.6,1540,39.8,21,0,0,0,0,0,0,9.0,6.418483230794186
4997,M19856,M,303.6,312.8,1400,43.2,23,0,0,0,0,0,0,9.199999999999989,6.3334507896370225
4998,M19857,M,303.6,312.8,2659,11.4,26,1,0,0,1,0,0,9.199999999999989,3.174328049040199
4999,M19858,M,303.6,312.8,1825,25.2,29,0,0,0,0,0,0,9.199999999999989,4.816061537953153
5000,M19859,M,303.7,312.9,1532,41.3,32,0,0,0,0,0,0,9.199999999999989,6.625786458029064
5001,L52180,L,303.7,312.8,1832,23.6,35,0,0,0,0,0,0,9.100000000000023,4.527579556549514
5002,M19861,M,303.6,312.7,2174,17.6,37,0,0,0,0,0,0,9.099999999999966,4.006829158290471
5003,L52182,L,303.7,312.8,1627,31.7,40,0,0,0,0,0,0,9.100000000000023,5.40101561807606
5004,L52183,L,303.7,312.8,1437,51.3,42,0,0,0,0,0,0,9.100000000000023,7.71974137988659
5005,L52184,L,303.7,312.8,1364,46.3,44,0,0,0,0,0,0,9.100000000000023,6.613387639022897
5006,M19865,M,303.7,312.9,1444,52.7,46,0,0,0,0,0,0,9.199999999999989,7.969047700899965
5007,M19866,M,303.7,312.8,1366,47.3,49,0,0,0,0,0,0,9.100000000000023,6.7661318738404335
5008,L52187,L,303.8,312.9,1442,48.3,52,0,0,0,0,0,0,9.099999999999966,7.293584336427136
5009,H34422,H,303.7,312.8,1488,42.8,54,0,0,0,0,0,0,9.100000000000023,6.669224212452699
5010,L52189,L,303.7,312.8,1523,40.7,59,0,0,0,0,0,0,9.100000000000023,6.491169212822744
5011,L52190,L,303.7,312.8,1543,38.3,61,0,0,0,0,0,0,9.100000000000023,6.18861289633102
5012,M19871,M,303.7,312.8,1634,33.8,63,0,0,0,0,0,0,9.100000000000023,5.7835882994547125
5013,M19872,M,303.8,312.9,1815,27.8,66,0,0,0,0,0,0,9.099999999999966,5.2838446840726725
5014,M19873,M,303.8,312.9,1594,35.2,69,0,0,0,0,0,0,9.099999999999966,5.875699796057966
5015,L52194,L,303.8,313.0,1452,38.6,72,0,0,0,0,0,0,9.199999999999989,5.869249059142595
5016,L52195,L,303.9,313.0,1759,28.4,74,0,0,0,0,0,0,9.100000000000023,5.231338198855676
5017,L52196,L,303.9,313.0,1408,47.5,76,0,0,0,0,0,0,9.100000000000023,7.003657222402846
5018,L52197,L,303.9,313.0,1483,45.0,78,0,0,0,0,0,0,9.100000000000023,6.988472857910495
5019,M19878,M,303.9,313.0,1620,36.6,80,0,0,0,0,0,0,9.100000000000023,6.209043720554868
5020,M19879,M,304.0,313.1,1466,39.5,83,0,0,0,0,0,0,9.100000000000023,6.064006859714138
5021,L52200,L,304.1,313.1,1556,36.3,86,0,0,0,0,0,0,9.0,5.914864984472719
5022,L52201,L,304.0,313.0,1350,61.1,88,0,0,0,0,0,0,9.0,8.637809001045136
5023,L52202,L,304.0,313.1,1404,47.1,90,0,0,0,0,0,0,9.100000000000023,6.924949854454909
5024,M19883,M,304.0,313.0,1575,34.5,92,0,0,0,0,0,0,9.0,5.690209693814513
5025,L52204,L,303.9,313.1,1639,29.0,95,0,0,0,0,0,0,9.200000000000045,4.977434680592549
5026,M19885,M,303.9,313.1,1473,42.8,97,0,0,0,0,0,0,9.200000000000045,6.601994129665878
5027,L52206,L,303.9,313.2,1481,40.0,100,0,0,0,0,0,0,9.300000000000011,6.203598293288644
5028,L52207,L,304.0,313.3,1294,54.6,102,0,0,0,0,0,0,9.300000000000011,7.39870202661625
5029,M19888,M,303.9,313.2,1630,29.3,104,0,0,0,0,0,0,9.300000000000011,5.0013107847598315
5030,M19889,M,303.9,313.2,1624,39.8,107,0,0,0,0,0,0,9.300000000000011,6.7685823161102325
5031,M19890,M,303.9,313.1,1437,48.3,110,0,0,0,0,0,0,9.200000000000045,7.268294515565737
5032,M19891,M,303.8,313.0,1514,45.0,113,0,0,0,0,0,0,9.199999999999989,7.1345569163024205
5033,M19892,M,304.0,313.1,1694,31.4,116,0,0,0,0,0,0,9.100000000000023,5.5702113264228945
5034,L52213,L,304.0,313.1,1564,50.9,119,0,0,0,0,0,0,9.100000000000023,8.336488377663827
5035,M19894,M,303.9,313.1,1514,41.1,121,0,0,0,0,0,0,9.200000000000045,6.516228650222878
5036,M19895,M,304.0,313.2,1500,40.6,124,0,0,0,0,0,0,9.199999999999989,6.37743308678728
5037,L52216,L,304.0,313.2,1615,37.8,127,0,0,0,0,0,0,9.199999999999989,6.39282689078987
5038,M19897,M,304.1,313.2,1586,41.1,129,0,0,0,0,0,0,9.099999999999966,6.826115349572975
5039,L52218,L,304.1,313.3,1732,28.5,132,0,0,0,0,0,0,9.199999999999989,5.169176552216645
5040,H34453,H,304.1,313.3,1689,32.5,134,0,0,0,0,0,0,9.199999999999989,5.748329157905924
5041,H34454,H,304.1,313.2,1586,34.6,139,0,0,0,0,0,0,9.099999999999966,5.746559394044402
5042,L52221,L,304.0,313.2,1314,47.1,144,0,0,0,0,0,0,9.199999999999989,6.481042812502671
5043,L52222,L,304.1,313.2,1569,35.8,146,0,0,0,0,0,0,9.099999999999966,5.882129589022313
5044,L52223,L,304.1,313.2,1468,39.4,148,0,0,0,0,0,0,9.099999999999966,6.056906860317025
5045,L52224,L,304.1,313.2,1412,47.5,150,0,0,0,0,0,0,9.099999999999966,7.02355397587558
5046,M19905,M,304.1,313.2,1510,46.9,152,0,0,0,0,0,0,9.099999999999966,7.416148337819185
5047,M19906,M,304.1,313.2,1410,42.4,155,0,0,0,0,0,0,9.099999999999966,6.260565840073739
5048,M19907,M,304.1,313.3,1680,29.3,158,0,0,0,0,0,0,9.199999999999989,5.154725226010133
5049,H34462,H,304.0,313.2,1271,68.6,161,1,0,0,1,0,0,9.199999999999989,9.130578280736204
5050,H34463,H,304.0,313.1,1472,45.5,166,0,0,0,0,0,0,9.100000000000023,7.013710318894333
5051,H34464,H,304.0,313.0,1701,30.4,171,0,0,0,0,0,0,9.0,5.415100425139654
5052,L52231,L,303.9,313.0,1480,39.9,176,0,0,0,0,0,0,9.100000000000023,6.183910979326149
5053,L52232,L,303.9,313.0,1433,48.4,178,0,0,0,0,0,0,9.100000000000023,7.263068999785267
5054,L52233,L,303.8,312.9,1514,34.3,180,0,0,0,0,0,0,9.099999999999966,5.438117827314955
5055,L52234,L,303.8,312.9,1619,35.7,182,0,0,0,0,0,0,9.099999999999966,6.052623822332632
5056,H34469,H,303.8,312.9,1378,45.6,184,0,0,0,0,0,0,9.099999999999966,6.580254308503037
5057,M19916,M,303.9,312.9,1430,53.5,189,0,0,0,0,0,0,9.0,8.01158486542957
5058,L52237,L,303.8,312.9,1367,49.9,192,0,0,0,0,0,0,9.099999999999966,7.143280071903888
5059,L52238,L,303.9,312.9,1526,42.5,194,0,0,0,0,0,0,9.0,6.791599718285535
5060,L52239,L,303.9,312.8,1419,47.9,196,0,0,0,0,0,0,8.900000000000034,7.117812227458786
5061,L52240,L,304.0,312.8,1542,42.7,198,0,0,0,0,0,0,8.800000000000011,6.895104724245806
5062,L52241,L,304.0,312.9,1363,62.5,200,1,0,0,0,1,0,8.899999999999977,8.920814139256015
5063,L52242,L,304.0,312.9,1313,53.9,202,0,0,0,0,0,0,8.899999999999977,7.411090373646906
5064,H34477,H,304.0,312.9,1495,46.6,0,0,0,0,0,0,0,8.899999999999977,7.295511179921338
5065,L52244,L,304.0,313.0,1407,42.1,5,0,0,0,0,0,0,9.0,6.20304327858651
5066,L52245,L,304.1,313.0,1566,37.2,7,0,0,0,0,0,0,8.899999999999977,6.100470278446805
5067,L52246,L,304.1,313.1,1550,30.9,9,0,0,0,0,0,0,9.0,5.015552671456104
5068,M19927,M,304.2,313.2,1396,50.5,11,0,0,0,0,0,0,9.0,7.382533296425774
5069,M19928,M,304.3,313.3,1540,39.0,14,0,0,0,0,0,0,9.0,6.289468492486765
5070,M19929,M,304.2,313.2,1380,48.7,17,0,0,0,0,0,0,9.0,7.037795862571855
5071,M19930,M,304.2,313.1,1608,31.1,20,0,0,0,0,0,0,8.900000000000034,5.236909289828041
5072,H34485,H,304.2,313.0,1442,40.9,23,0,0,0,0,0,0,8.800000000000011,6.176140773496271
5073,L52252,L,304.1,313.0,1408,45.3,28,0,0,0,0,0,0,8.899999999999977,6.6792773089441875
5074,M19933,M,304.0,313.0,1454,46.8,30,0,0,0,0,0,0,9.0,7.12588612057851
5075,L52254,L,304.1,313.1,1666,34.6,33,0,0,0,0,0,0,9.0,6.0364236762156205
5076,L52255,L,304.1,313.2,1366,46.6,35,0,0,0,0,0,0,9.099999999999966,6.665998843995014
5077,L52256,L,304.2,313.2,1464,44.9,37,0,0,0,0,0,0,9.0,6.883606495133668
5078,L52257,L,304.3,313.3,1775,24.9,39,0,0,0,0,0,0,9.0,4.628351376901162
5079,M19938,M,304.3,313.4,1482,43.8,41,0,0,0,0,0,0,9.099999999999966,6.797526856425306
5080,M19939,M,304.2,313.4,1411,54.8,44,0,0,0,0,0,0,9.199999999999989,8.097224681166427
5081,L52260,L,304.2,313.3,1410,51.6,47,0,0,0,0,0,0,9.100000000000023,7.618990503485967
5082,M19941,M,304.1,313.3,1494,39.0,49,0,0,0,0,0,0,9.199999999999989,6.101601251802096
5083,H34496,H,304.1,313.2,1590,43.4,52,0,0,0,0,0,0,9.099999999999966,7.226291421787242
5084,L52263,L,304.1,313.1,1327,54.1,57,0,0,0,0,0,0,9.0,7.517904523868959
5085,L52264,L,304.1,313.1,1969,20.8,59,0,0,0,0,0,0,9.0,4.28881851487669
5086,M19945,M,304.0,313.0,1377,56.0,61,0,0,0,0,0,0,9.0,8.075149756787203
5087,L52266,L,304.0,313.0,1541,45.9,64,0,0,0,0,0,0,9.0,7.407027247148263
5088,M19947,M,304.0,313.0,1685,28.2,66,0,0,0,0,0,0,9.0,4.975968604020873
5089,L52268,L,304.0,313.1,1465,41.0,69,0,0,0,0,0,0,9.100000000000023,6.289992091262364
5090,M19949,M,303.9,313.1,1483,47.2,71,0,0,0,0,0,0,9.200000000000045,7.3301315309638975
5091,M19950,M,303.9,313.2,1570,40.7,74,0,0,0,0,0,0,9.300000000000011,6.691487632391141
5092,L52271,L,303.9,313.2,1345,48.2,77,0,0,0,0,0,0,9.300000000000011,6.7888770046524245
5093,M19952,M,303.9,313.2,1608,40.6,79,0,0,0,0,0,0,9.300000000000011,6.836608269035964
5094,M19953,M,304.0,313.3,1415,52.8,82,0,0,0,0,0,0,9.300000000000011,7.82382234450002
5095,M19954,M,304.1,313.5,1470,45.8,85,0,0,0,0,0,0,9.399999999999977,7.050362233186213
5096,M19955,M,304.1,313.5,1428,39.9,88,0,0,0,0,0,0,9.399999999999977,5.9666384314038785
5097,H34510,H,304.2,313.5,1627,32.2,91,0,0,0,0,0,0,9.300000000000011,5.486205138865904
5098,L52277,L,304.2,313.4,1457,49.4,96,0,0,0,0,0,0,9.199999999999989,7.537288150541607
5099,L52278,L,304.2,313.4,1475,40.2,98,0,0,0,0,0,0,9.199999999999989,6.209357879820226
5100,L52279,L,304.2,313.5,1438,50.1,100,0,0,0,0,0,0,9.300000000000011,7.544409093889744
5101,M19960,M,304.2,313.5,1437,47.2,102,0,0,0,0,0,0,9.300000000000011,7.102763998648093
5102,M19961,M,304.1,313.4,1518,42.4,105,0,0,0,0,0,0,9.299999999999955,6.740098542717685
5103,M19962,M,304.1,313.5,1587,33.6,108,0,0,0,0,0,0,9.399999999999977,5.583992446196642
5104,L52283,L,304.1,313.4,1399,43.7,111,0,0,0,0,0,0,9.299999999999955,6.402178364922057
5105,L52284,L,304.1,313.5,1469,44.6,113,0,0,0,0,0,0,9.399999999999977,6.8609660840767965
5106,L52285,L,304.1,313.4,1374,56.6,115,0,0,0,0,0,0,9.299999999999955,8.143887804047749
5107,L52286,L,304.0,313.3,1519,36.7,117,0,0,0,0,0,0,9.300000000000011,5.83784360458221
5108,L52287,L,303.9,313.2,1540,44.4,119,0,0,0,0,0,0,9.300000000000011,7.160317976061856
5109,L52288,L,303.9,313.3,1394,51.6,121,0,0,0,0,0,0,9.400000000000034,7.532533873659176
5110,M19969,M,304.0,313.4,1389,45.8,123,0,0,0,0,0,0,9.399999999999977,6.6618728856433
5111,M19970,M,304.0,313.5,1732,26.2,126,0,0,0,0,0,0,9.5,4.752014935721968
5112,L52291,L,304.1,313.6,1556,37.4,129,0,0,0,0,0,0,9.5,6.094103317335528
5113,M19972,M,304.1,313.6,1441,43.7,131,0,0,0,0,0,0,9.5,6.594381003468681
5114,L52293,L,304.1,313.6,1382,46.7,134,0,0,0,0,0,0,9.5,6.758550163569771
5115,M19974,M,304.2,313.8,1481,44.9,136,0,0,0,0,0,0,9.600000000000023,6.963539084216503
5116,M19975,M,304.2,313.7,2113,18.4,139,0,0,0,0,0,0,9.5,4.071420303248275
5117,L52296,L,304.2,313.8,1401,53.9,142,0,0,0,0,0,0,9.600000000000023,7.907797116130475
5118,L52297,L,304.1,313.6,1611,31.4,144,0,0,0,0,0,0,9.5,5.297290700630037
5119,M19978,M,304.2,313.6,1512,33.4,146,0,0,0,0,0,0,9.400000000000034,5.288431409346914
5120,L52299,L,304.2,313.6,1411,46.0,149,0,0,0,0,0,0,9.400000000000034,6.796940425796637
5121,M19980,M,304.2,313.6,1424,43.7,151,0,0,0,0,0,0,9.400000000000034,6.516584697390284
5122,L52301,L,304.2,313.6,1469,40.0,154,0,0,0,0,0,0,9.400000000000034,6.153332810831208
5123,H34536,H,304.2,313.5,1684,29.8,156,0,0,0,0,0,0,9.300000000000011,5.25517241512091
5124,M19983,M,304.2,313.5,1532,41.3,161,0,0,0,0,0,0,9.300000000000011,6.625786458029064
5125,M19984,M,304.2,313.5,1557,37.3,164,0,0,0,0,0,0,9.300000000000011,6.081714970304873
5126,M19985,M,304.3,313.5,1416,48.1,167,0,0,0,0,0,0,9.199999999999989,7.13242063329798
5127,L52306,L,304.3,313.5,1802,25.4,170,0,0,0,0,0,0,9.199999999999989,4.793106967630924
5128,M19987,M,304.3,313.5,2245,15.1,172,0,0,0,0,0,0,9.199999999999989,3.5499473386789058
5129,L52308,L,304.2,313.4,1434,42.5,175,0,0,0,0,0,0,9.199999999999989,6.382145475767665
5130,M19989,M,304.1,313.3,1725,28.3,177,0,0,0,0,0,0,9.199999999999989,5.11215664555399
5131,L52310,L,304.2,313.3,1668,35.7,180,0,0,0,0,0,0,9.100000000000023,6.2358100899634525
5132,L52311,L,304.1,313.3,1452,43.9,182,0,0,0,0,0,0,9.199999999999989,6.675130406641449
5133,L52312,L,304.1,313.3,1415,50.0,184,0,0,0,0,0,0,9.199999999999989,7.408922674715929
5134,L52313,L,304.1,313.2,1824,25.8,186,0,0,0,0,0,0,9.099999999999966,4.928027900127094
5135,L52314,L,304.1,313.3,1438,45.5,188,0,0,0,0,0,0,9.199999999999989,6.851708857724219
5136,L52315,L,304.1,313.3,1883,24.5,190,0,0,0,0,0,0,9.199999999999989,4.8310888228128235
5137,L52316,L,304.2,313.4,1735,28.9,192,0,0,0,0,0,0,9.199999999999989,5.25080560133242
5138,L52317,L,304.3,313.5,1464,36.7,194,0,0,0,0,0,0,9.199999999999989,5.626466778873176
5139,M19998,M,304.3,313.6,1489,40.3,196,0,0,0,0,0,0,9.300000000000011,6.2838869295388875
5140,M19999,M,304.4,313.6,1510,38.9,199,0,0,0,0,0,0,9.200000000000045,6.151133695973694
5141,M20000,M,304.3,313.6,1585,32.1,202,0,0,0,0,0,0,9.300000000000011,5.327984060855609
5142,L52321,L,304.4,313.7,1509,35.0,205,1,1,0,0,0,0,9.300000000000011,5.5307738666448305
5143,L52322,L,304.4,313.6,1568,39.1,0,0,0,0,0,0,0,9.200000000000045,6.420242522680197
5144,M20003,M,304.3,313.5,1525,42.0,2,0,0,0,0,0,0,9.199999999999989,6.707300315414209
5145,L52324,L,304.4,313.7,1607,33.5,5,0,0,0,0,0,0,9.300000000000011,5.637535656989324
5146,L52325,L,304.5,313.7,1670,32.9,7,0,0,0,0,0,0,9.199999999999989,5.753617505539467
5147,L52326,L,304.4,313.6,1585,38.9,9,0,0,0,0,0,0,9.200000000000045,6.456653581535302
5148,L52327,L,304.4,313.6,1569,38.4,11,0,0,0,0,0,0,9.200000000000045,6.309323358057453
5149,L52328,L,304.4,313.6,1507,43.1,13,0,0,0,0,0,0,9.200000000000045,6.801726118605607
5150,L52329,L,304.3,313.5,1452,41.5,15,0,0,0,0,0,0,9.199999999999989,6.310203004000459
5151,L52330,L,304.3,313.5,1590,29.8,17,0,0,0,0,0,0,9.199999999999989,4.961831437079719
5152,L52331,L,304.3,313.6,1409,56.0,19,0,0,0,0,0,0,9.300000000000011,8.262807557961635
5153,L52332,L,304.3,313.5,2643,12.7,21,0,0,0,0,0,0,9.199999999999989,3.515033772322012
5154,L52333,L,304.2,313.4,1644,31.7,23,0,0,0,0,0,0,9.199999999999989,5.457449094110044
5155,L52334,L,304.2,313.4,1568,37.6,25,0,0,0,0,0,0,9.199999999999989,6.173941658638757
5156,H34569,H,304.2,313.3,1625,37.3,27,0,0,0,0,0,0,9.100000000000023,6.347326157190377
5157,L52336,L,304.2,313.4,1482,41.4,32,0,0,0,0,0,0,9.199999999999989,6.425059631415701
5158,H34571,H,304.1,313.3,1397,49.6,34,0,0,0,0,0,0,9.199999999999989,7.256157495947369
5159,L52338,L,304.1,313.3,1459,50.3,39,0,0,0,0,0,0,9.199999999999989,7.685141972795055
5160,L52339,L,304.2,313.4,1490,44.0,41,0,0,0,0,0,0,9.199999999999989,6.865427145644894
5161,L52340,L,304.1,313.2,1434,50.1,43,0,0,0,0,0,0,9.099999999999966,7.523423254963765
5162,M20021,M,304.1,313.2,2028,18.9,45,0,0,0,0,0,0,9.099999999999966,4.013824437932463
5163,L52342,L,304.2,313.3,1464,45.9,48,0,0,0,0,0,0,9.100000000000023,7.03691621662885
5164,M20023,M,304.2,313.4,1713,23.5,50,0,0,0,0,0,0,9.199999999999989,4.215546102219464
5165,M20024,M,304.3,313.4,1624,32.1,53,0,0,0,0,0,0,9.099999999999966,5.459082722289912
5166,L52345,L,304.2,313.4,1421,43.4,56,0,0,0,0,0,0,9.199999999999989,6.458213905886586
5167,H34580,H,304.2,313.5,1546,41.4,58,0,0,0,0,0,0,9.300000000000011,6.702525094580751
5168,L52347,L,304.2,313.4,1639,32.7,63,0,0,0,0,0,0,9.199999999999989,5.612486691564702
5169,H34582,H,304.1,313.4,1696,29.6,65,0,0,0,0,0,0,9.299999999999955,5.257099258615112
5170,L52349,L,304.1,313.3,1470,39.9,70,0,0,0,0,0,0,9.199999999999989,6.142127797033404
5171,M20030,M,304.1,313.3,1480,38.4,72,0,0,0,0,0,0,9.199999999999989,5.951433122960504
5172,M20031,M,304.2,313.4,1329,54.5,75,0,0,0,0,0,0,9.199999999999989,7.584904223194517
5173,L52352,L,304.2,313.4,1740,28.2,78,0,0,0,0,0,0,9.199999999999989,5.138388944211465
5174,M20033,M,304.2,313.5,1739,28.1,80,0,0,0,0,0,0,9.300000000000011,5.117225081701782
5175,M20034,M,304.2,313.5,1390,47.8,83,0,0,0,0,0,0,9.300000000000011,6.957789969660434
5176,L52355,L,304.2,313.4,1740,23.7,86,0,0,0,0,0,0,9.199999999999989,4.318433261624529
5177,M20036,M,304.0,313.3,1844,27.1,88,0,0,0,0,0,0,9.300000000000011,5.233097490741685
5178,H34591,H,304.0,313.1,1388,53.2,91,0,0,0,0,0,0,9.100000000000023,7.732674269643869
5179,H34592,H,304.0,313.2,1517,43.1,96,0,0,0,0,0,0,9.199999999999989,6.84686033306218
5180,M20039,M,304.0,313.1,1450,42.8,101,0,0,0,0,0,0,9.100000000000023,6.498908002726084
5181,L52360,L,304.0,313.2,1584,38.7,104,0,0,0,0,0,0,9.199999999999989,6.41940476463924
5182,L52361,L,304.0,313.1,1720,28.7,106,0,0,0,0,0,0,9.100000000000023,5.169385991726885
5183,L52362,L,303.9,313.1,1586,31.9,108,0,0,0,0,0,0,9.200000000000045,5.298128458670995
5184,M20043,M,303.9,313.0,1901,22.5,110,0,0,0,0,0,0,9.100000000000023,4.479125725855647
5185,L52364,L,304.0,313.0,1397,42.4,113,0,0,0,0,0,0,9.0,6.202844311051783
5186,L52365,L,304.0,313.0,2012,21.1,115,0,0,0,0,0,0,9.0,4.445688708045941
5187,L52366,L,304.0,313.0,2354,15.0,117,0,0,0,0,0,0,9.0,3.697654553275186
5188,L52367,L,304.0,313.1,1648,35.7,119,0,0,0,0,0,0,9.100000000000023,6.161040184808016
5189,L52368,L,304.0,313.2,1632,30.6,121,0,0,0,0,0,0,9.199999999999989,5.229620794871714
5190,M20049,M,304.1,313.2,1427,46.9,123,0,0,0,0,0,0,9.099999999999966,7.008505747064885
5191,L52370,L,304.1,313.2,1452,48.0,126,0,0,0,0,0,0,9.099999999999966,7.2985480528198075
5192,L52371,L,304.0,313.2,1416,46.0,128,0,0,0,0,0,0,9.199999999999989,6.821025969474158
5193,L52372,L,303.9,313.1,1310,62.9,130,0,0,0,0,0,0,9.200000000000045,8.628803102104845
5194,H34607,H,304.0,313.1,1408,39.8,132,0,0,0,0,0,0,9.100000000000023,5.868327525297542
5195,M20054,M,303.9,313.1,1668,34.4,137,0,0,0,0,0,0,9.200000000000045,6.008735772961981
5196,L52375,L,303.9,313.0,1551,36.8,140,0,0,0,0,0,0,9.100000000000023,5.977068519013796
5197,H34610,H,303.9,313.0,1517,36.0,142,0,0,0,0,0,0,9.100000000000023,5.718955266594859
5198,H34611,H,303.8,312.9,1570,35.8,147,0,0,0,0,0,0,9.099999999999966,5.885878556255597
5199,L52378,L,303.8,312.8,1428,53.3,152,0,0,0,0,0,0,9.0,7.970471889569592
5200,L52379,L,303.8,312.8,1503,40.0,154,0,0,0,0,0,0,9.0,6.2957516777939455
5201,L52380,L,303.8,312.8,1416,58.7,156,0,0,0,0,0,0,9.0,8.704222269742026
5202,M20061,M,303.7,312.7,1396,47.3,158,0,0,0,0,0,0,9.0,6.91472920635523
5203,L52382,L,303.7,312.7,1335,51.1,161,0,0,0,0,0,0,9.0,7.143824614630511
5204,M20063,M,303.7,312.6,1671,30.5,163,0,0,0,0,0,0,8.900000000000034,5.337094679551021
5205,L52384,L,303.7,312.7,1989,22.4,166,0,0,0,0,0,0,9.0,4.665642081699274
5206,L52385,L,303.7,312.7,1468,43.3,168,0,0,0,0,0,0,9.0,6.6564484023281
5207,H34620,H,303.7,312.6,1711,27.6,170,0,0,0,0,0,0,8.900000000000034,4.945243827868765
5208,M20067,M,303.8,312.7,1488,41.3,175,0,0,0,0,0,0,8.899999999999977,6.435489719025618
5209,L52388,L,303.8,312.7,1664,29.3,178,0,0,0,0,0,0,8.899999999999977,5.105632604810037
5210,M20069,M,303.8,312.7,1507,38.5,180,0,0,0,0,0,0,8.899999999999977,6.0757878321650995
5211,L52390,L,303.7,312.6,1466,42.5,183,0,0,0,0,0,0,8.900000000000034,6.524564342730402
5212,L52391,L,303.7,312.5,1433,53.6,185,0,0,0,0,0,0,8.800000000000011,8.043398727034923
5213,L52392,L,303.7,312.5,1397,45.7,187,0,0,0,0,0,0,8.800000000000011,6.685612854128927
5214,M20073,M,303.7,312.6,1429,43.3,189,0,0,0,0,0,0,8.900000000000034,6.479608151857532
5215,L52394,L,303.7,312.7,1572,37.2,192,0,0,0,0,0,0,9.0,6.123843727789513
5216,M20075,M,303.7,312.7,1532,42.7,194,0,0,0,0,0,0,9.0,6.850389388809711
5217,M20076,M,303.7,312.7,1316,51.8,197,0,0,0,0,0,0,9.0,7.138620042801063
5218,M20077,M,303.8,312.8,1420,47.9,200,0,0,0,0,0,0,9.0,7.122828303729017
5219,L52398,L,303.8,312.9,1589,37.2,203,0,0,0,0,0,0,9.099999999999966,6.190068500927184
5220,L52399,L,303.8,313.0,1365,59.9,205,1,0,0,0,1,0,9.199999999999989,8.5622536977263
5221,L52400,L,303.8,313.0,1633,32.9,207,0,0,0,0,0,0,9.199999999999989,5.626142147632305
5222,L52401,L,303.9,313.0,1626,31.4,209,0,0,0,0,0,0,9.100000000000023,5.3466137052913965
5223,L52402,L,303.9,313.1,1665,29.6,0,0,0,0,0,0,0,9.200000000000045,5.161008411317312
5224,M20083,M,303.9,313.2,1350,47.2,2,0,0,0,0,0,0,9.300000000000011,6.672742796224721
5225,L52404,L,303.9,313.2,1590,31.9,5,0,0,0,0,0,0,9.300000000000011,5.3114906994242626
5226,M20085,M,304.0,313.2,1437,53.9,7,0,0,0,0,0,0,9.199999999999989,8.110995328964664
5227,L52406,L,303.9,313.0,1403,48.3,10,0,0,0,0,0,0,9.100000000000023,7.096323733708233
5228,L52407,L,303.9,313.1,1440,41.1,12,0,0,0,0,0,0,9.200000000000045,6.1977339870019446
5229,M20088,M,303.9,313.1,1343,61.4,14,0,0,0,0,0,0,9.200000000000045,8.635211951118167
5230,H34643,H,303.9,313.1,1790,26.7,17,0,0,0,0,0,0,9.200000000000045,5.004871256433899
5231,M20090,M,303.8,313.1,2117,18.6,22,0,0,0,0,0,0,9.300000000000011,4.123466021542748
5232,L52411,L,303.8,313.1,1458,42.2,25,0,0,0,0,0,0,9.300000000000011,6.443155205100379
5233,L52412,L,303.6,312.9,1381,57.8,27,0,0,0,0,0,0,9.299999999999955,8.358919349210458
5234,L52413,L,303.6,312.9,1450,45.3,29,0,0,0,0,0,0,9.299999999999955,6.878517115034851
5235,L52414,L,303.7,312.9,1461,50.1,31,0,0,0,0,0,0,9.199999999999989,7.665077667714129
5236,M20095,M,303.7,312.9,1511,41.0,33,0,0,0,0,0,0,9.199999999999989,6.4874935494180415
5237,L52416,L,303.8,313.1,1394,45.4,36,0,0,0,0,0,0,9.300000000000011,6.627461974110979
5238,L52417,L,303.8,313.0,1499,42.3,38,0,0,0,0,0,0,9.199999999999989,6.640038816700851
5239,L52418,L,303.7,313.0,1457,44.1,40,0,0,0,0,0,0,9.300000000000011,6.728631729532082
5240,L52419,L,303.7,313.0,1753,29.0,42,0,0,0,0,0,0,9.300000000000011,5.323638191018143
5241,L52420,L,303.7,313.0,1694,28.0,44,0,0,0,0,0,0,9.300000000000011,4.967067424835702
5242,L52421,L,303.7,313.1,1683,28.4,46,0,0,0,0,0,0,9.400000000000034,5.005311079405402
5243,L52422,L,303.7,313.1,1496,47.4,48,0,0,0,0,0,0,9.400000000000034,7.425719723437123
5244,L52423,L,303.7,313.1,1721,34.8,50,0,0,0,0,0,0,9.400000000000034,6.271749909920519
5245,L52424,L,303.6,313.0,1593,31.6,52,0,0,0,0,0,0,9.399999999999977,5.271466809017529
5246,L52425,L,303.6,313.0,1575,38.3,54,0,0,0,0,0,0,9.399999999999977,6.316957428205676
5247,L52426,L,303.5,313.0,1465,41.0,56,0,0,0,0,0,0,9.5,6.289992091262364
5248,L52427,L,303.6,313.1,1405,38.3,58,0,0,0,0,0,0,9.5,5.635127102621571
5249,M20108,M,303.5,313.0,1902,21.6,60,0,0,0,0,0,0,9.5,4.302222643532006
5250,M20109,M,303.4,312.9,1422,39.9,63,0,0,0,0,0,0,9.5,5.941568522028232
5251,L52430,L,303.5,312.9,1332,52.9,66,0,0,0,0,0,0,9.399999999999977,7.378847161045562
5252,M20111,M,303.4,312.9,1307,54.3,68,0,0,0,0,0,0,9.5,7.431971492817765
5253,L52432,L,303.5,313.0,1322,59.5,71,0,0,0,0,0,0,9.5,8.237151217957317
5254,L52433,L,303.5,313.0,1547,40.3,73,0,0,0,0,0,0,9.5,6.528658885155581
5255,L52434,L,303.5,313.1,1897,23.6,75,0,0,0,0,0,0,9.600000000000023,4.688219660903074
5256,M20115,M,303.5,313.0,1403,51.9,77,0,0,0,0,0,0,9.5,7.625242272866609
5257,L52436,L,303.5,313.0,1393,51.6,80,0,0,0,0,0,0,9.5,7.527130334295
5258,L52437,L,303.5,313.0,1482,38.5,82,0,0,0,0,0,0,9.5,5.974995067862428
5259,M20118,M,303.5,312.9,1572,44.7,84,0,0,0,0,0,0,9.399999999999977,7.358489640650301
5260,L52439,L,303.5,312.9,1544,36.9,87,0,0,0,0,0,0,9.399999999999977,5.9662614402854475
5261,M20120,M,303.5,313.0,1492,46.1,89,0,0,0,0,0,0,9.5,7.202750420836343
5262,L52441,L,303.4,312.8,1513,35.8,92,0,0,0,0,0,0,9.400000000000034,5.672187423958419
5263,L52442,L,303.4,312.8,1449,43.9,94,0,0,0,0,0,0,9.400000000000034,6.661338814892189
5264,L52443,L,303.5,312.8,1877,22.3,96,0,0,0,0,0,0,9.300000000000011,4.383265262019111
5265,L52444,L,303.4,312.8,1376,53.4,98,0,0,0,0,0,0,9.400000000000034,7.694640054584408
5266,M20125,M,303.5,312.9,1883,23.3,100,0,0,0,0,0,0,9.399999999999977,4.594464064144441
5267,M20126,M,303.4,312.8,1518,38.7,103,0,0,0,0,0,0,9.400000000000034,6.151929566112606
5268,M20127,M,303.5,312.9,1438,42.8,106,0,0,0,0,0,0,9.399999999999977,6.4451239364966275
5269,L52448,L,303.4,312.9,1389,54.1,109,0,0,0,0,0,0,9.5,7.869155526491321
5270,L52449,L,303.5,312.9,1504,44.8,111,0,0,0,0,0,0,9.399999999999977,7.05593332415858
5271,L52450,L,303.5,312.9,1275,64.4,113,0,0,0,0,0,0,9.399999999999977,8.598539092875264
5272,L52451,L,303.6,313.0,1534,39.7,115,0,0,0,0,0,0,9.399999999999977,6.377412142836257
5273,M20132,M,303.6,313.0,1396,38.2,117,0,0,0,0,0,0,9.399999999999977,5.584411325217121
5274,L52453,L,303.6,313.1,1395,44.1,120,0,0,0,0,0,0,9.5,6.44230697508391
5275,L52454,L,303.6,313.0,1617,30.9,122,0,0,0,0,0,0,9.399999999999977,5.232353980480336
5276,L52455,L,303.7,313.1,1423,41.2,124,0,0,0,0,0,0,9.400000000000034,6.139467915253366
5277,L52456,L,303.5,313.0,1606,34.0,126,0,0,0,0,0,0,9.5,5.718117508553902
5278,L52457,L,303.5,312.9,1501,44.0,128,0,0,0,0,0,0,9.399999999999977,6.916111507122809
5279,M20138,M,303.5,312.9,1618,30.4,130,0,0,0,0,0,0,9.399999999999977,5.150871539021728
5280,L52459,L,303.6,313.0,1522,35.8,133,0,0,0,0,0,0,9.399999999999977,5.705928129057973
5281,L52460,L,303.6,312.9,1480,41.4,135,0,0,0,0,0,0,9.299999999999955,6.4163888356917935
5282,M20141,M,303.7,313.0,1469,39.9,137,0,0,0,0,0,0,9.300000000000011,6.13794947880413
5283,H34696,H,303.8,313.2,1381,52.4,140,0,0,0,0,0,0,9.399999999999977,7.577982247381107
5284,L52463,L,303.8,313.2,1525,41.9,145,0,0,0,0,0,0,9.399999999999977,6.69133055275846
5285,M20144,M,303.8,313.2,1732,29.6,147,0,0,0,0,0,0,9.399999999999977,5.368688629670622
5286,L52465,L,303.8,313.1,1523,39.8,150,0,0,0,0,0,0,9.300000000000011,6.347629844480224
5287,L52466,L,303.8,313.1,1422,42.4,152,0,0,0,0,0,0,9.300000000000011,6.313847251478623
5288,H34701,H,303.8,313.2,1506,46.9,154,0,0,0,0,0,0,9.399999999999977,7.396502911758738
5289,L52468,L,303.8,313.2,1531,39.4,159,0,0,0,0,0,0,9.399999999999977,6.316842236475044
5290,M20149,M,303.9,313.3,1507,34.3,161,0,0,0,0,0,0,9.400000000000034,5.412974614110725
5291,L52470,L,303.9,313.3,1526,40.7,164,0,0,0,0,0,0,9.400000000000034,6.503955494922853
5292,L52471,L,303.8,313.3,1406,52.1,166,0,0,0,0,0,0,9.5,7.670994333878389
5293,M20152,M,303.9,313.3,1567,35.0,168,0,0,0,0,0,0,9.400000000000034,5.743354969537741
5294,M20153,M,303.9,313.4,1464,49.1,171,0,0,0,0,0,0,9.5,7.527507325413432
5295,L52474,L,303.9,313.4,1442,48.5,174,0,0,0,0,0,0,9.5,7.323785513803645
5296,L52475,L,303.8,313.2,1336,47.8,176,0,0,0,0,0,0,9.399999999999977,6.687487337745568
5297,H34710,H,303.8,313.2,1379,50.2,178,0,0,0,0,0,0,9.399999999999977,7.249308823962544
5298,L52477,L,303.7,313.1,1406,48.6,183,0,0,0,0,0,0,9.400000000000034,7.155668418934544
5299,M20158,M,303.7,313.1,2130,18.1,185,0,0,0,0,0,0,9.400000000000034,4.037260719128243
5300,L52479,L,303.7,313.1,1355,49.1,188,0,0,0,0,0,0,9.400000000000034,6.9670576679885245
5301,M20160,M,303.8,313.2,1710,26.5,190,0,0,0,0,0,0,9.399999999999977,4.745375703247382
5302,L52481,L,303.8,313.1,1309,55.8,193,0,0,0,0,0,0,9.300000000000011,7.648961297401213
5303,L52482,L,303.9,313.1,1491,37.2,195,0,0,0,0,0,0,9.200000000000045,5.8083021616629535
5304,L52483,L,303.9,313.2,1481,44.1,197,0,0,0,0,0,0,9.300000000000011,6.839467118350731
5305,L52484,L,303.9,313.1,1425,49.3,199,0,0,0,0,0,0,9.200000000000045,7.356824596543897
5306,H34719,H,303.9,313.2,1680,29.1,201,0,0,0,0,0,0,9.300000000000011,5.119539388289927
5307,H34720,H,304.0,313.2,1612,31.7,206,0,0,0,0,0,0,9.199999999999989,5.351221374516662
5308,L52487,L,304.0,313.3,1530,34.8,211,0,0,0,0,0,0,9.300000000000011,5.575698641591164
5309,L52488,L,304.0,313.2,1481,42.6,213,0,0,0,0,0,0,9.199999999999989,6.606832182352408
5310,M20169,M,303.9,313.2,1422,48.0,215,1,1,0,0,0,0,9.300000000000011,7.147751605447497
5311,L52490,L,303.8,313.0,1427,43.0,0,0,0,0,0,0,0,9.199999999999989,6.425708893897443
5312,H34725,H,303.7,312.9,1460,49.8,2,0,0,0,0,0,0,9.199999999999989,7.613963955240223
5313,L52492,L,303.6,312.9,1873,23.5,7,0,0,0,0,0,0,9.299999999999955,4.609292381469385
5314,M20173,M,303.7,312.9,1566,32.6,9,0,0,0,0,0,0,9.199999999999989,5.346111050466823
5315,L52494,L,303.6,312.8,1701,30.8,12,0,0,0,0,0,0,9.199999999999989,5.486351746523072
5316,L52495,L,303.6,312.8,1710,27.2,14,0,0,0,0,0,0,9.199999999999989,4.8707252501256155
5317,M20176,M,303.6,312.8,1689,33.1,16,0,0,0,0,0,0,9.199999999999989,5.854452157744188
5318,L52497,L,303.6,312.7,1637,32.9,19,0,0,0,0,0,0,9.099999999999966,5.639923267406052
5319,L52498,L,303.5,312.6,1496,39.0,21,0,0,0,0,0,0,9.100000000000023,6.10976939270143
5320,M20179,M,303.5,312.7,1402,47.0,23,0,0,0,0,0,0,9.199999999999989,6.900403543854861
5321,L52500,L,303.4,312.7,1363,45.5,26,0,0,0,0,0,0,9.300000000000011,6.494352693378381
5322,M20181,M,303.4,312.7,1576,49.9,28,0,0,0,0,0,0,9.300000000000011,8.235412870022332
5323,M20182,M,303.4,312.7,1357,55.3,31,0,0,0,0,0,0,9.300000000000011,7.858390335665021
5324,M20183,M,303.4,312.7,1399,48.4,34,0,0,0,0,0,0,9.300000000000011,7.090742170760354
5325,M20184,M,303.4,312.8,1526,30.8,37,0,0,0,0,0,0,9.400000000000034,4.921912266428105
5326,L52505,L,303.5,312.7,1694,27.3,40,0,0,0,0,0,0,9.199999999999989,4.842890739214809
5327,M20186,M,303.5,312.7,1420,49.1,42,0,0,0,0,0,0,9.199999999999989,7.301270766452919
5328,M20187,M,303.5,312.7,2116,16.7,45,0,0,0,0,0,0,9.199999999999989,3.7005029306144412
5329,M20188,M,303.7,312.9,1406,41.9,48,0,0,0,0,0,0,9.199999999999989,6.169187381756323
5330,L52509,L,303.7,313.0,1456,45.5,51,0,0,0,0,0,0,9.300000000000011,6.93747433716722
5331,L52510,L,303.6,312.9,1588,31.9,53,0,0,0,0,0,0,9.299999999999955,5.304809579047628
5332,L52511,L,303.7,312.8,1448,44.5,55,0,0,0,0,0,0,9.100000000000023,6.747722140890398
5333,H34746,H,303.6,312.7,1403,46.2,57,0,0,0,0,0,0,9.099999999999966,6.787787919199179
5334,M20193,M,303.5,312.6,1405,51.6,62,0,0,0,0,0,0,9.100000000000023,7.591972806665095
5335,M20194,M,303.4,312.6,2706,9.8,65,1,0,0,1,0,0,9.200000000000045,2.777042242067234
5336,M20195,M,303.3,312.4,1505,38.9,68,0,0,0,0,0,0,9.099999999999966,6.130765703602921
5337,L52516,L,303.2,312.4,1663,33.7,71,0,0,0,0,0,0,9.199999999999989,5.868819708146605
5338,M20197,M,303.3,312.6,1482,44.4,73,0,0,0,0,0,0,9.300000000000011,6.890643662677709
5339,M20198,M,303.3,312.5,1674,32.7,76,0,0,0,0,0,0,9.199999999999989,5.732338451299152
5340,M20199,M,303.4,312.7,1594,32.8,79,0,0,0,0,0,0,9.300000000000011,5.475083900872195
5341,L52520,L,303.5,312.7,1393,49.3,82,0,0,0,0,0,0,9.199999999999989,7.191618710867121
5342,H34755,H,303.5,312.8,1404,55.8,84,0,0,0,0,0,0,9.300000000000011,8.204080719290529
5343,M20202,M,303.5,312.8,1375,45.7,89,0,0,0,0,0,0,9.300000000000011,6.580327612331621
5344,L52523,L,303.5,312.8,1607,38.4,92,0,0,0,0,0,0,9.300000000000011,6.462130424728062
5345,L52524,L,303.4,312.8,1360,50.8,94,0,0,0,0,0,0,9.400000000000034,7.234878441707054
5346,L52525,L,303.5,312.8,1524,39.4,96,0,0,0,0,0,0,9.300000000000011,6.287960528013043
5347,L52526,L,303.4,312.7,1534,35.5,98,0,0,0,0,0,0,9.300000000000011,5.702723704551313
5348,L52527,L,303.3,312.7,1262,63.8,100,0,0,0,0,0,0,9.399999999999977,8.431573915312478
5349,L52528,L,303.3,312.6,1623,34.6,102,0,0,0,0,0,0,9.300000000000011,5.88062162454859
5350,M20209,M,303.3,312.7,1642,33.6,104,0,0,0,0,0,0,9.399999999999977,5.777514553657773
5351,M20210,M,303.4,312.8,1622,35.1,107,0,0,0,0,0,0,9.400000000000034,5.961926042423494
5352,M20211,M,303.5,312.9,1530,34.5,110,0,0,0,0,0,0,9.399999999999977,5.527632273991241
5353,M20212,M,303.4,312.8,1590,36.3,113,0,0,0,0,0,0,9.400000000000034,6.044110106241403
5354,L52533,L,303.4,312.7,1589,34.0,116,0,0,0,0,0,0,9.300000000000011,5.65758949009474
5355,L52534,L,303.4,312.6,1462,37.5,118,0,0,0,0,0,0,9.200000000000045,5.741260574435347
5356,H34769,H,303.3,312.5,1328,49.8,120,0,0,0,0,0,0,9.199999999999989,6.925578172985627
5357,H34770,H,303.3,312.6,1692,29.0,125,0,0,0,0,0,0,9.300000000000011,5.138388944211465
5358,L52537,L,303.3,312.5,1968,20.6,130,0,0,0,0,0,0,9.199999999999989,4.245422648355103
5359,H34772,H,303.3,312.6,1827,24.2,132,0,0,0,0,0,0,9.300000000000011,4.630016421007565
5360,M20219,M,303.3,312.6,1397,47.1,137,0,0,0,0,0,0,9.300000000000011,6.890423751191958
5361,L52540,L,303.3,312.6,1463,44.0,140,0,0,0,0,0,0,9.300000000000011,6.741020076562738
5362,L52541,L,303.3,312.7,1643,30.7,142,0,0,0,0,0,0,9.399999999999977,5.2820749202111505
5363,L52542,L,303.2,312.6,1281,57.0,144,0,0,0,0,0,0,9.400000000000034,7.6463223595721965
5364,L52543,L,303.2,312.5,1518,39.9,146,0,0,0,0,0,0,9.300000000000011,6.342687072038577
5365,L52544,L,303.2,312.6,1601,35.3,148,0,0,0,0,0,0,9.400000000000034,5.918268376514107
5366,L52545,L,303.1,312.6,1548,36.4,150,0,0,0,0,0,0,9.5,5.9006649856784925
5367,H34780,H,303.1,312.6,1404,40.6,152,0,0,0,0,0,0,9.5,5.969277369232895
5368,M20227,M,303.1,312.5,1766,26.7,157,0,0,0,0,0,0,9.399999999999977,4.93776683735322
5369,M20228,M,303.1,312.5,1667,30.0,160,0,0,0,0,0,0,9.399999999999977,5.2370349535341845
5370,H34783,H,303.0,312.5,1507,37.9,163,0,0,0,0,0,0,9.5,5.981100229585904
5371,H34784,H,303.0,312.4,1627,37.1,168,0,0,0,0,0,0,9.399999999999977,6.321062442606368
5372,L52551,L,302.9,312.3,1435,47.7,173,0,0,0,0,0,0,9.400000000000034,7.168014878063152
5373,H34786,H,302.9,312.3,1509,46.8,175,0,0,0,0,0,0,9.400000000000034,7.395434770256515
5374,M20233,M,302.9,312.3,1809,25.0,180,0,0,0,0,0,0,9.400000000000034,4.7359509252866125
5375,L52554,L,302.9,312.3,1515,40.8,183,0,0,0,0,0,0,9.400000000000034,6.472937503456409
5376,L52555,L,302.9,312.3,1530,34.9,185,0,0,0,0,0,0,9.400000000000034,5.591720764124473
5377,H34790,H,302.8,312.3,1336,57.5,187,0,0,0,0,0,0,9.5,8.044571588292264
5378,L52557,L,302.9,312.4,2030,19.1,192,0,0,0,0,0,0,9.5,4.0602990652545685
5379,L52558,L,302.9,312.4,1550,36.9,194,0,0,0,0,0,0,9.5,5.989446394068941
5380,L52559,L,302.9,312.4,1446,41.7,196,0,0,0,0,0,0,9.5,6.314412738156269
5381,L52560,L,302.8,312.3,1494,37.5,198,0,0,0,0,0,0,9.5,5.866924280578939
5382,L52561,L,302.8,312.4,1651,27.0,200,0,0,0,0,0,0,9.599999999999966,4.668092523969073
5383,L52562,L,302.9,312.4,1698,33.8,202,0,0,0,0,0,0,9.5,6.0101180737295605
5384,L52563,L,302.8,312.3,1504,40.3,204,0,0,0,0,0,0,9.5,6.347190021508721
5385,M20244,M,302.9,312.4,1421,46.0,206,0,0,0,0,0,0,9.5,6.84511151315168
5386,H34799,H,302.9,312.3,1754,26.9,209,0,0,0,0,0,0,9.400000000000034,4.940950317908859
5387,L52566,L,302.9,312.2,1469,42.0,214,0,0,0,0,0,0,9.300000000000011,6.460999451372769
5388,L52567,L,302.8,312.2,1433,50.0,216,0,0,0,0,0,0,9.399999999999977,7.503170454323623
5389,M20248,M,302.8,312.3,1432,49.0,218,0,0,0,0,0,0,9.5,7.347975777236285
5390,L52569,L,302.8,312.3,1366,49.1,221,0,0,0,0,0,0,9.5,7.0236168077286525
5391,H34804,H,302.8,312.3,1483,47.2,223,0,0,0,0,0,0,9.5,7.3301315309638975
5392,L52571,L,302.7,312.2,1572,34.4,228,0,0,0,0,0,0,9.5,5.662909253654817
5393,L52572,L,302.8,312.2,1481,40.2,230,0,0,0,0,0,0,9.399999999999977,6.234616284755089
5394,L52573,L,302.8,312.3,1473,42.6,232,0,0,0,0,0,0,9.5,6.571143689807627
5395,M20254,M,302.8,312.3,1262,70.5,234,1,0,0,1,1,0,9.5,9.317021332751251
5396,L52575,L,302.8,312.4,1529,36.8,237,0,0,0,0,0,0,9.599999999999966,5.892287405268919
5397,L52576,L,302.8,312.4,1523,39.7,239,0,0,0,0,0,0,9.599999999999966,6.3316810257755005
5398,M20257,M,302.8,312.3,1416,42.7,241,0,0,0,0,0,0,9.5,6.331691497751013
5399,L52578,L,302.9,312.4,1923,23.9,244,0,0,0,0,0,0,9.5,4.812888529373027
5400,H34813,H,302.8,312.4,1411,53.8,246,1,0,0,0,1,0,9.599999999999966,7.949465106692588
5401,L52580,L,302.7,312.4,1477,46.3,251,1,0,0,0,1,0,9.699999999999989,7.1612709258334455
5402,M20261,M,302.6,312.3,1454,54.8,253,1,1,0,0,1,0,9.699999999999989,8.343986312130394
5403,L52582,L,302.7,312.3,1421,48.5,0,0,0,0,0,0,0,9.600000000000023,7.217128443214272
5404,L52583,L,302.7,312.3,1858,25.4,2,0,0,0,0,0,0,9.600000000000023,4.942060347313128
5405,H34818,H,302.8,312.5,1422,46.1,4,0,0,0,0,0,0,9.699999999999989,6.864819771065201
5406,L52585,L,302.7,312.4,1444,48.7,9,0,0,0,0,0,0,9.699999999999989,7.36418639532881
5407,L52586,L,302.7,312.4,1360,47.8,11,0,0,0,0,0,0,9.699999999999989,6.807621840818842
5408,L52587,L,302.7,312.4,1954,24.8,13,0,0,0,0,0,0,9.699999999999989,5.0746355572946165
5409,L52588,L,302.6,312.4,1628,33.0,15,0,0,0,0,0,0,9.799999999999955,5.625964124048602
5410,L52589,L,302.7,312.4,1433,44.2,17,0,0,0,0,0,0,9.699999999999989,6.632802681622083
5411,M20270,M,302.7,312.5,1417,51.5,19,0,0,0,0,0,0,9.800000000000011,7.6419764897347315
5412,L52591,L,302.8,312.6,1462,39.4,22,0,0,0,0,0,0,9.800000000000011,6.032151110206737
5413,L52592,L,302.9,312.6,1328,59.9,24,0,0,0,0,0,0,9.700000000000045,8.330163304454599
5414,H34827,H,302.7,312.5,1527,36.4,26,0,0,0,0,0,0,9.800000000000011,5.820617204865024
5415,L52594,L,302.6,312.3,1534,34.3,31,0,0,0,0,0,0,9.699999999999989,5.509955579327042
5416,M20275,M,302.6,312.4,1410,50.3,33,0,0,0,0,0,0,9.799999999999955,7.42703919235163
5417,L52596,L,302.6,312.3,1660,30.3,36,0,0,0,0,0,0,9.699999999999989,5.267194243008648
5418,L52597,L,302.6,312.4,1386,45.8,38,0,0,0,0,0,0,9.799999999999955,6.647484391289859
5419,L52598,L,302.6,312.4,1398,41.6,40,0,0,0,0,0,0,9.799999999999955,6.090165854543029
5420,L52599,L,302.6,312.3,1321,53.4,42,0,0,0,0,0,0,9.699999999999989,7.387078133797967
5421,L52600,L,302.6,312.3,1512,34.2,44,0,0,0,0,0,0,9.699999999999989,5.415100425139655
5422,M20281,M,302.6,312.3,1566,36.6,46,0,0,0,0,0,0,9.699999999999989,6.002075596536373
5423,M20282,M,302.7,312.4,1422,44.5,49,0,0,0,0,0,0,9.699999999999989,6.626561384216951
5424,L52603,L,302.6,312.3,1647,31.8,52,0,0,0,0,0,0,9.699999999999989,5.484655286490132
5425,L52604,L,302.6,312.2,1377,45.5,54,0,0,0,0,0,0,9.599999999999966,6.561059177389603
5426,L52605,L,302.5,312.2,1775,27.9,56,0,0,0,0,0,0,9.699999999999989,5.185984072913351
5427,L52606,L,302.6,312.3,1554,42.0,58,0,0,0,0,0,0,9.699999999999989,6.834848977149955
5428,L52607,L,302.7,312.4,1423,51.9,60,0,0,0,0,0,0,9.699999999999989,7.733941378680816
5429,L52608,L,302.7,312.4,1453,47.3,62,0,0,0,0,0,0,9.699999999999989,7.197064138133345
5430,L52609,L,302.8,312.4,1590,34.4,64,0,0,0,0,0,0,9.599999999999966,5.727751726024912
5431,L52610,L,302.8,312.5,1694,28.4,66,0,0,0,0,0,0,9.699999999999989,5.0380255309047834
5432,L52611,L,302.8,312.5,1462,43.4,68,0,0,0,0,0,0,9.699999999999989,6.644552238146509
5433,L52612,L,302.8,312.4,1392,46.2,70,0,0,0,0,0,0,9.599999999999966,6.734569339647367
5434,L52613,L,302.9,312.5,1550,45.5,72,0,0,0,0,0,0,9.600000000000023,7.385360729814006
5435,L52614,L,302.9,312.5,1629,30.4,74,0,0,0,0,0,0,9.600000000000023,5.185889825133743
5436,M20295,M,303.0,312.5,1524,42.1,76,0,0,0,0,0,0,9.5,6.718861376379419
5437,M20296,M,302.9,312.5,1679,30.9,79,0,0,0,0,0,0,9.600000000000023,5.43297608733858
5438,M20297,M,302.9,312.6,1394,46.4,82,0,0,0,0,0,0,9.700000000000045,6.773441312747786
5439,L52618,L,302.9,312.5,1683,32.1,85,0,0,0,0,0,0,9.600000000000023,5.657411466511036
5440,L52619,L,303.0,312.5,1626,30.5,87,0,0,0,0,0,0,9.5,5.193366815649288
5441,H34854,H,303.0,312.5,1698,30.0,89,0,0,0,0,0,0,9.5,5.334424325795468
5442,M20301,M,303.0,312.6,1392,42.9,94,0,0,0,0,0,0,9.600000000000023,6.253528672529699
5443,L52622,L,303.1,312.7,1353,51.8,97,0,0,0,0,0,0,9.599999999999966,7.3393259254634025
5444,M20303,M,303.0,312.7,1426,46.8,99,0,0,0,0,0,0,9.699999999999989,6.988661353469709
5445,L52624,L,303.0,312.7,2024,19.9,102,0,0,0,0,0,0,9.699999999999989,4.217860408807608
5446,M20305,M,303.0,312.8,1648,32.1,104,0,0,0,0,0,0,9.800000000000011,5.539758821634098
5447,L52626,L,303.1,312.9,1511,40.1,107,0,0,0,0,0,0,9.799999999999955,6.3450851544308176
5448,L52627,L,303.1,312.8,1465,44.1,109,0,0,0,0,0,0,9.699999999999989,6.7655768591382985
5449,L52628,L,303.0,312.7,1551,41.8,111,0,0,0,0,0,0,9.699999999999989,6.789170219966759
5450,L52629,L,303.1,312.8,2329,15.1,113,0,0,0,0,0,0,9.699999999999989,3.682773876072683
5451,H34864,H,303.1,312.8,1435,41.9,115,0,0,0,0,0,0,9.699999999999989,6.296432356202223
5452,L52631,L,303.0,312.7,1361,48.8,120,0,0,0,0,0,0,9.699999999999989,6.955151031831418
5453,M20312,M,303.0,312.7,1553,35.8,122,0,0,0,0,0,0,9.699999999999989,5.822146113289772
5454,L52633,L,303.0,312.6,1451,42.1,125,0,0,0,0,0,0,9.600000000000023,6.397026152970168
5455,L52634,L,303.0,312.5,1461,40.2,127,0,0,0,0,0,0,9.5,6.1504216016388815
5456,M20315,M,303.1,312.6,1895,23.5,129,0,0,0,0,0,0,9.5,4.6634324948662496
5457,M20316,M,303.1,312.6,1567,32.9,132,0,0,0,0,0,0,9.5,5.398753671365475
5458,M20317,M,303.0,312.5,1602,33.7,135,0,0,0,0,0,0,9.5,5.653547307547121
5459,L52638,L,303.1,312.6,1514,42.1,138,0,0,0,0,0,0,9.5,6.674774359474042
5460,L52639,L,303.1,312.5,1453,49.1,140,0,0,0,0,0,0,9.399999999999977,7.470948185673303
5461,M20320,M,303.0,312.4,1526,36.1,142,0,0,0,0,0,0,9.399999999999977,5.768864701884889
5462,M20321,M,302.9,312.3,1339,52.1,145,0,0,0,0,0,0,9.400000000000034,7.305449084682193
5463,L52642,L,302.9,312.3,1889,22.8,148,0,0,0,0,0,0,9.400000000000034,4.510196077199651
5464,L52643,L,302.9,312.4,1561,34.8,150,0,0,0,0,0,0,9.5,5.688670313414254
5465,M20324,M,302.9,312.4,1659,33.1,152,0,0,0,0,0,0,9.5,5.750465440910365
5466,L52645,L,302.9,312.4,1424,49.5,155,0,0,0,0,0,0,9.5,7.3814860988745785
5467,M20326,M,302.9,312.3,1426,44.7,157,0,0,0,0,0,0,9.400000000000034,6.675067574788378
5468,L52647,L,302.9,312.4,1383,51.4,160,0,0,0,0,0,0,9.5,7.4441294563871585
5469,L52648,L,302.8,312.3,1764,29.9,162,0,0,0,0,0,0,9.5,5.523296876129287
5470,M20329,M,302.7,312.2,1439,42.5,164,0,0,0,0,0,0,9.5,6.404398423730593
5471,M20330,M,302.7,312.2,1585,35.5,167,0,0,0,0,0,0,9.5,5.892318821195457
5472,L52651,L,302.7,312.3,1346,61.2,170,0,0,0,0,0,1,9.600000000000023,8.626310771932998
5473,L52652,L,302.8,312.3,1386,57.8,172,0,0,0,0,0,0,9.5,8.38918335844004
5474,L52653,L,302.7,312.2,1369,51.8,174,0,0,0,0,0,0,9.5,7.426117658506576
5475,M20334,M,302.7,312.1,1378,46.9,176,0,0,0,0,0,0,9.400000000000034,6.7678492778243955
5476,L52655,L,302.7,312.2,1336,46.8,179,0,0,0,0,0,0,9.5,6.5475817449057025
5477,M20336,M,302.6,312.1,1445,42.0,181,0,0,0,0,0,0,9.5,6.355441938212152
5478,L52657,L,302.7,312.1,1763,26.5,184,0,0,0,0,0,0,9.400000000000034,4.892454599312945
5479,L52658,L,302.7,312.2,1611,34.1,186,0,0,0,0,0,0,9.5,5.752790219474022
5480,M20339,M,302.7,312.1,1564,32.1,188,0,0,0,0,0,0,9.400000000000034,5.257392473929447
5481,H34894,H,302.7,312.1,1478,36.0,191,0,0,0,0,0,0,9.400000000000034,5.5719287304068565
5482,L52661,L,302.6,312.0,1781,28.5,196,0,0,0,0,0,0,9.399999999999977,5.31541769024125
5483,L52662,L,302.6,312.1,1782,26.8,198,0,0,0,0,0,0,9.5,5.001164177102663
5484,M20343,M,302.6,312.1,2000,21.9,200,0,0,0,0,0,0,9.5,4.586725274241098
5485,M20344,M,302.5,312.0,1826,25.3,203,0,0,0,0,0,0,9.5,4.837822303067019
5486,L52665,L,302.6,312.1,1344,51.0,206,0,0,0,0,0,0,9.5,7.177910894921959
5487,L52666,L,302.6,312.2,1520,43.0,208,0,0,0,0,0,0,9.599999999999966,6.844483194620962
5488,M20347,M,302.6,312.1,1611,39.9,210,0,0,0,0,0,0,9.5,6.731270667361098
5489,L52668,L,302.7,312.2,1450,52.1,213,1,0,0,0,1,0,9.5,7.911053900514697
5490,L52669,L,302.6,312.1,1499,35.0,215,0,0,0,0,0,1,9.5,5.494121952352949
5491,L52670,L,302.6,312.1,1288,68.5,0,1,0,0,1,0,0,9.5,9.239214554697343
5492,M20351,M,302.7,312.2,1350,58.6,2,0,0,0,0,0,0,9.5,8.284379827516286
5493,M20352,M,302.9,312.4,1334,50.9,5,0,0,0,0,0,0,9.5,7.110534204477971
5494,L52673,L,302.8,312.4,1376,57.1,8,0,0,0,0,0,0,9.599999999999966,8.22778927184962
5495,L52674,L,302.8,312.4,1368,49.5,10,0,0,0,0,0,0,9.599999999999966,7.0912029376828825
5496,H34909,H,302.9,312.5,1357,55.0,12,0,0,0,0,0,1,9.600000000000023,7.815758923355808
5497,M20356,M,302.9,312.5,1924,24.0,17,0,0,0,0,0,0,9.600000000000023,4.83553941240541
5498,M20357,M,302.9,312.5,1551,40.0,20,0,0,0,0,0,0,9.600000000000023,6.496813607623692
5499,M20358,M,302.9,312.5,1903,21.2,23,0,0,0,0,0,0,9.600000000000023,4.2247719126455054
5500,H34913,H,302.9,312.3,1417,48.7,26,0,0,0,0,0,0,9.400000000000034,7.226490389321969
5501,L52680,L,302.7,312.1,1601,35.2,31,0,0,0,0,0,0,9.400000000000034,5.901502743719451
5502,L52681,L,302.7,312.1,1543,37.5,33,0,0,0,0,0,0,9.400000000000034,6.059346830611313
5503,L52682,L,302.6,312.1,1439,52.3,35,0,0,0,0,0,0,9.5,7.881177354379058
5504,H34917,H,302.6,312.0,1657,29.3,37,0,0,0,0,0,0,9.399999999999977,5.084154583034994
5505,L52684,L,302.8,312.2,1458,51.0,42,0,0,0,0,0,0,9.399999999999977,7.786751551187661
5506,L52685,L,302.8,312.2,1746,27.4,44,0,0,0,0,0,0,9.399999999999977,5.009834972826571
5507,L52686,L,302.9,312.2,1677,30.5,46,0,0,0,0,0,0,9.300000000000011,5.356258394737918
5508,L52687,L,302.8,312.1,1520,39.9,48,0,0,0,0,0,0,9.300000000000011,6.351043708497126
5509,L52688,L,302.9,312.2,1367,55.1,50,0,0,0,0,0,0,9.300000000000011,7.8876699791964775
5510,L52689,L,302.8,312.2,1509,36.5,52,0,0,0,0,0,1,9.399999999999977,5.7678070323581805
5511,L52690,L,302.8,312.1,1418,51.4,54,0,0,0,0,0,0,9.300000000000011,7.632520295847426
5512,L52691,L,302.8,312.1,1958,20.3,56,0,0,0,0,0,0,9.300000000000011,4.162337994643165
5513,L52692,L,302.8,312.2,1682,30.9,58,0,0,0,0,0,0,9.399999999999977,5.4426836086381725
5514,M20373,M,302.8,312.2,1452,50.3,60,0,0,0,0,0,0,9.399999999999977,7.648270147017423
5515,L52694,L,302.7,312.0,1828,24.0,63,0,0,0,0,0,0,9.300000000000011,4.594265096609713
5516,H34929,H,302.7,312.0,1484,41.5,65,0,0,0,0,0,0,9.300000000000011,6.449270838799367
5517,L52696,L,302.6,312.0,1674,32.2,70,0,0,0,0,0,0,9.399999999999977,5.644688016263998
5518,L52697,L,302.6,311.9,1448,49.5,72,0,0,0,0,0,0,9.299999999999955,7.505893167956734
5519,M20378,M,302.5,311.8,2023,19.1,74,0,0,0,0,0,0,9.300000000000011,4.04629803399507
5520,L52699,L,302.5,311.9,1452,47.4,77,0,0,0,0,0,0,9.399999999999977,7.20731620215956
5521,M20380,M,302.6,312.0,1496,45.0,79,0,0,0,0,0,0,9.399999999999977,7.049733914655496
5522,L52701,L,302.6,311.9,1397,46.9,82,0,0,0,0,0,0,9.299999999999955,6.861165051611525
5523,L52702,L,302.6,311.9,1453,39.1,84,0,0,0,0,0,0,9.299999999999955,5.9493701437846465
5524,M20383,M,302.5,311.9,1524,34.8,86,0,0,0,0,0,0,9.399999999999977,5.553833156722179
5525,L52704,L,302.6,311.9,1633,30.9,89,0,0,0,0,0,0,9.299999999999955,5.284127427411496
5526,M20385,M,302.6,312.0,1363,45.7,91,0,0,0,0,0,0,9.399999999999977,6.522899298624
5527,L52706,L,302.5,311.9,1520,44.9,94,0,0,0,0,0,0,9.399999999999977,7.146913847406539
5528,M20387,M,302.5,311.9,1532,38.8,96,0,0,0,0,0,0,9.399999999999977,6.224709795920768
5529,L52708,L,302.4,311.8,1384,50.9,99,0,0,0,0,0,0,9.400000000000034,7.377045981257504
5530,M20389,M,302.4,311.8,1539,39.9,101,0,0,0,0,0,0,9.400000000000034,6.43043175485334
5531,M20390,M,302.3,311.8,1355,50.1,104,0,0,0,0,0,0,9.5,7.108952936175663
5532,M20391,M,302.3,311.7,1504,37.3,107,0,0,0,0,0,0,9.399999999999977,5.874694486408817
5533,L52712,L,302.4,311.8,1476,46.6,110,0,0,0,0,0,0,9.400000000000034,7.202792308738391
5534,L52713,L,302.4,311.7,1721,26.9,112,0,0,0,0,0,0,9.300000000000011,4.847990591289137
5535,M20394,M,302.3,311.7,1494,37.1,114,0,0,0,0,0,0,9.399999999999977,5.80434375491943
5536,L52715,L,302.3,311.7,1465,43.5,117,0,0,0,0,0,0,9.399999999999977,6.673528194388117
5537,M20396,M,302.3,311.8,1363,54.0,119,1,0,0,0,0,0,9.5,7.707583416317197
5538,L52717,L,302.4,311.8,1648,30.0,122,0,0,0,0,0,0,9.400000000000034,5.177344693115979
5539,M20398,M,302.3,311.8,1879,23.0,124,0,0,0,0,0,0,9.5,4.525673657006336
5540,H34953,H,302.3,311.7,1482,39.0,127,0,0,0,0,0,0,9.399999999999977,6.052592406406095
5541,L52720,L,302.4,311.8,1493,38.4,132,0,0,0,0,0,0,9.400000000000034,6.003709224716238
5542,L52721,L,302.4,311.8,1433,42.2,134,0,0,0,0,0,0,9.400000000000034,6.332675863449138
5543,L52722,L,302.3,311.7,1400,41.6,136,0,0,0,0,0,0,9.399999999999977,6.098878538168985
5544,L52723,L,302.4,311.8,1255,59.0,138,0,0,0,0,0,0,9.400000000000034,7.753974267835208
5545,L52724,L,302.2,311.7,1471,45.6,140,0,0,0,0,0,0,9.5,7.024349846014491
5546,H34959,H,302.2,311.6,1357,44.2,142,0,0,0,0,0,0,9.400000000000034,6.281028080224122
5547,L52726,L,302.3,311.7,1453,41.2,147,0,0,0,0,0,0,9.399999999999977,6.268901532581265
5548,M20407,M,302.3,311.7,1540,28.9,149,0,0,0,0,0,0,9.399999999999977,4.660657421355578
5549,L52728,L,302.3,311.8,1605,35.2,152,0,0,0,0,0,0,9.5,5.916247285240299
5550,H34963,H,302.3,311.9,1374,52.4,154,0,0,0,0,0,0,9.599999999999966,7.5395710412032155
5551,M20410,M,302.3,311.9,1508,42.3,159,0,0,0,0,0,0,9.599999999999966,6.679905627474905
5552,H34965,H,302.4,311.9,1366,47.3,162,0,0,0,0,0,0,9.5,6.7661318738404335
5553,H34966,H,302.5,312.0,1579,35.7,167,0,0,0,0,0,0,9.5,5.9030840120217585
5554,L52733,L,302.5,311.9,1306,59.7,172,0,0,0,0,0,1,9.399999999999977,8.164810811120658
5555,M20414,M,302.5,312.0,1521,40.2,174,0,0,0,0,0,0,9.5,6.4030056509875015
5556,L52735,L,302.5,312.0,1411,44.2,177,0,0,0,0,0,0,9.5,6.530973191743727
5557,H34970,H,302.5,312.0,1357,42.0,179,0,0,0,0,0,0,9.5,5.96839772328989
5558,M20417,M,302.5,312.0,1436,43.5,184,0,0,0,0,0,0,9.5,6.541424223304667
5559,L52738,L,302.5,311.9,1553,40.1,187,0,0,0,0,0,0,9.399999999999977,6.521454166003348
5560,M20419,M,302.5,312.0,1451,43.2,189,0,0,0,0,0,0,9.5,6.5641693541166575
5561,L52740,L,302.4,311.9,1541,37.9,192,0,0,0,0,0,0,9.5,6.116042106033097
5562,M20421,M,302.3,311.7,1341,46.3,194,0,0,0,0,0,0,9.399999999999977,6.501871571795971
5563,L52742,L,302.3,311.7,1648,32.1,197,0,0,0,0,0,0,9.399999999999977,5.539758821634098
5564,M20423,M,302.3,311.7,1640,31.5,199,0,0,0,0,0,0,9.399999999999977,5.409822549481624
5565,L52744,L,302.4,311.8,1416,46.1,202,0,0,0,0,0,0,9.400000000000034,6.835854286799104
5566,L52745,L,302.4,311.9,1671,29.9,204,0,0,0,0,0,0,9.5,5.232102653068049
5567,L52746,L,302.4,312.0,1457,45.5,206,0,0,0,0,0,0,9.600000000000023,6.942239086025165
5568,M20427,M,302.5,312.0,1445,54.8,0,0,0,0,0,0,0,9.5,8.292338528905377
5569,L52748,L,302.5,312.1,1534,38.6,3,0,0,0,0,0,0,9.600000000000023,6.200708028047343
5570,L52749,L,302.4,312.0,1508,36.9,5,0,0,0,0,0,0,9.600000000000023,5.827151717584492
5571,M20430,M,302.4,312.1,1492,47.7,7,0,0,0,0,0,0,9.700000000000045,7.452737420257995
5572,L52751,L,302.4,312.0,1562,37.9,10,0,0,0,0,0,0,9.600000000000023,6.199388559132833
5573,L52752,L,302.4,312.0,1545,36.4,12,0,0,0,0,0,0,9.600000000000023,5.889229588419426
5574,L52753,L,302.5,312.2,1738,25.3,14,0,0,0,0,0,0,9.699999999999989,4.604674240268608
5575,L52754,L,302.4,312.0,1305,49.1,16,0,0,0,0,0,0,9.600000000000023,6.70997066916976
5576,H34989,H,302.4,312.0,1477,39.7,18,0,0,0,0,0,0,9.600000000000023,6.14044180897598
5577,H34990,H,302.4,312.0,1457,43.4,23,0,0,0,0,0,0,9.600000000000023,6.621828051285542
5578,L52757,L,302.4,312.1,1455,40.4,28,0,0,0,0,0,0,9.700000000000045,6.15563664544384
5579,L52758,L,302.5,312.2,1574,38.7,30,0,0,0,0,0,0,9.699999999999989,6.378878219407931
5580,L52759,L,302.6,312.2,1695,27.1,32,0,0,0,0,0,0,9.599999999999966,4.810249591544011
5581,M20440,M,302.6,312.2,1458,38.8,34,0,0,0,0,0,0,9.599999999999966,5.924038435021201
5582,M20441,M,302.5,312.1,1454,47.6,37,0,0,0,0,0,0,9.600000000000023,7.2476961397337
5583,L52762,L,302.5,312.0,2052,18.9,40,0,0,0,0,0,0,9.5,4.061325318854741
5584,L52763,L,302.5,312.0,1673,29.9,42,0,0,0,0,0,0,9.5,5.238364894424204
5585,L52764,L,302.4,311.9,1578,29.9,44,0,0,0,0,0,0,9.5,4.940908430006811
5586,M20445,M,302.5,312.0,1642,29.1,46,0,0,0,0,0,0,9.5,5.003740283078606
5587,M20446,M,302.4,311.8,1557,31.5,49,0,0,0,0,0,0,9.400000000000034,5.136032749721274
5588,L52767,L,302.5,311.9,1481,42.9,52,0,0,0,0,0,0,9.399999999999977,6.653359169552072
5589,M20448,M,302.5,311.8,1566,37.6,54,0,0,0,0,0,0,9.300000000000011,6.166066733053758
5590,M20449,M,302.5,311.9,1298,57.5,57,0,0,0,0,0,0,9.399999999999977,7.815758923355808
5591,M20450,M,302.5,311.9,1340,59.4,60,0,0,0,0,0,0,9.399999999999977,8.335273628504439
5592,L52771,L,302.5,312.0,1574,33.8,63,0,0,0,0,0,0,9.5,5.571216636072043
5593,L52772,L,302.5,311.9,1437,46.7,65,0,0,0,0,0,0,9.399999999999977,7.027522854594617
5594,L52773,L,302.6,311.9,1354,48.0,67,0,0,0,0,0,0,9.299999999999955,6.805946324736928
5595,L52774,L,302.6,311.9,1598,35.5,69,0,0,0,0,0,0,9.299999999999955,5.940646988183179
5596,M20455,M,302.7,312.0,1944,21.4,71,0,0,0,0,0,0,9.300000000000011,4.356509364586038
5597,M20456,M,302.7,312.0,1538,36.7,74,0,0,0,0,0,0,9.300000000000011,5.910864689827149
5598,L52777,L,302.7,312.0,1501,37.0,77,0,0,0,0,0,0,9.300000000000011,5.815821040080545
5599,L52778,L,302.8,312.1,1441,52.1,79,0,0,0,0,0,0,9.300000000000011,7.861950807339089
5600,M20459,M,302.7,312.0,1652,31.0,81,0,0,0,0,0,0,9.300000000000011,5.362908099188016
5601,L52780,L,302.8,312.1,1487,36.6,84,0,0,0,0,0,0,9.300000000000011,5.699288896583387
5602,L52781,L,302.9,312.2,1605,33.9,86,0,0,0,0,0,0,9.300000000000011,5.697749516183128
5603,L52782,L,302.9,312.1,1334,54.7,88,0,0,0,0,0,0,9.200000000000045,7.64137958713055
5604,L52783,L,302.9,312.2,1340,57.8,90,0,0,0,0,0,0,9.300000000000011,8.110754473527889
5605,L52784,L,302.9,312.2,1513,37.8,92,0,0,0,0,0,0,9.300000000000011,5.989069402950509
5606,L52785,L,302.9,312.2,1510,41.4,94,0,0,0,0,0,0,9.300000000000011,6.54645077155041
5607,L52786,L,302.9,312.2,1729,23.6,96,0,0,0,0,0,0,9.300000000000011,4.273026775804646
5608,M20467,M,302.9,312.2,1745,25.5,98,0,0,0,0,0,0,9.300000000000011,4.659767303437061
5609,M20468,M,303.1,312.3,1623,31.6,101,0,0,0,0,0,0,9.199999999999989,5.370741136870968
5610,M20469,M,303.1,312.4,1378,50.1,104,0,0,0,0,0,0,9.299999999999955,7.2296215100000465
5611,L52790,L,303.1,312.4,1407,41.2,107,0,0,0,0,0,0,9.299999999999955,6.070436652678486
5612,M20471,M,303.0,312.3,1674,29.5,109,0,0,0,0,0,0,9.300000000000011,5.171375667074159
5613,L52792,L,303.0,312.3,1486,42.4,112,0,0,0,0,0,0,9.300000000000011,6.598014778971331
5614,M20473,M,303.0,312.3,1483,38.8,114,0,0,0,0,0,0,9.300000000000011,6.025616597487271
5615,H35028,H,303.0,312.2,1624,28.8,117,0,0,0,0,0,0,9.199999999999989,4.8978686106526315
5616,M20475,M,303.0,312.2,1257,71.3,122,1,0,0,1,0,0,9.199999999999989,9.385413804819898
5617,L52796,L,303.0,312.3,1480,41.4,125,0,0,0,0,0,0,9.300000000000011,6.4163888356917935
5618,L52797,L,303.1,312.4,1404,61.5,127,1,0,0,1,0,0,9.299999999999955,9.042131975562143
5619,M20478,M,303.0,312.4,1645,29.6,129,0,0,0,0,0,0,9.399999999999977,5.099014316286473
5620,L52799,L,303.0,312.3,1932,21.9,132,0,0,0,0,0,0,9.300000000000011,4.4307766149169
5621,L52800,L,303.0,312.3,1533,38.5,134,0,0,0,0,0,0,9.300000000000011,6.180612307039879
5622,M20481,M,302.9,312.2,1292,54.4,136,0,0,0,0,0,0,9.300000000000011,7.360207044634263
5623,L52802,L,302.9,312.2,1571,40.6,139,0,0,0,0,0,0,9.300000000000011,6.679298252895212
5624,L52803,L,302.9,312.3,1578,36.3,141,0,0,0,0,0,0,9.400000000000034,5.998494180911279
5625,M20484,M,302.8,312.2,1469,36.9,143,0,0,0,0,0,0,9.399999999999977,5.67644951799179
5626,L52805,L,302.7,312.1,1728,24.4,146,0,0,0,0,0,0,9.400000000000034,4.4153199790612385
5627,H35040,H,302.7,312.1,1603,32.5,148,0,0,0,0,0,0,9.400000000000034,5.455637442346475
5628,L52807,L,302.7,312.1,1597,39.8,153,0,0,0,0,0,0,9.400000000000034,6.656050467258646
5629,L52808,L,302.7,312.1,1688,32.0,155,0,0,0,0,0,0,9.400000000000034,5.656542292543542
5630,L52809,L,302.7,312.2,1405,51.4,157,0,0,0,0,0,0,9.5,7.5625465554764695
5631,M20490,M,302.8,312.2,1615,32.9,159,0,0,0,0,0,0,9.399999999999977,5.5641271086504425
5632,L52811,L,302.8,312.2,1515,36.8,162,0,0,0,0,0,0,9.399999999999977,5.83833578743127
5633,L52812,L,302.7,312.2,1376,52.8,164,0,0,0,0,0,0,9.5,7.608183424757617
5634,L52813,L,302.7,312.2,1447,47.5,166,0,0,0,0,0,0,9.5,7.197650568762015
5635,M20494,M,302.6,312.2,1353,56.5,168,0,0,0,0,0,0,9.599999999999966,8.00524932024483
5636,L52815,L,302.6,312.1,1502,47.3,171,0,0,0,0,0,0,9.5,7.439773114574181
5637,L52816,L,302.6,312.0,1447,45.5,173,0,0,0,0,0,0,9.399999999999977,6.89459159744572
5638,M20497,M,302.5,312.0,1487,46.1,175,0,0,0,0,0,0,9.5,7.178612517281262
5639,L52818,L,302.6,312.1,1519,38.1,178,0,0,0,0,0,0,9.5,6.060540635819678
5640,L52819,L,302.6,312.1,1668,28.7,180,0,0,0,0,0,1,9.5,5.0131022291863045
5641,L52820,L,302.6,312.1,1420,51.6,182,0,0,0,0,0,0,9.5,7.673025897127711
5642,L52821,L,302.6,312.1,1473,37.3,184,0,0,0,0,0,0,9.5,5.753607033563954
5643,L52822,L,302.5,312.0,1495,38.8,186,0,0,0,0,0,0,9.5,6.0743741154709845
5644,L52823,L,302.5,312.0,1574,42.0,188,0,0,0,0,0,0,9.5,6.922813571450469
5645,L52824,L,302.5,312.0,1383,51.3,190,0,0,0,0,0,0,9.5,7.429646714254108
5646,M20505,M,302.5,312.0,1591,29.4,192,0,0,0,0,0,0,9.5,4.898308433624134
5647,M20506,M,302.4,311.8,1644,37.2,195,0,0,0,0,0,0,9.400000000000034,6.404325119902009
5648,H35061,H,302.5,311.8,2370,14.7,198,0,0,0,0,0,0,9.300000000000011,3.648331548613826
5649,L52828,L,302.5,311.9,1401,44.9,203,0,0,0,0,0,0,9.399999999999977,6.587385723826684
5650,M20509,M,302.5,311.9,1414,51.6,205,0,0,0,0,0,0,9.399999999999977,7.640604660942665
5651,L52830,L,302.5,312.0,1456,46.3,208,0,0,0,0,0,0,9.5,7.0594519079306
5652,M20511,M,302.5,312.0,1447,45.7,210,0,0,0,0,0,0,9.5,6.924897494577349
5653,L52832,L,302.4,311.8,1727,26.5,213,0,0,0,0,0,0,9.400000000000034,4.79255195292879
5654,L52833,L,302.4,311.7,1495,36.8,215,0,0,0,0,0,0,9.300000000000011,5.761262047663201
5655,L52834,L,302.3,311.6,1544,34.3,0,0,0,0,0,0,0,9.300000000000011,5.545874455333085
5656,L52835,L,302.3,311.5,1387,47.3,2,0,0,0,0,0,0,9.199999999999989,6.870150006600791
5657,M20516,M,302.3,311.5,1316,47.2,4,0,0,0,0,0,0,9.199999999999989,6.504688533208691
5658,L52837,L,302.3,311.5,1794,26.1,7,0,0,0,0,0,0,9.199999999999989,4.903334981869878
5659,M20518,M,302.2,311.4,1372,55.1,9,0,0,0,0,0,0,9.199999999999989,7.916520271731944
5660,M20519,M,302.3,311.5,1674,30.0,12,0,0,0,0,0,0,9.199999999999989,5.259026102109313
5661,L52840,L,302.2,311.4,1477,41.7,15,0,0,0,0,0,0,9.199999999999989,6.449783965599453
5662,L52841,L,302.2,311.4,1397,53.0,17,0,0,0,0,0,0,9.199999999999989,7.753555388814728
5663,L52842,L,302.2,311.5,1616,34.0,19,0,0,0,0,0,0,9.300000000000011,5.753722225294587
5664,M20523,M,302.3,311.5,1530,42.3,21,0,0,0,0,0,0,9.199999999999989,6.777357831589261
5665,M20524,M,302.2,311.4,1539,35.1,24,0,0,0,0,0,0,9.199999999999989,5.65684597983339
5666,L52845,L,302.3,311.4,1845,21.9,27,0,0,0,0,0,0,9.099999999999966,4.231254065487413
5667,L52846,L,302.2,311.4,1430,43.1,29,0,0,0,0,0,0,9.199999999999989,6.454192667289991
5668,L52847,L,302.2,311.4,2080,19.2,31,0,0,0,0,0,0,9.199999999999989,4.182088140458733
5669,M20528,M,302.2,311.4,1432,45.3,33,0,0,0,0,0,0,9.199999999999989,6.793128626710281
5670,M20529,M,302.2,311.5,1479,39.5,36,0,0,0,0,0,0,9.300000000000011,6.117780453968083
5671,L52850,L,302.2,311.5,1424,45.2,39,0,0,0,0,0,0,9.300000000000011,6.740266094325878
5672,H35085,H,302.2,311.6,1534,37.2,41,0,0,0,0,0,0,9.400000000000034,5.975811881952361
5673,H35086,H,302.1,311.6,1701,26.2,46,0,0,0,0,0,0,9.5,4.666961550613781
5674,L52853,L,302.2,311.6,1462,50.0,51,0,0,0,0,0,0,9.400000000000034,7.65501409924713
5675,M20534,M,302.2,311.7,1393,42.5,53,0,0,0,0,0,0,9.5,6.199671302471657
5676,M20535,M,302.3,311.7,1453,42.5,56,0,0,0,0,0,0,9.399999999999977,6.4667066780267906
5677,L52856,L,302.3,311.8,1565,37.8,59,0,0,0,0,0,0,9.5,6.194906553613713
5678,L52857,L,302.3,311.8,1281,51.7,61,0,0,0,0,0,0,9.5,6.935348526138292
5679,M20538,M,302.2,311.7,1584,36.2,63,0,0,0,0,0,0,9.5,6.0047145343653865
5680,M20539,M,302.2,311.7,1466,49.0,66,0,0,0,0,0,0,9.5,7.52243888926564
5681,M20540,M,302.2,311.6,1386,50.5,69,0,0,0,0,0,0,9.400000000000034,7.329649820090346
5682,L52861,L,302.2,311.6,1383,44.3,72,0,0,0,0,0,0,9.400000000000034,6.415854764940682
5683,H35096,H,302.3,311.6,1441,53.9,74,0,0,0,0,0,0,9.300000000000011,8.133572908168462
5684,M20543,M,302.2,311.6,1592,37.7,79,0,0,0,0,0,0,9.400000000000034,6.285112150673788
5685,H35098,H,302.2,311.6,1594,36.8,82,0,0,0,0,0,0,9.400000000000034,6.142777059515146
5686,L52865,L,302.2,311.5,1482,45.6,87,0,0,0,0,0,0,9.300000000000011,7.076877275182513
5687,L52866,L,302.2,311.6,1658,31.4,89,0,0,0,0,0,0,9.400000000000034,5.451836115235631
5688,L52867,L,302.3,311.7,2170,18.2,91,0,0,0,0,0,0,9.399999999999977,4.135802008695843
5689,M20548,M,302.3,311.7,1423,44.6,93,0,0,0,0,0,0,9.399999999999977,6.646123034473303
5690,L52869,L,302.4,311.8,1543,31.1,96,0,0,0,0,0,0,9.400000000000034,5.02521830485365
5691,L52870,L,302.3,311.8,1435,44.8,98,0,0,0,0,0,0,9.5,6.732223617132687
5692,L52871,L,302.4,311.8,1320,56.4,100,0,0,0,0,0,0,9.400000000000034,7.79617632914843
5693,M20552,M,302.4,311.9,1313,55.7,102,0,0,0,0,0,0,9.5,7.65858504289671
5694,M20553,M,302.4,311.8,1453,42.1,105,0,0,0,0,0,0,9.400000000000034,6.405843556351244
5695,L52874,L,302.4,311.8,1508,45.7,108,0,0,0,0,0,0,9.400000000000034,7.216824755924424
5696,L52875,L,302.4,311.8,1451,42.0,110,0,0,0,0,0,0,9.400000000000034,6.381831316502305
5697,H35110,H,302.5,311.9,1595,34.6,112,0,0,0,0,0,0,9.399999999999977,5.779169125788664
5698,L52877,L,302.5,311.9,1354,49.4,117,0,0,0,0,0,0,9.399999999999977,7.0044530925417545
5699,L52878,L,302.5,311.9,1265,59.8,119,0,0,0,0,0,0,9.399999999999977,7.9217353155369015
5700,L52879,L,302.4,311.9,1867,25.9,121,0,0,0,0,0,0,9.5,5.063755174737683
5701,L52880,L,302.5,311.9,1497,41.6,123,0,0,0,0,0,0,9.399999999999977,6.521443694027837
5702,M20561,M,302.5,311.9,1347,54.3,125,0,0,0,0,0,0,9.399999999999977,7.659422800937667
5703,L52882,L,302.3,311.7,1544,43.2,128,0,0,0,0,0,0,9.399999999999977,6.984891442285402
5704,H35117,H,302.3,311.7,1456,45.4,130,0,0,0,0,0,0,9.399999999999977,6.922227140821796
5705,L52884,L,302.5,311.8,1335,52.7,135,0,0,0,0,0,0,9.300000000000011,7.367506011566103
5706,L52885,L,302.4,311.9,1452,43.1,137,0,0,0,0,0,0,9.5,6.5534879390944525
5707,L52886,L,302.4,311.9,1290,70.0,139,1,0,0,1,0,0,9.5,9.456193887305277
5708,L52887,L,302.4,311.8,1448,43.4,141,0,0,0,0,0,0,9.400000000000034,6.580924514935803
5709,L52888,L,302.3,311.7,1611,38.6,143,0,0,0,0,0,0,9.399999999999977,6.5119560842139945
5710,L52889,L,302.2,311.7,1556,38.6,145,0,0,0,0,0,0,9.5,6.289636044094957
5711,H35124,H,302.2,311.7,1413,46.5,147,0,0,0,0,0,0,9.5,6.880559150259685
5712,L52891,L,302.2,311.6,1545,35.9,152,0,0,0,0,0,0,9.400000000000034,5.808333577589489
5713,L52892,L,302.2,311.7,1330,54.6,154,0,0,0,0,0,0,9.5,7.604539177279454
5714,L52893,L,302.2,311.9,1596,38.0,156,0,0,0,0,0,0,9.699999999999989,6.351043708497126
5715,L52894,L,302.2,311.8,1618,36.0,158,0,0,0,0,0,0,9.600000000000023,6.099716296209942
5716,H35129,H,302.2,311.9,1597,35.8,160,0,0,0,0,0,0,9.699999999999989,5.98710067155426
5717,L52896,L,302.3,312.0,1354,52.2,165,0,0,0,0,0,0,9.699999999999989,7.40146662815141
5718,L52897,L,302.3,312.0,1746,28.1,167,0,0,0,0,0,0,9.699999999999989,5.137823457533819
5719,L52898,L,302.4,312.0,1621,32.5,169,0,0,0,0,0,0,9.600000000000023,5.516898499091476
5720,L52899,L,302.3,312.0,1398,43.3,171,0,0,0,0,0,0,9.699999999999989,6.339042824560413
5721,L52900,L,302.3,311.9,1434,51.9,173,0,0,0,0,0,0,9.599999999999966,7.79372588687863
5722,M20581,M,302.3,311.8,1443,43.4,175,0,0,0,0,0,0,9.5,6.558200328074837
5723,L52902,L,302.2,311.7,1488,44.6,178,0,0,0,0,0,0,9.5,6.949705604565197
5724,M20583,M,302.3,311.8,1475,48.0,180,0,0,0,0,0,0,9.5,7.414158662471912
5725,L52904,L,302.3,311.8,1433,50.3,183,0,0,0,0,0,0,9.5,7.548189477049565
5726,M20585,M,302.3,311.8,1557,34.1,185,0,0,0,0,0,0,9.5,5.5599592623966805
5727,M20586,M,302.4,311.9,1398,50.1,188,0,0,0,0,0,0,9.5,7.3345507046299465
5728,M20587,M,302.3,311.8,1559,34.4,191,0,0,0,0,0,0,9.5,5.616078579165305
5729,M20588,M,302.4,311.9,1422,46.4,194,0,0,0,0,0,0,9.5,6.9094932185992475
5730,M20589,M,302.3,311.8,1463,35.7,197,0,0,0,0,0,0,9.5,5.4694185621202225
5731,L52910,L,302.3,311.7,1793,25.3,200,0,0,0,0,0,0,9.399999999999977,4.7503917795176145
5732,L52911,L,302.2,311.6,1872,20.4,202,0,0,0,0,0,0,9.400000000000034,3.999121784313662
5733,L52912,L,302.2,311.7,1412,44.5,204,0,0,0,0,0,0,9.5,6.579961093188702
5734,L52913,L,302.3,311.8,1487,43.2,206,0,0,0,0,0,0,9.5,6.727029517278753
5735,L52914,L,302.3,311.8,1369,56.2,208,1,0,0,0,1,0,9.5,8.05690757544536
5736,L52915,L,302.4,311.8,1673,30.1,210,0,0,0,0,0,0,9.400000000000034,5.273404124487244
5737,M20596,M,302.4,311.9,1439,36.6,212,0,0,0,0,0,0,9.5,5.515317230789169
5738,L52917,L,302.3,311.8,1574,42.8,215,0,0,0,0,0,0,9.5,7.054676687097143
5739,L52918,L,302.3,311.7,1281,48.8,0,0,0,0,0,0,0,9.399999999999977,6.546325107844267
5740,M20599,M,302.2,311.7,1653,31.4,2,0,0,0,0,0,0,9.5,5.435395113681844
5741,M20600,M,302.3,311.7,1535,38.3,5,0,0,0,0,0,0,9.399999999999977,6.156526763362357
5742,M20601,M,302.3,311.7,1483,40.5,8,0,0,0,0,0,0,9.399999999999977,6.289625572119445
5743,L52922,L,302.3,311.7,1414,47.0,11,0,0,0,0,0,0,9.399999999999977,6.959465485742349
5744,M20603,M,302.2,311.6,1379,42.9,13,0,0,0,0,0,0,9.400000000000034,6.195126465099466
5745,H35158,H,302.2,311.5,1482,42.6,16,0,0,0,0,0,0,9.300000000000011,6.611293243920505
5746,L52925,L,302.1,311.5,1987,20.1,21,0,0,0,0,0,0,9.399999999999977,4.182370883797556
5747,M20606,M,302.1,311.5,1635,31.6,23,0,0,0,0,0,0,9.399999999999977,5.410450868012342
5748,L52927,L,302.1,311.5,1533,39.4,26,0,0,0,0,0,0,9.399999999999977,6.3250941531784735
5749,M20608,M,302.2,311.7,1576,34.0,28,0,0,0,0,0,0,9.5,5.611303358331849
5750,H35163,H,302.2,311.8,1330,62.4,31,0,0,0,0,0,0,9.600000000000023,8.690901916890803
5751,L52930,L,302.2,311.8,1981,21.8,36,0,0,0,0,0,0,9.600000000000023,4.522406400646603
5752,H35165,H,302.3,311.8,1475,42.8,38,0,0,0,0,0,0,9.5,6.610958140704121
5753,H35166,H,302.3,311.8,1804,25.0,43,0,0,0,0,0,0,9.5,4.722860955896656
5754,L52933,L,302.2,311.6,1416,54.1,48,0,0,0,0,0,0,9.400000000000034,8.02211967279461
5755,L52934,L,302.1,311.5,1727,27.7,50,0,0,0,0,0,0,9.399999999999977,5.009573173438772
5756,L52935,L,302.1,311.4,1391,49.2,52,0,0,0,0,0,0,9.299999999999955,7.16672682507518
5757,M20616,M,302.0,311.5,1366,52.3,54,0,0,0,0,0,0,9.5,7.481367801307709
5758,L52937,L,301.9,311.3,1366,55.6,57,0,0,0,0,0,0,9.400000000000034,7.953423513436111
5759,L52938,L,301.9,311.3,1501,40.8,59,0,0,0,0,0,0,9.400000000000034,6.413121579332059
5760,L52939,L,301.8,311.3,1551,35.8,61,0,0,0,0,0,0,9.5,5.814648178823204
5761,M20620,M,301.9,311.3,1522,35.6,63,0,0,0,0,0,0,9.400000000000034,5.67405143559955
5762,L52941,L,301.9,311.2,1369,49.8,66,0,0,0,0,0,0,9.300000000000011,7.139394968988948
5763,L52942,L,301.8,311.2,1334,52.3,68,0,0,0,0,0,0,9.399999999999977,7.306108819139446
5764,H35177,H,301.8,311.2,1451,39.4,70,0,0,0,0,0,0,9.399999999999977,5.986765568337877
5765,L52944,L,301.7,311.2,1589,37.9,75,0,0,0,0,0,0,9.5,6.306548284546781
5766,L52945,L,301.7,311.3,1708,30.5,77,0,0,0,0,0,0,9.600000000000023,5.455270923203556
5767,M20626,M,301.7,311.2,1413,42.6,79,0,0,0,0,0,0,9.5,6.303479995721777
5768,M20627,M,301.6,311.2,1415,46.5,82,0,0,0,0,0,0,9.599999999999966,6.890298087485813
5769,L52948,L,301.7,311.3,1421,45.9,85,0,0,0,0,0,0,9.600000000000023,6.830230835949177
5770,L52949,L,301.7,311.3,1348,51.0,87,0,0,0,0,0,0,9.600000000000023,7.19927372496637
5771,L52950,L,301.6,311.2,1408,42.9,89,0,0,0,0,0,0,9.599999999999966,6.325408312443834
5772,L52951,L,301.6,311.2,1525,43.7,91,0,0,0,0,0,0,9.599999999999966,6.978786280561927
5773,L52952,L,301.6,311.3,1706,29.9,93,0,0,0,0,0,0,9.699999999999989,5.341691876800772
5774,H35187,H,301.6,311.2,1395,46.8,95,0,0,0,0,0,0,9.599999999999966,6.836733932742107
5775,L52954,L,301.5,311.1,1602,34.3,100,0,0,0,0,0,0,9.600000000000023,5.754203936168136
5776,L52955,L,301.6,311.1,1907,21.5,102,0,0,0,0,0,0,9.5,4.29356231978361
5777,L52956,L,301.6,311.1,1325,49.2,104,0,0,0,0,0,0,9.5,6.826680836250622
5778,L52957,L,301.6,311.1,1408,44.4,106,0,0,0,0,0,0,9.5,6.546576435256555
5779,M20638,M,301.7,311.1,1489,41.4,108,0,0,0,0,0,0,9.400000000000034,6.455407416449378
5780,L52959,L,301.6,311.1,1680,29.2,111,0,0,0,0,0,0,9.5,5.137132307150029
5781,L52960,L,301.7,311.2,1517,42.4,113,0,0,0,0,0,0,9.5,6.7356584251006115
5782,M20641,M,301.7,311.1,1618,36.7,115,0,0,0,0,0,0,9.400000000000034,6.218321890858469
5783,L52962,L,301.7,311.1,1455,39.8,118,0,0,0,0,0,0,9.400000000000034,6.064216299224378
5784,H35197,H,301.8,311.1,1543,36.4,120,0,0,0,0,0,0,9.300000000000011,5.881605990246714
5785,M20644,M,301.8,311.1,1399,41.8,125,0,0,0,0,0,0,9.300000000000011,6.123822783838488
5786,L52965,L,301.7,311.1,1469,37.2,128,0,0,0,0,0,0,9.400000000000034,5.722599514073024
5787,L52966,L,301.7,311.2,1521,36.7,130,0,0,0,0,0,0,9.5,5.845530034607993
5788,L52967,L,301.7,311.3,1584,38.8,132,0,0,0,0,0,0,9.600000000000023,6.435992373850194
5789,L52968,L,301.8,311.5,1443,43.3,134,0,0,0,0,0,0,9.699999999999989,6.543089267411069
5790,M20649,M,301.8,311.5,1416,49.0,136,0,0,0,0,0,0,9.699999999999989,7.265875489222473
5791,M20650,M,301.7,311.2,1563,34.5,139,0,0,0,0,0,0,9.5,5.646855715194975
5792,M20651,M,301.8,311.3,1542,40.1,142,0,0,0,0,0,0,9.5,6.475262282020066
5793,M20652,M,301.8,311.3,1624,31.6,145,0,0,0,0,0,0,9.5,5.374050281132748
5794,L52973,L,301.8,311.3,1471,44.2,148,0,0,0,0,0,0,9.5,6.808689982321064
5795,M20654,M,301.9,311.5,1492,40.8,150,0,0,0,0,0,0,9.600000000000023,6.37466848525212
5796,M20655,M,301.9,311.4,1465,39.9,153,0,0,0,0,0,0,9.5,6.121236205887032
5797,L52976,L,301.7,311.1,1399,55.1,156,0,0,0,0,0,0,9.400000000000034,8.072311851423462
5798,L52977,L,301.6,311.0,1431,42.6,158,0,0,0,0,0,0,9.399999999999977,6.383779103947532
5799,L52978,L,301.5,310.9,1600,39.0,160,0,0,0,0,0,0,9.399999999999977,6.534512719466769
5800,L52979,L,301.5,310.8,1593,34.5,162,0,0,0,0,0,0,9.300000000000011,5.755240661743822
5801,L52980,L,301.5,310.9,1469,44.7,164,0,0,0,0,0,0,9.399999999999977,6.876349416103875
5802,L52981,L,301.5,310.8,1413,44.6,166,0,0,0,0,0,0,9.300000000000011,6.5994180236899345
5803,L52982,L,301.4,310.8,1490,38.0,168,0,0,0,0,0,0,9.400000000000034,5.929232534875135
5804,L52983,L,301.5,310.9,1671,31.1,170,0,0,0,0,0,0,9.399999999999977,5.442086706033992
5805,L52984,L,301.5,310.9,1365,46.5,172,0,0,0,0,0,0,9.399999999999977,6.646824656832604
5806,M20665,M,301.4,310.9,1557,39.3,174,0,0,0,0,0,0,9.5,6.407812287747492
5807,L52986,L,301.4,310.9,1440,45.4,177,0,0,0,0,0,0,9.5,6.846158710702876
5808,M20667,M,301.4,310.9,1489,38.9,179,0,0,0,0,0,0,9.5,6.0655881280164445
5809,L52988,L,301.4,311.0,1733,25.7,182,0,0,0,0,0,0,9.600000000000023,4.664018925494919
5810,H35223,H,301.3,311.0,1580,36.6,184,0,0,0,0,0,0,9.699999999999989,6.055733999059686
5811,L52990,L,301.3,311.0,1856,21.9,189,0,0,0,0,0,0,9.699999999999989,4.2564810544957385
5812,L52991,L,301.3,311.1,1454,40.3,191,0,0,0,0,0,0,9.800000000000011,6.136179714942608
5813,L52992,L,301.4,311.1,1495,36.3,193,0,0,0,0,0,0,9.700000000000045,5.682984030711256
5814,L52993,L,301.2,311.0,1761,29.1,195,0,0,0,0,0,0,9.800000000000011,5.366374323082478
5815,M20674,M,301.3,311.0,1402,47.5,197,0,0,0,0,0,0,9.699999999999989,6.973812092193742
5816,L52995,L,301.2,311.0,1670,33.0,200,0,0,0,0,0,0,9.800000000000011,5.77110570464445
5817,L52996,L,301.3,311.0,1582,35.6,202,0,0,0,0,0,0,9.699999999999989,5.897732832535143
5818,L52997,L,301.3,311.0,1542,35.1,204,0,0,0,0,0,0,9.699999999999989,5.6678729700474895
5819,L52998,L,301.3,311.0,1539,36.9,206,0,0,0,0,0,0,9.699999999999989,5.946940645465871
5820,L52999,L,301.3,311.0,1418,41.9,208,0,0,0,0,0,0,9.699999999999989,6.221840474630489
5821,L53000,L,301.3,311.1,1723,27.6,210,0,0,0,0,0,0,9.800000000000011,4.979927010764397
5822,L53001,L,301.3,311.1,1303,49.2,212,0,0,0,0,0,0,9.800000000000011,6.713332173309102
5823,M20682,M,301.3,311.0,1463,50.2,214,0,0,0,0,0,0,9.699999999999989,7.690891087351125
5824,L53003,L,301.2,311.0,1544,39.3,217,0,0,0,0,0,0,9.800000000000011,6.354310964856859
5825,L53004,L,301.2,311.0,1596,37.2,219,0,0,0,0,0,0,9.800000000000011,6.217337525160345
5826,L53005,L,301.3,311.1,1413,42.0,221,0,0,0,0,0,0,9.800000000000011,6.214698587331329
5827,M20686,M,301.3,311.1,1492,41.2,223,0,0,0,0,0,0,9.800000000000011,6.437165235107535
5828,L53007,L,301.3,311.1,1624,40.9,0,0,0,0,0,0,0,9.800000000000011,6.955653686655993
5829,L53008,L,301.3,311.1,1504,39.1,2,0,0,0,0,0,0,9.800000000000011,6.15819180746876
5830,M20689,M,301.2,311.1,1574,34.3,4,0,0,0,0,0,0,9.900000000000034,5.653631083351215
5831,M20690,M,301.3,311.2,1438,42.4,7,0,0,0,0,0,0,9.899999999999977,6.384889133351798
5832,L53011,L,301.3,311.3,1474,50.7,10,0,0,0,0,0,0,10.0,7.82589579565139
5833,L53012,L,301.3,311.2,1675,32.1,12,0,0,0,0,0,0,9.899999999999977,5.630519433396306
5834,L53013,L,301.3,311.2,1457,44.5,14,0,0,0,0,0,0,9.899999999999977,6.7896624028158215
5835,L53014,L,301.3,311.3,1434,49.8,16,0,0,0,0,0,0,10.0,7.478372816311287
5836,L53015,L,301.3,311.2,1668,30.1,18,0,0,0,0,0,0,9.899999999999977,5.257643801341735
5837,L53016,L,301.2,311.1,1550,39.7,20,0,0,0,0,0,0,9.900000000000034,6.443930131288265
5838,M20697,M,301.3,311.1,1834,25.4,22,0,0,0,0,0,0,9.800000000000011,4.878223184592183
5839,M20698,M,301.4,311.2,1476,36.5,25,0,0,0,0,0,0,9.800000000000011,5.641672087316549
5840,M20699,M,301.4,311.2,1541,36.3,28,0,0,0,0,0,0,9.800000000000011,5.857845077810064
5841,M20700,M,301.3,311.1,1581,30.9,31,0,0,0,0,0,0,9.800000000000011,5.115863724885227
5842,M20701,M,301.3,311.1,1678,30.7,34,0,0,0,0,0,0,9.800000000000011,5.394596297087224
5843,L53022,L,301.4,311.2,1355,50.6,37,0,0,0,0,0,0,9.800000000000011,7.179900570269234
5844,L53023,L,301.5,311.2,1700,28.8,39,0,0,0,0,0,0,9.699999999999989,5.127079210658542
5845,L53024,L,301.4,311.1,1462,37.1,41,0,0,0,0,0,0,9.700000000000045,5.68002046164137
5846,M20705,M,301.4,311.2,1727,26.5,43,0,0,0,0,0,0,9.800000000000011,4.79255195292879
5847,L53026,L,301.4,311.3,1674,33.3,46,0,0,0,0,0,0,9.900000000000034,5.837518973341338
5848,L53027,L,301.4,311.3,1397,42.3,48,0,0,0,0,0,0,9.900000000000034,6.188214961261567
5849,L53028,L,301.4,311.3,2323,15.9,50,0,0,0,0,0,0,9.900000000000034,3.8678974591732174
5850,M20709,M,301.4,311.2,1434,47.6,52,0,0,0,0,0,0,9.800000000000011,7.148002932859785
5851,L53030,L,301.3,311.1,1560,35.3,55,0,0,0,0,0,0,9.800000000000011,5.766707474929423
5852,L53031,L,301.2,311.0,1573,32.8,57,0,0,0,0,0,0,9.800000000000011,5.402952933545774
5853,H35266,H,301.2,310.9,1798,22.3,59,0,0,0,0,0,0,9.699999999999989,4.198780469424806
5854,L53033,L,301.2,311.0,1567,35.1,64,0,0,0,0,0,0,9.800000000000011,5.759764555164991
5855,L53034,L,301.2,310.9,1416,53.3,66,0,0,0,0,0,0,9.699999999999989,7.903493134195058
5856,M20715,M,301.2,310.9,1424,45.2,68,0,0,0,0,0,0,9.699999999999989,6.740266094325878
5857,H35270,H,301.2,310.9,1598,35.9,71,0,0,0,0,0,0,9.699999999999989,6.007583855655666
5858,L53037,L,301.3,310.9,1760,23.9,76,0,0,0,0,0,0,9.599999999999966,4.404931779353368
5859,L53038,L,301.3,311.0,1348,44.5,78,0,0,0,0,0,0,9.699999999999989,6.281719230607911
5860,L53039,L,301.3,311.0,1542,33.6,80,0,0,0,0,0,0,9.699999999999989,5.425656176455717
5861,L53040,L,301.3,310.9,1566,33.1,82,0,0,0,0,0,0,9.599999999999966,5.428106618725517
5862,L53041,L,301.3,311.0,1554,47.7,84,0,0,0,0,0,0,9.699999999999989,7.762435624048876
5863,L53042,L,301.4,311.0,1470,40.6,86,0,0,0,0,0,0,9.600000000000023,6.249884425051535
5864,M20723,M,301.4,311.1,1758,25.4,88,0,0,0,0,0,0,9.700000000000045,4.676072169309192
5865,M20724,M,301.4,311.0,1486,36.5,91,0,0,0,0,0,0,9.600000000000023,5.679894797935226
5866,M20725,M,301.5,311.1,1402,40.0,94,0,0,0,0,0,0,9.600000000000023,5.87268386711052
5867,L53046,L,301.5,311.1,1459,45.1,97,0,0,0,0,0,0,9.600000000000023,6.890654134653221
5868,L53047,L,301.5,311.0,1494,45.3,99,0,0,0,0,0,0,9.5,7.087244530939357
5869,L53048,L,301.5,311.1,1731,27.9,101,0,0,0,0,0,0,9.600000000000023,5.057430101528456
5870,L53049,L,301.5,311.1,2076,18.7,103,0,0,0,0,0,0,9.600000000000023,4.0653465574513366
5871,L53050,L,301.5,311.1,2055,16.8,105,0,0,0,0,0,0,9.600000000000023,3.615344825751134
5872,L53051,L,301.5,311.1,1469,49.5,107,0,0,0,0,0,0,9.600000000000023,7.61474935340362
5873,M20732,M,301.5,311.0,1504,42.6,109,0,0,0,0,0,0,9.5,6.70943659841865
5874,M20733,M,301.5,311.1,1396,43.5,112,0,0,0,0,0,0,9.600000000000023,6.359211849396458
5875,M20734,M,301.5,311.1,1660,33.8,115,0,0,0,0,0,0,9.600000000000023,5.8756160202538705
5876,M20735,M,301.5,311.0,1577,39.7,118,0,0,0,0,0,0,9.5,6.556179236801027
5877,L53056,L,301.5,311.1,1426,52.1,121,0,0,0,0,0,0,9.600000000000023,7.7801123187130745
5878,L53057,L,301.5,311.1,1458,41.4,123,0,0,0,0,0,0,9.600000000000023,6.321010082728807
5879,L53058,L,301.4,311.0,1533,45.8,125,0,0,0,0,0,0,9.600000000000023,7.352520614608479
5880,L53059,L,301.4,311.0,1701,28.4,127,0,0,0,0,0,0,9.600000000000023,5.058843818222571
5881,L53060,L,301.5,311.1,1434,49.6,129,0,0,0,0,0,0,9.600000000000023,7.448339190542969
5882,L53061,L,301.4,311.1,1952,22.7,131,0,0,0,0,0,0,9.700000000000045,4.640174237254172
5883,L53062,L,301.4,311.1,1469,36.9,133,0,0,0,0,0,0,9.700000000000045,5.67644951799179
5884,L53063,L,301.4,311.1,1800,26.0,135,0,0,0,0,0,0,9.700000000000045,4.900884539600078
5885,M20744,M,301.3,311.1,1438,43.0,137,0,0,0,0,0,0,9.800000000000011,6.475241338069043
5886,L53065,L,301.3,311.1,1647,28.2,140,0,0,0,0,0,0,9.800000000000011,4.863750914434646
5887,L53066,L,301.4,311.1,1494,41.9,142,0,0,0,0,0,0,9.700000000000045,6.555310062833534
5888,H35301,H,301.4,311.1,1445,41.4,144,0,0,0,0,0,0,9.700000000000045,6.264649910523406
5889,M20748,M,301.5,311.1,1507,38.6,149,0,0,0,0,0,0,9.600000000000023,6.0915690992616325
5890,M20749,M,301.4,311.0,1234,55.8,152,0,0,0,0,0,0,9.600000000000023,7.2107091222254365
5891,L53070,L,301.4,311.0,1634,32.6,155,0,0,0,0,0,0,9.600000000000023,5.578253803616085
5892,L53071,L,301.4,311.0,1334,53.3,157,0,0,0,0,0,0,9.600000000000023,7.445804972469073
5893,L53072,L,301.4,311.1,1472,44.5,159,0,0,0,0,0,0,9.700000000000045,6.859562839358195
5894,M20753,M,301.3,311.0,1410,52.7,161,0,0,0,0,0,0,9.699999999999989,7.781410843676559
5895,L53074,L,301.2,310.9,1597,37.9,164,0,0,0,0,0,0,9.699999999999989,6.3382993142990625
5896,M20755,M,301.2,310.9,1460,46.7,166,0,0,0,0,0,0,9.699999999999989,7.140002343568644
5897,L53076,L,301.1,310.8,1274,55.7,169,0,0,0,0,0,0,9.699999999999989,7.431102318850273
5898,M20757,M,301.0,310.7,1517,40.2,171,0,0,0,0,0,0,9.699999999999989,6.3861667143642595
5899,L53078,L,301.0,310.7,1300,57.2,174,0,0,0,0,0,0,9.699999999999989,7.786960990697901
5900,H35313,H,300.9,310.6,1686,27.7,176,0,0,0,0,0,0,9.700000000000045,4.890642947549374
5901,M20760,M,300.9,310.7,1485,41.0,181,0,0,0,0,0,0,9.800000000000011,6.375862290460485
5902,L53081,L,301.0,310.7,1464,45.8,184,0,0,0,0,0,0,9.699999999999989,7.021585244479331
5903,L53082,L,300.9,310.6,1598,35.4,186,0,0,0,0,0,0,9.700000000000045,5.923912771315057
5904,L53083,L,300.9,310.5,1894,21.9,188,0,0,0,0,0,0,9.600000000000023,4.343628834706319
5905,M20764,M,300.8,310.5,1330,59.0,190,0,0,0,0,0,0,9.699999999999989,8.217359184239701
5906,H35319,H,300.8,310.5,1582,31.1,193,0,0,0,0,0,0,9.699999999999989,5.152232895838285
5907,L53086,L,300.7,310.3,1533,35.6,198,0,0,0,0,0,0,9.600000000000023,5.715059691704408
5908,H35321,H,300.8,310.4,1419,46.4,200,0,0,0,0,0,0,9.599999999999966,6.89491622868659
5909,M20768,M,300.8,310.3,1526,36.3,205,0,0,0,0,0,0,9.5,5.80082517114741
5910,H35323,H,300.7,310.2,1364,65.3,208,1,1,0,1,1,0,9.5,9.327304812704
5911,M20770,M,300.8,310.3,1458,43.4,0,0,0,0,0,0,0,9.5,6.626372888657735
5912,M20771,M,300.8,310.4,1288,64.0,3,0,0,0,0,0,0,9.599999999999966,8.632258854023794
5913,M20772,M,300.7,310.3,1659,29.8,6,0,0,0,0,0,0,9.600000000000023,5.177156197556764
5914,H35327,H,300.7,310.2,1479,52.3,9,0,0,0,0,0,0,9.5,8.100251082089384
5915,L53094,L,300.7,310.3,1592,36.0,14,0,0,0,0,0,0,9.600000000000023,6.001698605417941
5916,M20775,M,300.6,310.2,1532,38.7,16,0,0,0,0,0,0,9.599999999999966,6.208666729436436
5917,L53096,L,300.6,310.2,1555,41.9,19,0,0,0,0,0,0,9.599999999999966,6.822963284943873
5918,L53097,L,300.6,310.2,1341,52.6,21,0,0,0,0,0,0,9.599999999999966,7.386575478973393
5919,L53098,L,300.6,310.1,1541,42.0,23,0,0,0,0,0,0,9.5,6.77767199085462
5920,L53099,L,300.6,310.3,1414,50.6,25,0,0,0,0,0,0,9.699999999999989,7.4925309272034655
5921,L53100,L,300.5,310.2,1764,25.9,27,0,0,0,0,0,0,9.699999999999989,4.784394284004968
5922,L53101,L,300.5,310.3,1336,57.1,29,0,0,0,0,0,0,9.800000000000011,7.988609351156318
5923,L53102,L,300.5,310.3,1435,43.3,31,0,0,0,0,0,0,9.800000000000011,6.506814344237618
5924,M20783,M,300.4,310.3,1537,35.0,33,0,0,0,0,0,0,9.900000000000034,5.633399226662097
5925,L53104,L,300.3,310.2,1369,48.8,36,0,0,0,0,0,0,9.899999999999977,6.996033624230133
5926,M20785,M,300.2,310.1,1619,31.3,38,0,0,0,0,0,0,9.900000000000034,5.306642174762223
5927,L53106,L,300.2,310.1,1440,51.1,41,0,0,0,0,0,0,9.900000000000034,7.705698460725045
5928,L53107,L,300.2,310.1,1649,30.5,43,0,0,0,0,0,0,9.900000000000034,5.266827723865728
5929,M20788,M,300.2,310.1,1550,38.7,45,0,0,0,0,0,0,9.900000000000034,6.2816145108527905
5930,L53109,L,300.3,310.2,1471,45.2,48,0,0,0,0,0,0,9.899999999999977,6.962732742102083
5931,L53110,L,300.3,310.3,1483,51.6,50,0,0,0,0,0,0,10.0,8.0134488770707
5932,L53111,L,300.3,310.4,1336,54.4,52,0,0,0,0,0,0,10.099999999999966,7.610864250488681
5933,L53112,L,300.5,310.5,1515,36.6,54,0,0,0,0,0,0,10.0,5.806605701630016
5934,L53113,L,300.5,310.5,1373,47.4,56,0,0,0,0,0,0,10.0,6.815182607138481
5935,H35348,H,300.6,310.5,1454,51.2,58,0,0,0,0,0,0,9.899999999999977,7.7958412259320475
5936,L53115,L,300.5,310.5,1646,34.5,63,0,0,0,0,0,0,10.0,5.94672073398012
5937,M20796,M,300.5,310.4,1548,37.3,65,0,0,0,0,0,0,9.899999999999977,6.046560548511203
5938,M20797,M,300.6,310.5,1462,41.3,68,0,0,0,0,0,0,9.899999999999977,6.323041645978128
5939,L53118,L,300.5,310.4,1702,33.1,71,0,0,0,0,0,0,9.899999999999977,5.899513068372177
5940,L53119,L,300.5,310.5,1409,60.9,73,0,0,0,0,0,0,10.0,8.985803219283278
5941,M20800,M,300.6,310.6,1427,52.8,75,0,0,0,0,0,0,10.0,7.890172781343837
5942,L53121,L,300.6,310.7,1438,48.5,78,1,0,0,0,0,0,10.099999999999966,7.3034698813104315
5943,L53122,L,300.7,310.7,1450,43.4,80,0,0,0,0,0,0,10.0,6.59001418968019
5944,L53123,L,300.7,310.7,1541,41.3,82,0,0,0,0,0,0,10.0,6.664710791007042
5945,M20804,M,300.7,310.6,1484,38.0,84,0,0,0,0,0,0,9.900000000000034,5.905356430707853
5946,M20805,M,300.8,310.8,1415,44.5,87,0,0,0,0,0,0,10.0,6.593941180497177
5947,L53126,L,300.7,310.8,1496,46.4,90,0,0,0,0,0,0,10.100000000000023,7.269058969778111
5948,M20807,M,300.7,310.8,1465,45.2,92,0,0,0,0,0,0,10.100000000000023,6.93433274451363
5949,L53128,L,300.7,310.8,2113,18.5,95,0,0,0,0,0,0,10.100000000000023,4.093547587505061
5950,M20809,M,300.7,310.8,1506,44.0,97,0,0,0,0,0,0,10.100000000000023,6.939149853249135
5951,L53130,L,300.7,310.8,1689,28.9,100,0,0,0,0,0,0,10.100000000000023,5.111591158876345
5952,L53131,L,300.7,310.9,1650,29.4,102,0,0,0,0,0,0,10.199999999999989,5.079955320854696
5953,L53132,L,300.7,310.8,1563,33.8,104,0,0,0,0,0,0,10.100000000000023,5.532281831118554
5954,M20813,M,300.7,310.9,1486,38.9,106,0,0,0,0,0,0,10.199999999999989,6.05336733259398
5955,L53134,L,300.8,310.9,1732,25.7,109,0,0,0,0,0,0,10.099999999999966,4.661327627788343
5956,L53135,L,300.7,310.8,1653,31.6,111,0,0,0,0,0,0,10.100000000000023,5.470015464724405
5957,L53136,L,300.7,310.9,1535,37.1,113,0,0,0,0,0,0,10.199999999999989,5.963632974431945
5958,L53137,L,300.7,310.9,1637,37.2,115,0,0,0,0,0,0,10.199999999999989,6.37705609566885
5959,L53138,L,300.6,310.8,1533,38.5,117,0,0,0,0,0,0,10.199999999999989,6.180612307039879
5960,L53139,L,300.6,310.8,1378,51.2,119,0,0,0,0,0,0,10.199999999999989,7.3883557148104275
5961,L53140,L,300.5,310.7,1606,33.5,121,0,0,0,0,0,0,10.199999999999989,5.634027545192816
5962,L53141,L,300.3,310.7,1539,32.3,123,0,0,0,0,0,0,10.399999999999977,5.205587611071751
5963,L53142,L,300.5,310.8,1728,26.3,125,0,0,0,0,0,0,10.300000000000011,4.759135879070106
5964,H35377,H,300.4,310.7,1656,36.3,127,0,0,0,0,0,0,10.300000000000011,6.294997695557083
5965,H35378,H,300.5,310.8,1631,30.5,132,0,0,0,0,0,0,10.300000000000011,5.209336578305035
5966,H35379,H,300.5,310.9,1447,46.5,137,0,0,0,0,0,0,10.399999999999977,7.046121083103867
5967,L53146,L,300.4,310.8,1396,49.3,142,0,0,0,0,0,0,10.400000000000034,7.207106762649319
5968,L53147,L,300.4,310.8,1390,52.5,144,0,0,0,0,0,0,10.400000000000034,7.6419241298571725
5969,L53148,L,300.4,310.8,1348,56.0,146,0,0,0,0,0,0,10.400000000000034,7.905084874472877
5970,M20829,M,300.4,310.8,1491,35.9,148,0,0,0,0,0,0,10.400000000000034,5.605323860314517
5971,L53150,L,300.4,310.8,1520,37.6,151,0,0,0,0,0,0,10.400000000000034,5.9849434445987955
5972,L53151,L,300.5,310.8,1509,33.0,153,0,0,0,0,0,0,10.300000000000011,5.214729645693699
5973,L53152,L,300.5,310.8,1445,46.6,155,0,0,0,0,0,0,10.300000000000011,7.05151415049253
5974,L53153,L,300.5,310.8,1354,51.8,157,0,0,0,0,0,0,10.300000000000011,7.344750408778601
5975,L53154,L,300.5,310.7,1488,39.4,159,0,0,0,0,0,0,10.199999999999989,6.139426027351317
5976,H35389,H,300.5,310.7,1654,28.6,161,0,0,0,0,0,0,10.199999999999989,4.953705184082434
5977,H35390,H,300.5,310.6,1378,51.5,166,0,0,0,0,0,0,10.100000000000023,7.431646861576895
5978,L53157,L,300.6,310.7,1750,30.6,171,0,0,0,0,0,0,10.099999999999966,5.607742886657781
5979,L53158,L,300.5,310.6,1448,46.3,173,0,0,0,0,0,0,10.100000000000023,7.0206637106342775
5980,H35393,H,300.6,310.7,1501,45.3,175,0,0,0,0,0,0,10.099999999999966,7.120451165287802
5981,M20840,M,300.6,310.7,1654,32.0,180,0,0,0,0,0,0,10.099999999999966,5.542607198973352
5982,M20841,M,300.7,310.7,1347,46.5,183,0,0,0,0,0,0,10.0,6.559174221797449
5983,L53162,L,300.7,310.8,1486,37.1,186,0,0,0,0,0,0,10.100000000000023,5.773262931599915
5984,H35397,H,300.8,310.8,1466,45.2,188,0,0,0,0,0,0,10.0,6.93906607744504
5985,H35398,H,300.7,310.8,1346,52.0,193,0,0,0,0,0,0,10.100000000000023,7.329545100335228
5986,L53165,L,300.7,310.7,1314,42.4,198,0,0,0,0,0,0,10.0,5.834314548834676
5987,L53166,L,300.6,310.7,1440,52.5,200,0,0,0,0,0,0,10.099999999999966,7.916813487046279
5988,L53167,L,300.7,310.8,1608,39.5,202,0,0,0,0,0,0,10.100000000000023,6.6513799661803095
5989,H35402,H,300.7,310.8,1296,58.2,204,0,0,0,0,0,0,10.100000000000023,7.898717913361602
5990,L53169,L,300.7,310.7,1507,46.1,209,0,0,0,0,0,0,10.0,7.275164131501588
5991,M20850,M,300.7,310.7,1343,51.6,211,0,0,0,0,0,0,10.0,7.256953366086279
5992,L53171,L,300.7,310.7,1416,40.4,214,0,0,0,0,0,0,10.0,5.990640199277305
5993,L53172,L,300.7,310.6,1288,47.2,216,0,0,0,0,0,0,9.900000000000034,6.366290904842549
5994,M20853,M,300.7,310.6,1407,42.4,218,0,0,0,0,0,0,9.900000000000034,6.247245487222519
5995,L53174,L,300.6,310.4,1608,39.2,221,0,0,0,0,0,0,9.799999999999955,6.600863156310587
5996,L53175,L,300.6,310.3,1920,22.3,223,0,0,0,0,0,0,9.699999999999989,4.483681035203353
5997,M20856,M,300.5,310.2,1386,48.2,225,0,0,0,0,0,0,9.699999999999989,6.995824184719895
5998,M20857,M,300.5,310.2,1571,34.6,228,0,0,0,0,0,0,9.699999999999989,5.692209841137299
5999,M20858,M,300.4,310.2,1613,36.9,231,0,0,0,0,0,0,9.800000000000011,6.232888408795614
6000,M20859,M,300.4,310.2,1671,30.5,234,1,1,0,0,0,0,9.800000000000011,5.337094679551021
6001,H35414,H,300.4,310.2,1431,43.2,0,0,0,0,0,0,0,9.800000000000011,6.473691485693271
6002,M20861,M,300.4,310.2,1380,47.3,5,0,0,0,0,0,0,9.800000000000011,6.835477295680672
6003,L53182,L,300.5,310.3,1683,31.5,8,0,0,0,0,0,0,9.800000000000011,5.551665457791203
6004,L53183,L,300.4,310.2,1529,36.2,10,0,0,0,0,0,0,9.800000000000011,5.796217501922145
6005,L53184,L,300.5,310.4,1761,26.5,12,0,0,0,0,0,0,9.899999999999977,4.886904452291603
6006,L53185,L,300.6,310.5,1570,38.3,14,0,0,0,0,0,0,9.899999999999977,6.296903595100261
6007,M20866,M,300.6,310.5,2156,18.0,16,0,0,0,0,0,0,9.899999999999977,4.063964256683756
6008,M20867,M,300.7,310.6,1349,54.5,19,0,0,0,0,0,0,9.900000000000034,7.699048756274946
6009,L53188,L,300.7,310.7,1431,39.3,22,0,0,0,0,0,0,10.0,5.889261004345961
6010,L53189,L,300.6,310.6,1931,22.0,24,0,0,0,0,0,0,10.0,4.448704636993386
6011,H35424,H,300.7,310.7,1428,43.4,26,0,0,0,0,0,0,10.0,6.490027767491938
6012,L53191,L,300.8,310.8,1564,36.2,31,0,0,0,0,0,0,10.0,5.928897431658753
6013,H35426,H,300.8,310.9,1425,44.0,33,0,0,0,0,0,0,10.099999999999966,6.565928646002667
6014,L53193,L,300.7,310.8,1597,30.5,38,0,0,0,0,0,0,10.100000000000023,5.100742192245948
6015,H35428,H,300.8,310.8,1618,32.8,40,0,0,0,0,0,0,10.0,5.557519292102391
6016,M20875,M,300.8,310.8,1520,38.0,45,0,0,0,0,0,0,10.0,6.048613055711549
6017,L53196,L,300.7,310.7,1425,45.3,48,0,0,0,0,0,0,10.0,6.7599219923618366
6018,L53197,L,300.8,310.9,1398,38.2,50,0,0,0,0,0,0,10.099999999999966,5.592411914508263
6019,M20878,M,300.8,310.9,1557,31.6,52,0,0,0,0,0,0,10.099999999999966,5.152337615593405
6020,L53199,L,300.7,310.8,1519,43.9,55,0,0,0,0,0,0,10.100000000000023,6.9831426223749045
6021,L53200,L,300.7,310.8,1619,34.9,57,0,0,0,0,0,0,10.100000000000023,5.916990795501648
6022,L53201,L,300.7,310.8,1814,21.4,59,0,0,0,0,0,0,10.100000000000023,4.065179005843144
6023,L53202,L,300.7,310.9,1521,39.4,61,0,0,0,0,0,0,10.199999999999989,6.275582652957898
6024,M20883,M,300.7,310.9,1369,51.2,63,0,0,0,0,0,0,10.199999999999989,7.340100851651288
6025,L53204,L,300.7,310.9,1356,65.3,66,1,0,0,1,0,0,10.199999999999989,9.272599212629489
6026,L53205,L,300.7,311.0,1336,53.3,68,0,0,0,0,0,0,10.300000000000011,7.456968098364829
6027,L53206,L,300.7,311.0,1403,48.3,70,0,0,0,0,0,0,10.300000000000011,7.096323733708233
6028,M20887,M,300.7,311.0,1413,44.3,72,0,0,0,0,0,0,10.300000000000011,6.55502731949471
6029,L53208,L,300.6,310.9,1472,47.6,75,0,0,0,0,0,0,10.299999999999955,7.337420025920224
6030,M20889,M,300.7,310.8,1452,47.9,77,0,0,0,0,0,0,10.100000000000023,7.283342744376432
6031,L53210,L,300.6,310.7,1397,53.7,80,0,0,0,0,0,0,10.099999999999966,7.855960837346244
6032,L53211,L,300.6,310.7,1455,40.6,82,0,0,0,0,0,0,10.099999999999966,6.186110094183662
6033,L53212,L,300.7,310.8,1754,27.7,84,0,0,0,0,0,0,10.100000000000023,5.087893078292765
6034,L53213,L,300.6,310.9,1471,37.9,86,0,0,0,0,0,0,10.299999999999955,5.838220595700639
6035,M20894,M,300.6,310.8,1389,48.1,88,0,0,0,0,0,0,10.199999999999989,6.996421087324078
6036,M20895,M,300.6,310.9,1702,30.3,91,0,0,0,0,0,0,10.299999999999955,5.400460603373927
6037,M20896,M,300.6,311.0,1401,54.6,94,0,0,0,0,0,0,10.399999999999977,8.010495779976326
6038,L53217,L,300.7,311.1,1426,46.2,97,0,0,0,0,0,0,10.400000000000034,6.8990631309893296
6039,L53218,L,300.7,311.0,1496,38.3,99,0,0,0,0,0,0,10.300000000000011,6.000106865140121
6040,L53219,L,300.6,310.9,1433,42.6,101,0,0,0,0,0,0,10.299999999999955,6.392701227083728
6041,M20900,M,300.7,311.1,1438,46.6,103,0,0,0,0,0,0,10.400000000000034,7.017354566372497
6042,M20901,M,300.7,311.0,1418,49.3,106,0,0,0,0,0,0,10.300000000000011,7.320685809052102
6043,M20902,M,300.8,311.0,1580,36.6,109,0,0,0,0,0,0,10.199999999999989,6.055733999059686
6044,M20903,M,300.7,310.9,1468,41.8,112,0,0,0,0,0,0,10.199999999999989,6.425855501554611
6045,M20904,M,300.8,310.9,1522,41.7,115,0,0,0,0,0,0,10.099999999999966,6.646290586081495
6046,L53225,L,300.8,310.9,1311,55.8,118,0,0,0,0,0,0,10.099999999999966,7.660648022072566
6047,L53226,L,300.9,311.0,1316,56.5,120,0,0,0,0,0,0,10.100000000000023,7.786332672167182
6048,H35461,H,300.9,311.0,1853,23.6,122,0,0,0,0,0,0,10.100000000000023,4.579478667186818
6049,M20908,M,300.9,311.0,1556,38.8,127,0,0,0,0,0,0,10.100000000000023,6.322224831888195
6050,M20909,M,300.9,311.0,1567,34.3,130,0,0,0,0,0,0,10.100000000000023,5.6284878701469845
6051,M20910,M,300.9,311.1,1546,37.7,133,0,0,0,0,0,0,10.200000000000045,6.1035071513452746
6052,L53231,L,300.9,311.0,1382,51.2,136,0,0,0,0,0,0,10.100000000000023,7.409802320658933
6053,L53232,L,300.9,311.0,2003,20.2,138,0,0,0,0,0,0,10.100000000000023,4.237024123994506
6054,L53233,L,300.8,310.9,1748,29.9,140,0,0,0,0,0,0,10.099999999999966,5.473198945280042
6055,H35468,H,300.7,310.8,1518,40.1,142,0,0,0,0,0,0,10.100000000000023,6.374479989692905
6056,L53235,L,300.7,310.8,1475,42.0,147,0,0,0,0,0,0,10.100000000000023,6.487388829662924
6057,L53236,L,300.8,310.8,1634,29.2,149,0,0,0,0,0,0,10.0,4.996472732073303
6058,L53237,L,300.8,310.8,1689,32.9,151,0,0,0,0,0,0,10.0,5.819077824464767
6059,M20918,M,300.9,310.9,1636,35.3,153,0,0,0,0,0,0,10.0,6.047649633964447
6060,L53239,L,300.9,311.0,2235,15.8,156,0,0,0,0,0,0,10.100000000000023,3.6979687125405456
6061,L53240,L,301.0,311.1,1615,35.6,158,0,0,0,0,0,0,10.100000000000023,6.020757600849719
6062,H35475,H,301.1,311.1,1618,29.5,160,0,0,0,0,0,0,10.0,4.998378631616481
6063,M20922,M,301.1,311.2,1407,53.0,165,0,0,0,0,0,0,10.099999999999966,7.809056859028149
6064,L53243,L,301.1,311.1,1450,43.3,168,0,0,0,0,0,0,10.0,6.574829825187838
6065,L53244,L,301.1,311.1,1889,23.8,170,0,0,0,0,0,0,10.0,4.708011694620687
6066,L53245,L,301.0,310.9,1568,38.2,172,0,0,0,0,0,0,9.899999999999977,6.272462004255333
6067,L53246,L,301.0,311.0,1804,25.8,174,0,0,0,0,0,0,10.0,4.873992506485349
6068,L53247,L,301.0,311.0,1582,37.5,176,0,0,0,0,0,0,10.0,6.212499472473816
6069,M20928,M,301.0,310.9,2047,17.9,178,0,0,0,0,0,0,9.899999999999977,3.8370679632659894
6070,L53249,L,300.9,310.9,1601,34.0,181,0,0,0,0,0,0,10.0,5.700315150183561
6071,L53250,L,300.9,310.9,1615,32.0,183,0,0,0,0,0,0,10.0,5.411916944584017
6072,M20931,M,300.9,310.8,1452,43.6,185,0,0,0,0,0,0,9.900000000000034,6.629514481311325
6073,M20932,M,300.9,310.8,1695,30.2,188,0,0,0,0,0,0,9.900000000000034,5.360499544820264
6074,M20933,M,300.9,310.8,1790,26.2,191,0,0,0,0,0,0,9.900000000000034,4.9111470756018045
6075,M20934,M,301.0,310.8,1533,39.3,194,0,0,0,0,0,0,9.800000000000011,6.309040614718629
6076,L53255,L,301.0,310.9,1813,28.5,197,0,0,0,0,0,0,9.899999999999977,5.4109221069103794
6077,L53256,L,301.0,310.9,1492,36.7,199,0,0,0,0,0,0,9.899999999999977,5.734076799234139
6078,L53257,L,300.9,310.7,1479,43.3,201,0,0,0,0,0,0,9.800000000000011,6.706326421691595
6079,L53258,L,300.8,310.7,1339,59.1,203,1,0,0,0,1,0,9.899999999999977,8.286987349418766
6080,M20939,M,300.8,310.7,1371,44.7,205,0,0,0,0,0,0,9.899999999999977,6.417614056826695
6081,L53260,L,300.9,310.7,1468,36.2,208,0,0,0,0,0,0,9.800000000000011,5.564975338666913
6082,L53261,L,300.9,310.7,1517,41.7,210,0,0,0,0,0,0,9.800000000000011,6.624456517139046
6083,L53262,L,300.9,310.7,1352,46.4,212,0,0,0,0,0,0,9.800000000000011,6.569363453970593
6084,L53263,L,300.9,310.7,1389,50.0,214,0,0,0,0,0,0,9.800000000000011,7.272786993060372
6085,M20944,M,300.8,310.6,1505,36.2,0,0,0,0,0,0,0,9.800000000000011,5.7052369786741846
6086,L53265,L,300.9,310.6,1538,36.7,3,0,0,0,0,0,0,9.700000000000045,5.910864689827149
6087,L53266,L,300.9,310.8,1482,37.0,5,0,0,0,0,0,0,9.900000000000034,5.7422030522314245
6088,M20947,M,300.9,310.8,1599,33.0,7,0,0,0,0,0,0,9.900000000000034,5.525747318399087
6089,L53268,L,300.9,310.8,1476,39.0,10,0,0,0,0,0,0,9.900000000000034,6.028087983708096
6090,L53269,L,300.9,310.7,1509,37.5,12,0,0,0,0,0,0,9.800000000000011,5.925829142833748
6091,L53270,L,300.9,310.8,1708,29.1,14,0,0,0,0,0,0,9.900000000000034,5.2048650447614255
6092,L53271,L,300.9,310.7,1412,57.5,16,0,0,0,0,0,1,9.800000000000011,8.502196918165177
6093,L53272,L,300.9,310.7,1658,28.5,18,0,0,0,0,0,0,9.800000000000011,4.948322588669282
6094,L53273,L,301.0,310.8,1375,57.2,20,0,0,0,0,0,0,9.800000000000011,8.236208740161242
6095,M20954,M,300.9,310.8,1402,48.1,22,0,0,0,0,0,0,9.900000000000034,7.061902350200401
6096,M20955,M,300.9,310.7,1452,47.3,25,0,0,0,0,0,0,9.800000000000011,7.192110893716185
6097,M20956,M,300.8,310.7,1483,40.8,28,0,0,0,0,0,0,9.899999999999977,6.336215391172182
6098,H35511,H,300.9,310.8,1477,38.4,31,0,0,0,0,0,0,9.900000000000034,5.939369407170719
6099,M20958,M,300.8,310.7,1924,22.4,36,0,0,0,0,0,0,9.899999999999977,4.513170118245049
6100,H35513,H,300.9,310.7,1609,28.7,39,0,0,0,0,0,0,9.800000000000011,4.835780267842185
6101,M20960,M,300.8,310.7,1886,21.1,44,0,0,0,0,0,0,9.899999999999977,4.167280767084813
6102,L53281,L,300.7,310.6,1616,29.6,47,0,0,0,0,0,0,9.900000000000034,5.009122878491757
6103,L53282,L,300.7,310.7,1442,43.2,49,0,0,0,0,0,0,10.0,6.523454313326133
6104,L53283,L,300.8,310.8,1407,45.1,51,0,0,0,0,0,0,10.0,6.645065364946594
6105,M20964,M,300.8,310.8,1461,41.3,53,0,0,0,0,0,0,10.0,6.318716720091685
6106,M20965,M,300.8,310.9,1522,46.2,56,0,0,0,0,0,0,10.099999999999966,7.363516188896043
6107,L53286,L,300.9,311.0,1432,48.1,59,0,0,0,0,0,0,10.100000000000023,7.21301295683807
6108,L53287,L,300.9,311.0,1438,49.0,61,0,0,0,0,0,0,10.100000000000023,7.3787633852414665
6109,M20968,M,300.8,310.9,1678,28.1,63,0,0,0,0,0,0,10.099999999999966,4.937724949451174
6110,M20969,M,300.8,310.9,1514,38.7,66,0,0,0,0,0,0,10.099999999999966,6.135718948020082
6111,L53290,L,300.7,310.8,1534,41.3,69,0,0,0,0,0,0,10.100000000000023,6.6344363098019485
6112,M20971,M,300.7,310.8,1486,41.2,71,0,0,0,0,0,0,10.100000000000023,6.411278511641956
6113,L53292,L,300.7,310.8,1925,22.0,74,0,0,0,0,0,0,10.100000000000023,4.434881629317591
6114,M20973,M,300.7,310.8,1724,30.0,76,0,0,0,0,0,0,10.100000000000023,5.416105734788803
6115,M20974,M,300.8,310.8,1549,35.5,79,0,0,0,0,0,0,10.0,5.7584869741525315
6116,L53295,L,300.8,310.9,1457,47.7,82,0,0,0,0,0,0,10.099999999999966,7.277907789085724
6117,L53296,L,300.8,310.9,1453,43.9,84,0,0,0,0,0,0,10.099999999999966,6.679727603891202
6118,L53297,L,300.8,311.0,1578,44.4,86,0,0,0,0,0,0,10.199999999999989,7.337001146899746
6119,M20978,M,300.9,311.1,1325,61.4,88,0,0,0,0,0,0,10.200000000000045,8.51947567775992
6120,L53299,L,300.9,311.1,1471,39.3,91,0,0,0,0,0,0,10.200000000000045,6.053880459394067
6121,M20980,M,300.9,311.2,1472,40.0,93,0,0,0,0,0,0,10.300000000000011,6.1658991814455675
6122,L53301,L,300.9,311.1,1457,37.4,96,0,0,0,0,0,0,10.200000000000045,5.706367952029476
6123,L53302,L,301.0,311.0,1402,55.3,98,0,0,0,0,0,0,10.0,8.118985446280295
6124,L53303,L,300.9,310.9,1477,41.5,100,0,0,0,0,0,0,10.0,6.418849749937106
6125,M20984,M,300.9,310.9,1727,30.1,102,0,0,0,0,0,0,10.0,5.443615614458738
6126,L53305,L,300.9,310.9,1995,20.2,105,0,0,0,0,0,0,10.0,4.2201014115671684
6127,L53306,L,300.9,310.9,1370,52.5,107,0,0,0,0,0,0,10.0,7.5319683869815295
6128,L53307,L,300.9,310.9,1228,66.4,109,0,0,0,0,0,0,10.0,8.538765056652963
6129,L53308,L,300.9,311.0,1499,38.0,111,0,0,0,0,0,0,10.100000000000023,5.96504669112606
6130,M20989,M,301.0,311.0,1508,46.9,113,0,0,0,0,0,0,10.0,7.406325624788961
6131,L53310,L,301.0,310.9,1473,44.2,116,0,0,0,0,0,0,9.899999999999977,6.817947208673641
6132,H35545,H,301.0,311.0,1640,37.6,118,0,0,0,0,0,0,10.0,6.4574389796987
6133,L53312,L,301.1,311.1,1429,42.5,123,0,0,0,0,0,0,10.0,6.359892527804737
6134,L53313,L,301.1,311.1,1470,40.9,125,0,0,0,0,0,0,10.0,6.296065837059305
6135,L53314,L,301.0,311.0,1581,37.0,127,0,0,0,0,0,0,10.0,6.125791515234738
6136,L53315,L,301.0,310.9,1740,28.9,129,0,0,0,0,0,0,9.899999999999977,5.265937605947212
6137,H35550,H,300.9,310.8,1390,40.6,131,0,0,0,0,0,0,9.900000000000034,5.90975466042288
6138,M20997,M,300.9,310.8,1988,19.7,136,0,0,0,0,0,0,9.900000000000034,4.1012026016043075
6139,M20998,M,300.8,310.7,1452,43.0,139,0,0,0,0,0,0,9.899999999999977,6.538282630651078
6140,L53319,L,300.8,310.7,1586,33.4,142,0,0,0,0,0,0,9.899999999999977,5.547256756100665
6141,L53320,L,300.8,310.7,1589,34.3,144,0,0,0,0,0,0,9.899999999999977,5.70750939736028
6142,L53321,L,300.8,310.8,1486,45.7,146,0,0,0,0,0,0,10.0,7.111539514127119
6143,L53322,L,300.9,310.9,1755,27.9,148,0,0,0,0,0,0,10.0,5.127550449556581
6144,M21003,M,301.0,310.9,1575,34.6,150,0,0,0,0,0,0,9.899999999999977,5.7067030552458595
6145,M21004,M,301.1,311.1,1615,37.7,153,0,0,0,0,0,0,10.0,6.375914650338046
6146,M21005,M,301.1,311.1,1436,41.8,156,0,0,0,0,0,0,10.0,6.285782357106553
6147,M21006,M,301.1,311.1,1470,40.6,159,0,0,0,0,0,0,10.0,6.249884425051535
6148,M21007,M,301.1,311.1,2089,19.8,162,0,0,0,0,0,0,10.0,4.3314394552103925
6149,L53328,L,301.1,311.2,1564,37.0,165,0,0,0,0,0,0,10.099999999999966,6.059922789264471
6150,M21009,M,301.0,311.1,1420,47.4,167,0,0,0,0,0,0,10.100000000000023,7.04847727759406
6151,L53330,L,301.1,311.1,1711,29.1,170,0,0,0,0,0,0,10.0,5.214007079383372
6152,L53331,L,301.1,311.2,1555,35.3,172,0,0,0,0,0,0,10.099999999999966,5.748224438150803
6153,M21012,M,301.1,311.1,1592,35.7,174,0,0,0,0,0,0,10.0,5.951684450372792
6154,L53333,L,301.0,311.1,1236,64.4,177,1,0,0,0,1,0,10.100000000000023,8.335524955916727
6155,M21014,M,301.0,310.9,1765,24.2,179,0,0,0,0,0,0,9.899999999999977,4.472894900426027
6156,L53335,L,301.0,311.0,1634,31.2,182,0,0,0,0,0,0,10.0,5.338696891804351
6157,L53336,L,301.1,311.1,1508,41.5,184,0,0,0,0,0,0,10.0,6.553571714898547
6158,L53337,L,301.1,311.2,1774,29.6,186,0,0,0,0,0,0,10.099999999999966,5.498876229235382
6159,L53338,L,301.1,311.0,1677,29.1,188,0,0,0,0,0,0,9.899999999999977,5.110397353667981
6160,L53339,L,301.0,311.0,1399,58.0,190,1,0,0,0,1,0,10.0,8.497170369919433
6161,L53340,L,301.0,310.9,1570,34.0,192,0,0,0,0,0,0,9.899999999999977,5.589940528287439
6162,L53341,L,301.0,310.9,1479,44.3,194,0,0,0,0,0,0,9.899999999999977,6.861206939513571
6163,L53342,L,301.0,310.8,1558,34.9,196,0,0,0,0,0,0,9.800000000000011,5.694052908827405
6164,L53343,L,300.8,310.7,1358,48.1,198,0,0,0,0,0,0,9.899999999999977,6.840273460465152
6165,H35578,H,300.9,310.7,1656,30.7,200,0,0,0,0,0,0,9.800000000000011,5.323868574479406
6166,L53345,L,300.9,310.7,1523,35.8,205,0,0,0,0,0,0,9.800000000000011,5.709677096291257
6167,H35580,H,300.9,310.7,1403,40.6,207,0,0,0,0,0,0,9.800000000000011,5.965025747175036
6168,M21027,M,300.9,310.7,1362,51.6,212,0,0,0,0,0,0,9.800000000000011,7.359620614005593
6169,M21028,M,300.7,310.6,1778,27.1,215,0,0,0,0,0,0,9.900000000000034,5.045795736734663
6170,L53349,L,300.7,310.5,1448,38.2,218,0,0,0,0,0,0,9.800000000000011,5.792426646786813
6171,H35584,H,300.8,310.5,1559,40.1,220,0,0,0,0,0,0,9.699999999999989,6.546649739085139
6172,L53351,L,300.8,310.6,1416,42.2,225,0,0,0,0,0,0,9.800000000000011,6.2575499111262936
6173,L53352,L,300.8,310.6,1577,37.9,227,1,1,0,0,0,0,9.800000000000011,6.25892173991836
6174,L53353,L,300.8,310.7,1633,27.8,0,0,0,0,0,0,0,9.899999999999977,4.754004611069242
6175,L53354,L,300.9,310.7,1573,31.2,2,0,0,0,0,0,0,9.800000000000011,5.1393942538606145
6176,L53355,L,300.9,310.8,1517,44.3,4,0,0,0,0,0,0,9.900000000000034,7.037492175282006
6177,L53356,L,301.0,310.9,1515,37.3,6,0,0,0,0,0,0,9.899999999999977,5.917661001934413
6178,L53357,L,301.0,310.8,1527,45.3,8,0,0,0,0,0,0,9.800000000000011,7.243790092867737
6179,L53358,L,301.1,310.9,1282,67.9,10,1,0,0,1,0,0,9.799999999999955,9.115624299705122
6180,M21039,M,301.1,310.9,1396,45.1,12,0,0,0,0,0,0,9.799999999999955,6.593113894431731
6181,L53360,L,301.0,310.9,1492,44.6,15,0,0,0,0,0,0,9.899999999999977,6.968387608878544
6182,L53361,L,301.0,310.8,1975,19.7,17,0,0,0,0,0,0,9.800000000000011,4.074383872318162
6183,L53362,L,301.0,310.8,1475,35.3,19,0,0,0,0,0,0,9.800000000000011,5.452495849692885
6184,H35597,H,301.0,310.9,1495,37.3,21,0,0,0,0,0,0,9.899999999999977,5.839540064615147
6185,L53364,L,301.0,311.0,1553,35.8,26,0,0,0,0,0,0,10.0,5.822146113289772
6186,L53365,L,301.1,311.0,1918,21.7,28,0,0,0,0,0,0,9.899999999999977,4.358499039933312
6187,M21046,M,301.1,311.0,1413,46.6,30,0,0,0,0,0,0,9.899999999999977,6.895356051658093
6188,L53367,L,301.0,311.0,1437,56.0,33,0,0,0,0,0,0,10.0,8.42700813398926
6189,L53368,L,301.0,310.9,1450,45.9,35,0,0,0,0,0,0,9.899999999999977,6.969623301988957
6190,M21049,M,301.0,310.9,1910,21.9,37,0,0,0,0,0,0,9.899999999999977,4.380322636900248
6191,L53370,L,300.9,310.9,1749,26.4,40,0,0,0,0,0,0,10.0,4.835288084993122
6192,H35605,H,301.0,310.9,1916,22.0,42,0,0,0,0,0,0,9.899999999999977,4.414147117803897
6193,L53372,L,301.0,310.9,1428,45.3,47,0,0,0,0,0,0,9.899999999999977,6.774153407082599
6194,L53373,L,301.0,310.9,1578,38.4,49,0,0,0,0,0,0,9.899999999999977,6.345514505426808
6195,L53374,L,300.9,310.8,1571,39.9,51,0,0,0,0,0,0,9.900000000000034,6.564137938190122
6196,L53375,L,300.9,310.8,1729,30.2,53,0,0,0,0,0,0,9.900000000000034,5.468025789377131
6197,L53376,L,300.9,310.8,1701,30.4,55,0,0,0,0,0,0,9.900000000000034,5.415100425139654
6198,L53377,L,300.9,310.8,1493,45.8,57,0,0,0,0,0,0,9.900000000000034,7.160674023229263
6199,M21058,M,301.0,310.9,1554,32.7,59,0,0,0,0,0,0,9.899999999999977,5.321418132209608
6200,L53379,L,300.9,310.9,1497,43.2,62,0,0,0,0,0,0,10.0,6.7722684514904445
6201,L53380,L,301.0,310.9,1679,29.8,64,0,0,0,0,0,0,9.899999999999977,5.239569171608081
6202,M21061,M,301.0,310.9,1510,44.5,66,0,0,0,0,0,0,9.899999999999977,7.0366439452655385
6203,L53382,L,301.0,310.9,1296,54.9,69,0,0,0,0,0,0,9.899999999999977,7.450852464665839
6204,L53383,L,301.0,310.9,1404,41.8,71,0,0,0,0,0,0,9.899999999999977,6.145709212658496
6205,M21064,M,300.9,310.8,1519,34.9,73,0,0,0,0,0,0,9.900000000000034,5.551518850134034
6206,M21065,M,300.9,310.7,1696,27.3,76,0,0,0,0,0,0,9.800000000000011,4.8486084378443435
6207,M21066,M,300.8,310.6,1669,28.4,79,0,0,0,0,0,0,9.800000000000011,4.963674504769825
6208,L53387,L,300.7,310.6,1447,40.7,82,0,0,0,0,0,0,9.900000000000034,6.167250066286611
6209,M21068,M,300.7,310.6,1418,46.3,84,0,0,0,0,0,0,9.900000000000034,6.8752079707730696
6210,L53389,L,300.7,310.6,1407,40.5,87,0,0,0,0,0,0,9.900000000000034,5.967298165861132
6211,L53390,L,300.8,310.5,1434,44.5,89,0,0,0,0,0,0,9.699999999999989,6.6824817334508495
6212,L53391,L,300.8,310.6,1360,48.8,91,0,0,0,0,0,0,9.800000000000011,6.950040707781579
6213,L53392,L,300.8,310.6,1402,53.7,93,0,0,0,0,0,0,9.800000000000011,7.884078091595873
6214,L53393,L,300.9,310.6,1552,34.9,95,0,0,0,0,0,0,9.700000000000045,5.672124592105348
6215,L53394,L,300.9,310.7,1392,44.2,97,0,0,0,0,0,0,9.800000000000011,6.443029541394236
6216,L53395,L,301.1,310.8,1521,41.0,99,0,0,0,0,0,0,9.699999999999989,6.530428649017103
6217,L53396,L,301.1,310.8,1724,27.5,101,0,0,0,0,0,0,9.699999999999989,4.964763590223069
6218,M21077,M,301.0,310.7,1455,46.1,103,0,0,0,0,0,0,9.699999999999989,7.02412993452874
6219,H35632,H,301.0,310.6,1366,50.6,106,0,0,0,0,0,0,9.600000000000023,7.238187585968836
6220,H35633,H,301.1,310.6,1407,43.9,111,0,0,0,0,0,0,9.5,6.468256530402561
6221,L53400,L,301.1,310.8,1470,49.3,116,0,0,0,0,0,0,9.699999999999989,7.589145373276862
6222,M21081,M,301.2,310.9,1359,50.8,118,0,0,0,0,0,0,9.699999999999989,7.229558678146976
6223,H35636,H,301.1,310.8,1792,25.8,121,0,0,0,0,0,0,9.699999999999989,4.841571270300303
6224,M21083,M,301.1,310.9,1552,37.9,126,0,0,0,0,0,0,9.799999999999955,6.159699771942482
6225,L53404,L,301.2,311.0,1612,32.9,129,0,0,0,0,0,0,9.800000000000011,5.553791268820132
6226,M21085,M,301.2,311.0,1424,41.4,131,0,0,0,0,0,0,9.800000000000011,6.173606555422374
6227,H35640,H,301.3,311.0,1341,59.3,134,0,0,0,0,0,0,9.699999999999989,8.327451062797
6228,L53407,L,301.2,310.8,1479,38.2,139,0,0,0,0,0,0,9.600000000000023,5.916435780799514
6229,L53408,L,301.2,310.9,1413,50.1,141,0,0,0,0,0,0,9.699999999999989,7.41324760060237
6230,L53409,L,301.3,310.9,2165,17.4,143,0,0,0,0,0,0,9.599999999999966,3.944897895112703
6231,M21090,M,301.3,311.0,1641,33.0,145,0,0,0,0,0,0,9.699999999999989,5.670888898994935
6232,M21091,M,301.3,311.0,1495,40.8,148,0,0,0,0,0,0,9.699999999999989,6.387486183278767
6233,L53412,L,301.3,311.0,1576,30.4,151,0,0,0,0,0,0,9.699999999999989,5.017165355684948
6234,L53413,L,301.2,310.9,1467,37.1,153,0,0,0,0,0,0,9.699999999999989,5.699445976216067
6235,L53414,L,301.2,310.8,1479,41.2,155,0,0,0,0,0,0,9.600000000000023,6.381077334265445
6236,L53415,L,301.3,310.9,1596,33.9,157,0,0,0,0,0,0,9.599999999999966,5.66579951889612
6237,M21096,M,301.3,310.9,1512,36.9,159,0,0,0,0,0,0,9.599999999999966,5.842608353440154
6238,L53417,L,301.4,310.9,1414,38.8,162,0,0,0,0,0,0,9.5,5.7452608690809175
6239,L53418,L,301.3,310.8,1390,57.4,164,0,0,0,0,0,0,9.5,8.355170381977175
6240,L53419,L,301.2,310.7,1644,31.6,166,0,0,0,0,0,0,9.5,5.440233166368373
6241,M21100,M,301.2,310.7,1394,42.8,168,0,0,0,0,0,0,9.5,6.247915693655284
6242,L53421,L,301.1,310.5,1324,52.4,171,0,0,0,0,0,0,9.399999999999977,7.265205282789708
6243,L53422,L,301.0,310.4,1476,43.6,173,0,0,0,0,0,0,9.399999999999977,6.739093233068537
6244,L53423,L,301.0,310.4,2204,16.6,175,0,0,0,0,0,0,9.399999999999977,3.8313188487099206
6245,M21104,M,301.0,310.4,1665,30.9,177,0,0,0,0,0,0,9.399999999999977,5.387674321273815
6246,L53425,L,300.9,310.4,1445,41.7,180,0,0,0,0,0,0,9.5,6.310045924367779
6247,H35660,H,300.8,310.3,1457,46.8,182,0,0,0,0,0,0,9.5,7.140588774197312
6248,L53427,L,300.8,310.2,1492,46.3,187,0,0,0,0,0,0,9.399999999999977,7.233998795764049
6249,L53428,L,300.8,310.1,1405,61.2,189,1,0,0,1,1,0,9.300000000000011,9.004432863719064
6250,L53429,L,300.7,310.1,1542,35.5,191,0,0,0,0,0,0,9.400000000000034,5.732464115005296
6251,L53430,L,300.8,310.2,1520,37.7,193,0,0,0,0,0,0,9.399999999999977,6.000860847376985
6252,M21111,M,300.8,310.2,1598,36.5,195,0,0,0,0,0,0,9.399999999999977,6.107989156864395
6253,L53432,L,300.8,310.3,1538,36.1,198,0,0,0,0,0,0,9.5,5.814229299802726
6254,L53433,L,300.9,310.4,1615,30.9,200,0,0,0,0,0,0,9.5,5.22588229961394
6255,L53434,L,301.0,310.5,1408,47.0,202,0,0,0,0,0,0,9.5,6.929934514798605
6256,L53435,L,301.0,310.5,1379,57.3,204,1,0,0,0,1,0,9.5,8.274609474363618
6257,L53436,L,301.0,310.6,1493,37.8,206,1,1,0,0,0,0,9.600000000000023,5.909901268080047
6258,L53437,L,301.1,310.7,1376,49.1,0,0,0,0,0,0,0,9.599999999999966,7.075034207492407
6259,M21118,M,301.1,310.7,1583,40.7,2,0,0,0,0,0,0,9.599999999999966,6.746894854824951
6260,M21119,M,301.2,310.8,1396,47.4,5,0,0,0,0,0,0,9.600000000000023,6.929348084169935
6261,L53440,L,301.1,310.7,1436,45.3,8,0,0,0,0,0,0,9.599999999999966,6.812103846337964
6262,L53441,L,301.1,310.6,1417,47.6,10,0,0,0,0,0,0,9.5,7.063263707016956
6263,L53442,L,301.0,310.6,1641,33.4,12,0,0,0,0,0,0,9.600000000000023,5.7396269462554805
6264,M21123,M,301.0,310.6,1698,27.3,14,0,0,0,0,0,0,9.600000000000023,4.854326136473876
6265,L53444,L,300.9,310.4,1541,39.1,17,0,0,0,0,0,0,9.5,6.309689877200372
6266,L53445,L,300.8,310.3,1383,46.6,19,0,0,0,0,0,0,9.5,6.74895783400081
6267,L53446,L,300.8,310.4,1368,46.8,21,0,0,0,0,0,0,9.599999999999966,6.704410050172905
6268,L53447,L,300.8,310.4,1570,35.2,23,0,0,0,0,0,0,9.599999999999966,5.787232546932878
6269,L53448,L,300.9,310.5,1616,33.5,25,0,0,0,0,0,0,9.600000000000023,5.669108663157901
6270,M21129,M,300.9,310.5,1444,43.2,27,0,0,0,0,0,0,9.600000000000023,6.532502100168472
6271,L53450,L,300.9,310.4,2021,18.8,30,0,0,0,0,0,0,9.5,3.978806151820449
6272,M21131,M,300.9,310.5,1702,29.3,32,0,0,0,0,0,0,9.600000000000023,5.222227580160266
6273,M21132,M,301.1,310.6,1429,52.7,35,0,0,0,0,0,0,9.5,7.886266734477875
6274,L53453,L,301.2,310.8,1711,28.9,38,0,0,0,0,0,0,9.600000000000023,5.178171979181425
6275,M21134,M,301.2,310.7,1543,32.9,40,0,0,0,0,0,0,9.5,5.316066952722992
6276,L53455,L,301.3,310.8,1628,32.2,43,0,0,0,0,0,0,9.5,5.489577114980757
6277,L53456,L,301.2,310.8,1233,64.6,45,0,0,0,0,0,0,9.600000000000023,8.341116990840115
6278,L53457,L,301.2,310.8,1461,40.6,47,0,0,0,0,0,0,9.600000000000023,6.211619826530812
6279,L53458,L,301.2,310.7,1568,38.3,49,0,0,0,0,0,0,9.5,6.288882061858095
6280,L53459,L,301.3,310.8,1432,54.4,51,0,0,0,0,0,0,9.5,8.157752699625592
6281,M21140,M,301.2,310.7,1527,41.1,53,0,0,0,0,0,0,9.5,6.572180415383311
6282,M21141,M,301.3,310.8,1455,41.2,56,0,0,0,0,0,0,9.5,6.277530440403125
6283,M21142,M,301.3,310.8,1418,45.4,59,0,0,0,0,0,0,9.5,6.74156461928936
6284,L53463,L,301.3,310.8,1719,29.5,62,0,0,0,0,0,0,9.5,5.310391141995507
6285,M21144,M,301.2,310.8,1734,31.3,64,0,0,0,0,0,0,9.600000000000023,5.683580933315438
6286,M21145,M,301.2,310.7,1426,46.1,67,0,0,0,0,0,0,9.5,6.884130093909266
6287,L53466,L,301.1,310.6,1611,35.2,70,0,0,0,0,0,0,9.5,5.938364097521571
6288,M21147,M,301.1,310.6,1479,41.1,72,0,0,0,0,0,0,9.5,6.3655892824832465
6289,L53468,L,301.0,310.5,1317,50.9,75,0,0,0,0,0,0,9.5,7.019920200372929
6290,L53469,L,301.0,310.5,1248,61.4,77,0,0,0,0,0,0,9.5,8.024381619505192
6291,L53470,L,301.0,310.5,1932,21.7,79,0,0,0,0,0,0,9.5,4.390312901538664
6292,M21151,M,301.1,310.5,1547,35.8,81,0,0,0,0,0,0,9.399999999999977,5.799652309890069
6293,L53472,L,301.0,310.4,1614,31.6,84,0,0,0,0,0,0,9.399999999999977,5.340958838514936
6294,H35707,H,301.0,310.4,1512,44.9,86,0,0,0,0,0,0,9.399999999999977,7.109298511367558
6295,L53474,L,301.1,310.5,1529,38.7,91,0,0,0,0,0,0,9.399999999999977,6.196508765867043
6296,H35709,H,301.1,310.6,1782,24.9,93,0,0,0,0,0,0,9.5,4.646604030218519
6297,L53476,L,301.0,310.5,1429,39.4,98,0,0,0,0,0,0,9.5,5.895994484600156
6298,M21157,M,301.1,310.5,1309,60.7,100,0,0,0,0,0,0,9.399999999999977,8.320644278714223
6299,L53478,L,301.1,310.5,1428,44.1,103,0,0,0,0,0,0,9.399999999999977,6.59470563470955
6300,L53479,L,301.2,310.6,1385,49.2,105,0,0,0,0,0,0,9.400000000000034,7.135813553363857
6301,L53480,L,301.2,310.7,1517,39.4,107,0,0,0,0,0,0,9.5,6.25907881955104
6302,M21161,M,301.2,310.6,1576,39.6,109,0,0,0,0,0,0,9.400000000000034,6.535518029115918
6303,L53482,L,301.2,310.6,1437,51.2,112,0,0,0,0,0,0,9.400000000000034,7.704693151075896
6304,H35717,H,301.2,310.6,1457,50.5,114,0,0,0,0,0,0,9.400000000000034,7.7051225020718865
6305,L53484,L,301.1,310.5,1532,37.5,119,0,0,0,0,0,0,9.399999999999977,6.016149931624454
6306,M21165,M,301.1,310.5,1603,32.6,121,0,0,0,0,0,0,9.399999999999977,5.4724240190921565
6307,L53486,L,301.0,310.4,1563,34.4,124,0,0,0,0,0,0,9.399999999999977,5.630488017469771
6308,L53487,L,301.0,310.3,1617,34.5,126,0,0,0,0,0,0,9.300000000000011,5.8419486189829
6309,M21168,M,300.8,310.1,1686,26.9,128,0,0,0,0,0,0,9.300000000000011,4.749396941843977
6310,L53489,L,300.9,310.2,1382,50.4,131,0,0,0,0,0,0,9.300000000000011,7.294024159398638
6311,L53490,L,300.9,310.1,2090,17.8,133,0,0,0,0,0,0,9.200000000000045,3.8957843299615833
6312,L53491,L,300.9,310.3,1446,44.5,135,0,0,0,0,0,0,9.400000000000034,6.738402082684747
6313,M21172,M,300.9,310.2,1533,38.1,137,0,0,0,0,0,0,9.300000000000011,6.116398153200505
6314,L53493,L,300.9,310.3,1440,47.6,140,0,0,0,0,0,0,9.400000000000034,7.177910894921959
6315,M21174,M,301.0,310.4,1793,25.0,142,0,0,0,0,0,0,9.399999999999977,4.6940630232387495
6316,M21175,M,301.0,310.4,1517,46.1,145,0,0,0,0,0,0,9.399999999999977,7.323439938611751
6317,L53496,L,300.9,310.4,1544,36.0,148,0,0,0,0,0,0,9.5,5.820742868571168
6318,L53497,L,300.9,310.3,1321,48.8,150,0,0,0,0,0,0,9.400000000000034,6.750738069837842
6319,M21178,M,300.9,310.3,1416,50.9,152,0,0,0,0,0,0,9.400000000000034,7.547613518396407
6320,L53499,L,300.8,310.2,1514,40.0,155,0,0,0,0,0,0,9.399999999999977,6.341828370046596
6321,M21180,M,300.8,310.2,1304,52.5,157,0,0,0,0,0,0,9.399999999999977,7.169114435491908
6322,L53501,L,300.7,310.2,1286,64.9,160,0,0,0,0,0,0,9.5,8.740057369943974
6323,M21182,M,300.7,310.1,1483,40.2,162,0,0,0,0,0,0,9.400000000000034,6.243035753066708
6324,L53503,L,300.7,310.1,1351,46.9,165,0,0,0,0,0,0,9.400000000000034,6.63524265191637
6325,M21184,M,300.7,310.1,1367,52.6,167,0,0,0,0,0,0,9.400000000000034,7.52979021607504
6326,L53505,L,300.7,310.1,1721,32.3,170,0,0,0,0,0,0,9.400000000000034,5.821193163518183
6327,L53506,L,300.6,310.0,1455,40.4,172,0,0,0,0,0,0,9.399999999999977,6.15563664544384
6328,L53507,L,300.6,310.0,1425,49.5,174,0,0,0,0,0,0,9.399999999999977,7.386669726753001
6329,L53508,L,300.7,310.0,1672,29.7,176,0,0,0,0,0,0,9.300000000000011,5.200215487634113
6330,M21189,M,300.7,310.0,1641,34.6,178,0,0,0,0,0,0,9.300000000000011,5.945841088037114
6331,M21190,M,300.5,310.0,1580,37.0,181,0,0,0,0,0,0,9.5,6.1219168842953104
6332,H35745,H,300.5,310.0,1495,47.4,184,0,0,0,0,0,0,9.5,7.420756007044449
6333,M21192,M,300.5,309.9,1994,19.8,189,0,0,0,0,0,0,9.399999999999977,4.134461595830312
6334,M21193,M,300.4,309.9,1415,31.8,192,0,0,0,0,0,0,9.5,4.71207482111933
6335,M21194,M,300.4,309.8,1725,30.4,195,0,0,0,0,0,0,9.400000000000034,5.491503958474959
6336,M21195,M,300.4,309.8,1430,43.4,198,0,0,0,0,0,0,9.400000000000034,6.499117442236325
6337,L53516,L,300.4,309.8,1395,48.1,201,0,0,0,0,0,0,9.400000000000034,7.0266432086516115
6338,M21197,M,300.4,309.8,1435,43.6,203,0,0,0,0,0,0,9.400000000000034,6.551896198816633
6339,L53518,L,300.4,309.9,1681,28.6,206,0,0,0,0,0,0,9.5,5.034569778985836
6340,L53519,L,300.5,310.0,1451,48.6,208,0,0,0,0,0,0,9.5,7.3846905233812405
6341,H35754,H,300.5,309.9,1397,45.9,210,1,1,0,0,0,0,9.399999999999977,6.714871553709361
6342,M21201,M,300.4,309.8,1421,47.2,0,0,0,0,0,0,0,9.400000000000034,7.023679639581725
6343,M21202,M,300.3,309.8,1444,42.0,3,0,0,0,0,0,0,9.5,6.351043708497126
6344,L53523,L,300.2,309.8,1827,23.0,6,0,0,0,0,0,0,9.600000000000023,4.400428829883223
6345,H35758,H,300.2,309.8,1374,47.7,8,0,0,0,0,0,0,9.600000000000023,6.8633118065914775
6346,L53525,L,300.2,309.8,1650,29.6,13,0,0,0,0,0,0,9.600000000000023,5.114512840044184
6347,L53526,L,300.2,309.7,1275,60.7,15,0,0,0,0,0,0,9.5,8.104523648098269
6348,L53527,L,300.2,309.7,1421,44.6,17,0,0,0,0,0,0,9.5,6.636782032316629
6349,L53528,L,300.2,309.8,1557,33.8,19,0,0,0,0,0,0,9.600000000000023,5.511044664780287
6350,L53529,L,300.1,309.8,1506,35.2,21,0,0,0,0,0,0,9.699999999999989,5.551319882599309
6351,L53530,L,300.1,309.7,1362,49.1,23,0,0,0,0,0,0,9.599999999999966,7.003049847823151
6352,L53531,L,300.0,309.7,1542,47.1,25,0,0,0,0,0,0,9.699999999999989,7.605607318781674
6353,L53532,L,300.0,309.6,1496,38.8,27,0,0,0,0,0,0,9.600000000000023,6.0784372419696275
6354,M21213,M,300.0,309.6,1491,42.0,29,0,0,0,0,0,0,9.600000000000023,6.557760505103334
6355,L53534,L,300.1,309.6,1565,34.8,32,0,0,0,0,0,0,9.5,5.7032473033269095
6356,L53535,L,300.1,309.7,1481,37.9,34,0,0,0,0,0,0,9.599999999999966,5.877909382890991
6357,M21216,M,300.1,309.7,1420,48.4,36,0,0,0,0,0,0,9.599999999999966,7.197179329863978
6358,L53537,L,300.2,309.8,1398,54.8,39,0,0,0,0,0,0,9.600000000000023,8.022622327619182
6359,M21218,M,300.2,309.8,1466,45.7,41,0,0,0,0,0,0,9.600000000000023,7.015825657947749
6360,L53539,L,300.1,309.8,1430,56.7,44,0,0,0,0,0,0,9.699999999999989,8.490782464857134
6361,L53540,L,300.1,309.7,1441,40.1,46,0,0,0,0,0,0,9.599999999999966,6.051136801809932
6362,M21221,M,300.1,309.7,1348,57.3,48,0,0,0,0,0,0,9.599999999999966,8.088595773344567
6363,L53542,L,300.0,309.6,1738,28.7,51,0,0,0,0,0,0,9.600000000000023,5.223484217221701
6364,M21223,M,300.0,309.6,1618,36.2,53,0,0,0,0,0,0,9.600000000000023,6.133603608966664
6365,M21224,M,299.9,309.6,1489,41.7,56,0,0,0,0,0,0,9.700000000000045,6.502185731061331
6366,M21225,M,299.9,309.5,1412,57.9,59,0,0,0,0,0,0,9.600000000000023,8.561342635856759
6367,M21226,M,299.9,309.5,2065,18.1,62,0,0,0,0,0,0,9.600000000000023,3.9140579272299636
6368,L53547,L,300.0,309.6,1571,33.1,65,0,0,0,0,0,0,9.600000000000023,5.445437738197821
6369,M21228,M,300.0,309.6,1423,48.7,67,0,0,0,0,0,0,9.600000000000023,7.257089501767934
6370,H35783,H,300.0,309.5,1781,24.9,70,0,0,0,0,0,0,9.5,4.6439965083160395
6371,L53550,L,300.1,309.6,1321,46.9,75,0,0,0,0,0,0,9.5,6.487901956463009
6372,L53551,L,300.1,309.6,1546,36.7,77,0,0,0,0,0,0,9.5,5.94161040993028
6373,M21232,M,300.0,309.5,1879,22.4,79,0,0,0,0,0,0,9.5,4.407612605084433
6374,H35787,H,300.0,309.5,1735,28.9,82,0,0,0,0,0,0,9.5,5.25080560133242
6375,L53554,L,300.0,309.5,1506,38.8,87,0,0,0,0,0,0,9.5,6.119068506956055
6376,H35789,H,300.0,309.6,1629,32.3,89,0,0,0,0,0,0,9.600000000000023,5.510007939204602
6377,L53556,L,300.0,309.6,1694,28.7,94,0,0,0,0,0,0,9.600000000000023,5.091244110456595
6378,L53557,L,300.1,309.6,1541,37.0,96,0,0,0,0,0,0,9.5,5.970806277657641
6379,L53558,L,300.0,309.6,1514,44.6,98,0,0,0,0,0,0,9.600000000000023,7.071138632601953
6380,L53559,L,300.1,309.7,1485,45.9,100,0,0,0,0,0,0,9.599999999999966,7.13785558858869
6381,L53560,L,300.2,309.8,1430,55.0,102,0,0,0,0,0,0,9.600000000000023,8.236208740161242
6382,L53561,L,300.2,309.7,1771,27.1,104,0,0,0,0,0,0,9.5,5.025930399188463
6383,L53562,L,300.2,309.8,1481,41.9,106,0,0,0,0,0,0,9.600000000000023,6.498269212219855
6384,H35797,H,300.2,309.7,1483,43.8,108,0,0,0,0,0,0,9.5,6.8021135816995475
6385,H35798,H,300.1,309.6,1463,45.1,113,0,0,0,0,0,0,9.5,6.909545578476807
6386,L53565,L,300.1,309.7,1410,48.3,118,0,0,0,0,0,0,9.599999999999966,7.1317294829141895
6387,L53566,L,300.2,309.7,1656,34.3,120,0,0,0,0,0,0,9.5,5.948165866600769
6388,M21247,M,300.2,309.8,1487,39.2,122,0,0,0,0,0,0,9.600000000000023,6.104156413827017
6389,H35802,H,300.3,309.9,1509,46.6,125,0,0,0,0,0,0,9.599999999999966,7.363830348161403
6390,H35803,H,300.3,309.9,1677,30.1,130,0,0,0,0,0,0,9.599999999999966,5.28601238300365
6391,L53570,L,300.3,309.8,1450,55.0,135,0,0,0,0,0,0,9.5,8.351400470792868
6392,M21251,M,300.2,309.7,1413,43.0,137,0,0,0,0,0,0,9.5,6.362667601315407
6393,L53572,L,300.1,309.7,1680,33.8,140,0,0,0,0,0,0,9.599999999999966,5.94640657471476
6394,L53573,L,300.2,309.7,1678,30.5,142,0,0,0,0,0,0,9.5,5.359452347269067
6395,M21254,M,300.2,309.7,1408,44.0,144,0,0,0,0,0,0,9.5,6.487598269173161
6396,M21255,M,300.1,309.6,1376,52.1,147,0,0,0,0,0,0,9.5,7.507317356626361
6397,L53576,L,300.0,309.6,1526,46.4,150,0,0,0,0,0,0,9.600000000000023,7.414828868904678
6398,M21257,M,300.0,309.6,1587,32.6,152,0,0,0,0,0,0,9.600000000000023,5.417802194821742
6399,L53578,L,300.1,309.7,1351,58.2,155,0,0,0,0,0,0,9.599999999999966,8.233925849499634
6400,M21259,M,300.1,309.6,1501,38.0,157,0,0,0,0,0,0,9.5,5.973005392515154
6401,L53580,L,300.1,309.7,1601,35.8,160,0,0,0,0,0,0,9.599999999999966,6.002096540487396
6402,M21261,M,300.0,309.6,1573,39.7,162,0,0,0,0,0,0,9.600000000000023,6.5395497396880256
6403,M21262,M,300.1,309.6,1584,36.7,165,0,0,0,0,0,0,9.5,6.0876525804201576
6404,L53583,L,300.1,309.6,1649,33.6,168,0,0,0,0,0,0,9.5,5.802144640061917
6405,M21264,M,300.2,309.7,1183,61.4,170,0,0,0,0,0,0,9.5,7.60644507682263
6406,L53585,L,300.1,309.7,2151,17.5,173,0,0,0,0,0,0,9.599999999999966,3.941913382091793
6407,L53586,L,300.2,309.8,1526,45.6,175,0,0,0,0,0,0,9.600000000000023,7.286986991854598
6408,M21267,M,300.3,309.9,1611,29.0,177,0,0,0,0,0,0,9.599999999999966,4.892402239435385
6409,L53588,L,300.3,309.9,1601,31.7,180,0,0,0,0,0,0,9.599999999999966,5.314705595906436
6410,L53589,L,300.3,310.0,1560,40.8,182,0,0,0,0,0,0,9.699999999999989,6.665202973856105
6411,L53590,L,300.4,310.1,1544,41.9,184,0,0,0,0,0,0,9.700000000000045,6.774697949809221
6412,M21271,M,300.4,310.0,1560,42.3,186,0,0,0,0,0,0,9.600000000000023,6.9102472008361095
6413,L53592,L,300.4,310.0,1423,44.2,189,0,0,0,0,0,0,9.600000000000023,6.586516549859194
6414,L53593,L,300.4,310.1,1614,33.5,191,0,0,0,0,0,0,9.700000000000045,5.662092439564884
6415,M21274,M,300.4,310.1,1457,35.1,193,0,0,0,0,0,0,9.700000000000045,5.355441580647984
6416,L53595,L,300.4,310.1,1503,42.2,196,0,0,0,0,0,0,9.700000000000045,6.642018020072614
6417,H35830,H,300.4,310.1,1484,38.0,198,0,0,0,0,0,0,9.700000000000045,5.905356430707853
6418,L53597,L,300.3,309.9,1540,39.9,203,0,0,0,0,0,0,9.599999999999966,6.434610073082614
6419,H35832,H,300.3,309.9,1405,52.1,205,0,0,0,0,0,0,9.599999999999966,7.665538434636654
6420,H35833,H,300.3,309.9,1394,46.7,210,1,1,0,0,0,0,9.599999999999966,6.8172351143388275
6421,L53600,L,300.3,309.9,1518,36.4,0,0,0,0,0,0,0,9.599999999999966,5.786311013087824
6422,L53601,L,300.3,309.9,1527,41.4,2,0,0,0,0,0,0,9.599999999999966,6.620152535203627
6423,L53602,L,300.3,309.9,1377,55.3,4,0,0,0,0,0,0,9.599999999999966,7.974210384827365
6424,M21283,M,300.3,310.0,1537,37.5,6,0,0,0,0,0,0,9.699999999999989,6.035784885709391
6425,M21284,M,300.3,310.0,1409,43.2,9,0,0,0,0,0,0,9.699999999999989,6.374165830427547
6426,L53605,L,300.3,309.9,1393,56.1,12,0,0,0,0,0,0,9.599999999999966,8.183566119262588
6427,L53606,L,300.2,309.7,1448,36.8,14,0,0,0,0,0,0,9.5,5.580138759208237
6428,L53607,L,300.2,309.8,1418,49.3,16,0,0,0,0,0,0,9.600000000000023,7.320685809052102
6429,M21288,M,300.2,309.8,1743,24.1,18,0,0,0,0,0,0,9.600000000000023,4.398889449482963
6430,M21289,M,300.2,309.8,1394,47.4,21,0,0,0,0,0,0,9.600000000000023,6.91942065138459
6431,L53610,L,300.3,309.8,1523,39.2,24,0,0,0,0,0,0,9.5,6.251936932251881
6432,L53611,L,300.2,309.8,1353,59.4,26,0,0,0,0,0,0,9.600000000000023,8.416138223407842
6433,M21292,M,300.3,309.9,1447,46.5,28,0,0,0,0,0,0,9.599999999999966,7.046121083103867
6434,L53613,L,300.3,309.9,1570,34.0,31,0,0,0,0,0,0,9.599999999999966,5.589940528287439
6435,M21294,M,300.3,309.9,1494,38.5,33,0,0,0,0,0,0,9.599999999999966,6.02337559472771
6436,L53615,L,300.3,309.9,1621,34.1,36,0,0,0,0,0,0,9.599999999999966,5.788499655969826
6437,L53616,L,300.4,310.0,1769,26.1,38,0,0,0,0,0,0,9.600000000000023,4.835005341654299
6438,L53617,L,300.4,310.0,1282,66.1,40,0,0,0,0,0,0,9.600000000000023,8.873972992790993
6439,L53618,L,300.4,310.0,1581,30.3,42,0,0,0,0,0,0,9.600000000000023,5.016526565178718
6440,L53619,L,300.6,310.1,1656,32.7,44,0,0,0,0,0,0,9.5,5.670700403435721
6441,L53620,L,300.6,310.2,1648,31.7,46,0,0,0,0,0,0,9.599999999999966,5.470727559059218
6442,L53621,L,300.7,310.2,1639,31.4,48,0,0,0,0,0,0,9.5,5.389360309331241
6443,L53622,L,300.7,310.2,1348,54.8,50,0,0,0,0,0,0,9.5,7.735690198591314
6444,L53623,L,300.8,310.3,1537,33.3,52,0,0,0,0,0,0,9.5,5.359776978509938
6445,M21304,M,300.8,310.3,1270,61.0,54,0,0,0,0,0,0,9.5,8.112639429120042
6446,L53625,L,300.7,310.3,1662,34.4,57,0,0,0,0,0,0,9.600000000000023,5.987121615505284
6447,M21306,M,300.7,310.3,1471,40.2,59,0,0,0,0,0,0,9.600000000000023,6.192518943196986
6448,L53627,L,300.6,310.1,1337,45.8,62,0,0,0,0,0,0,9.5,6.412472316850317
6449,H35862,H,300.7,310.2,1877,24.8,64,0,0,0,0,0,0,9.5,4.874662712918115
6450,L53629,L,300.6,310.2,1519,44.6,69,0,0,0,0,0,0,9.599999999999966,7.094491137993638
6451,L53630,L,300.6,310.2,1378,47.3,71,0,0,0,0,0,0,9.599999999999966,6.825570806846352
6452,L53631,L,300.7,310.2,1696,27.5,73,0,0,0,0,0,0,9.5,4.884129378780932
6453,L53632,L,300.7,310.1,1376,50.8,75,0,0,0,0,0,0,9.400000000000034,7.319994658668313
6454,L53633,L,300.7,310.2,1807,24.2,77,0,0,0,0,0,0,9.5,4.57933205952965
6455,L53634,L,300.7,310.1,1598,32.8,79,0,0,0,0,0,0,9.400000000000034,5.488823132743894
6456,L53635,L,300.7,310.1,1565,40.2,81,0,0,0,0,0,0,9.400000000000034,6.588233953843155
6457,L53636,L,300.7,310.2,1387,50.6,83,0,0,0,0,0,0,9.5,7.349462797758986
6458,L53637,L,300.7,310.0,1395,48.0,85,0,0,0,0,0,0,9.300000000000011,7.012034802812418
6459,M21318,M,300.6,310.0,1302,62.9,87,0,0,0,0,0,0,9.399999999999977,8.576108121328632
6460,M21319,M,300.6,310.0,1397,55.2,90,0,0,0,0,0,0,9.399999999999977,8.075401084199493
6461,L53640,L,300.6,310.0,1313,52.9,93,0,0,0,0,0,0,9.399999999999977,7.273593335174792
6462,L53641,L,300.6,310.0,1505,35.9,95,0,0,0,0,0,0,9.399999999999977,5.657956009237658
6463,H35876,H,300.6,310.0,1483,44.0,97,0,0,0,0,0,0,9.399999999999977,6.833173461068038
6464,H35877,H,300.5,310.0,1358,60.4,102,0,0,0,0,0,0,9.5,8.589449418130876
6465,M21324,M,300.5,309.9,1735,27.0,107,0,0,0,0,0,0,9.399999999999977,4.9055969285804615
6466,M21325,M,300.5,309.8,1416,48.5,110,0,0,0,0,0,0,9.300000000000011,7.191733902597754
6467,L53646,L,300.4,309.7,1740,31.1,113,0,0,0,0,0,0,9.300000000000011,5.666804828545269
6468,L53647,L,300.4,309.7,1692,27.4,115,0,0,0,0,0,0,9.300000000000011,4.854891623151523
6469,L53648,L,300.5,309.8,1507,42.5,117,0,0,0,0,0,0,9.300000000000011,6.70703851602641
6470,M21329,M,300.4,309.6,1521,35.0,119,0,0,0,0,0,0,9.200000000000045,5.5747561637950875
6471,L53650,L,300.4,309.6,1379,54.5,122,0,0,0,0,0,0,9.200000000000045,7.870265555895589
6472,L53651,L,300.4,309.6,1523,38.5,124,0,0,0,0,0,0,9.200000000000045,6.140295201318811
6473,H35886,H,300.4,309.6,1571,33.6,126,0,0,0,0,0,0,9.200000000000045,5.5276951058443125
6474,H35887,H,300.4,309.5,1547,50.7,131,0,0,0,0,0,0,9.100000000000023,8.213474081324764
6475,M21334,M,300.5,309.7,1347,54.3,136,0,0,0,0,0,0,9.199999999999989,7.659422800937667
6476,L53655,L,300.5,309.7,1560,30.2,139,0,0,0,0,0,0,9.199999999999989,4.93355710319741
6477,L53656,L,300.5,309.7,1384,48.6,141,0,0,0,0,0,0,9.199999999999989,7.043702056760604
6478,L53657,L,300.5,309.7,1841,24.6,143,0,0,0,0,0,0,9.199999999999989,4.7426111017122246
6479,L53658,L,300.5,309.8,1663,29.1,145,1,0,0,0,0,0,9.300000000000011,5.067734525432231
6480,L53659,L,300.6,309.8,1418,42.7,147,0,0,0,0,0,0,9.199999999999989,6.340634564838231
6481,L53660,L,300.7,309.9,1775,26.6,149,0,0,0,0,0,0,9.199999999999989,4.944343237974737
6482,L53661,L,300.7,309.8,1406,48.4,151,0,0,0,0,0,0,9.100000000000023,7.1262212237948965
6483,L53662,L,300.6,309.9,1480,43.7,153,0,0,0,0,0,0,9.299999999999955,6.772854882119117
6484,L53663,L,300.7,309.9,1412,45.3,155,0,0,0,0,0,0,9.199999999999989,6.698252528571869
6485,H35898,H,300.6,309.8,1913,22.5,157,0,0,0,0,0,0,9.199999999999989,4.5074000597379555
6486,L53665,L,300.6,309.8,1629,37.6,162,0,0,0,0,0,0,9.199999999999989,6.414126888981209
6487,L53666,L,300.5,309.8,1939,21.4,164,0,0,0,0,0,0,9.300000000000011,4.345304350788234
6488,H35901,H,300.6,309.8,1541,36.2,166,0,0,0,0,0,0,9.199999999999989,5.841707763546125
6489,L53668,L,300.7,309.8,1330,54.4,171,0,0,0,0,0,0,9.100000000000023,7.5766837224176244
6490,M21349,M,300.7,309.8,1490,38.8,173,0,0,0,0,0,0,9.100000000000023,6.05405848297777
6491,L53670,L,300.7,309.9,1383,44.5,176,0,0,0,0,0,0,9.199999999999989,6.444820249206781
6492,L53671,L,300.8,310.0,1468,52.7,178,0,0,0,0,0,0,9.199999999999989,8.101497247175312
6493,M21352,M,300.8,309.9,1444,46.0,180,0,0,0,0,0,0,9.099999999999966,6.95590501406828
6494,L53673,L,300.7,309.8,1363,53.1,183,0,0,0,0,0,0,9.100000000000023,7.579123692711912
6495,L53674,L,300.6,309.7,1617,33.2,185,0,0,0,0,0,0,9.099999999999966,5.6218172217458635
6496,M21355,M,300.6,309.8,1694,31.1,187,0,0,0,0,0,0,9.199999999999989,5.516992746871083
6497,L53676,L,300.7,309.9,1815,27.0,190,0,0,0,0,0,0,9.199999999999989,5.131791599638927
6498,L53677,L,300.8,309.9,1312,65.3,192,1,0,0,0,1,0,9.099999999999966,8.971718412219683
6499,H35912,H,300.8,309.9,2041,19.2,194,0,0,0,0,0,0,9.099999999999966,4.103673987825131
6500,L53679,L,300.9,310.0,1671,26.8,199,0,0,0,0,0,0,9.100000000000023,4.6896438495727
6501,M21360,M,300.9,310.0,1416,46.6,201,0,0,0,0,0,0,9.100000000000023,6.909995873423822
6502,M21361,M,300.9,310.0,1600,36.0,204,0,0,0,0,0,0,9.100000000000023,6.031857894892402
6503,L53682,L,300.9,310.0,2595,13.7,207,0,0,0,0,0,0,9.100000000000023,3.722944374136584
6504,M21363,M,300.9,309.9,1465,42.9,209,0,0,0,0,0,0,9.0,6.581479529637937
6505,M21364,M,301.0,310.1,1681,27.4,212,0,0,0,0,0,0,9.100000000000023,4.823329088958457
6506,L53685,L,301.1,310.1,1457,39.6,215,0,0,0,0,0,0,9.0,6.042036655090034
6507,H35920,H,301.0,310.1,1454,44.1,217,0,0,0,0,0,0,9.100000000000023,6.7147773059297515
6508,L53687,L,301.0,310.1,1558,32.6,0,0,0,0,0,0,0,9.100000000000023,5.318800138331616
6509,H35922,H,301.0,310.1,1756,30.7,2,0,0,0,0,0,0,9.100000000000023,5.645358222696762
6510,L53689,L,301.1,310.1,1564,36.8,7,0,0,0,0,0,0,9.0,6.027166449863041
6511,L53690,L,301.1,310.2,1455,55.3,9,0,0,0,0,0,0,9.099999999999966,8.425908576560506
6512,M21371,M,301.2,310.1,2280,15.7,11,0,0,0,0,0,0,8.900000000000034,3.7485483542633404
6513,M21372,M,301.1,310.0,1433,48.1,14,0,0,0,0,0,0,8.899999999999977,7.218049977059326
6514,L53693,L,301.1,310.0,1513,38.0,17,0,0,0,0,0,0,8.899999999999977,6.020757600849718
6515,L53694,L,301.0,309.9,1507,41.8,19,0,0,0,0,0,0,8.899999999999977,6.59656964635068
6516,L53695,L,301.0,310.0,1480,43.5,21,0,0,0,0,0,0,9.0,6.741857834603696
6517,H35930,H,301.1,310.0,1470,40.1,23,0,0,0,0,0,0,8.899999999999977,6.172915405038584
6518,L53697,L,301.1,310.1,1540,36.6,28,0,0,0,0,0,0,9.0,5.902424277564505
6519,H35932,H,301.0,310.0,1212,67.9,30,0,0,0,0,0,0,9.0,8.617891303621379
6520,L53699,L,301.1,310.1,1417,46.9,35,0,0,0,0,0,0,9.0,6.959392181913765
6521,M21380,M,301.2,310.1,1666,34.9,37,0,0,0,0,0,0,8.900000000000034,6.088762609824426
6522,L53701,L,301.1,310.1,1666,27.2,40,0,0,0,0,0,0,9.0,4.7453966471984055
6523,L53702,L,301.1,310.1,1489,45.8,42,0,0,0,0,0,0,9.0,7.14148936409134
6524,M21383,M,301.1,310.2,1850,27.7,44,0,0,0,0,0,0,9.099999999999966,5.366363851106964
6525,L53704,L,301.1,310.4,1874,24.8,47,0,0,0,0,0,0,9.299999999999955,4.866871563137212
6526,L53705,L,301.1,310.4,1312,73.6,49,1,0,0,1,0,0,9.299999999999955,10.112074657570728
6527,L53706,L,301.2,310.4,1515,38.4,51,0,0,0,0,0,0,9.199999999999989,6.092176473841327
6528,L53707,L,301.2,310.4,1516,44.4,53,0,0,0,0,0,0,9.199999999999989,7.048728605006347
6529,L53708,L,301.2,310.5,1546,40.0,55,0,0,0,0,0,0,9.300000000000011,6.475869656599761
6530,L53709,L,301.3,310.6,1481,40.9,57,0,0,0,0,0,0,9.300000000000011,6.343179254887639
6531,H35944,H,301.3,310.6,1605,32.5,59,0,0,0,0,0,0,9.300000000000011,5.462444226429253
6532,H35945,H,301.2,310.7,1656,26.2,64,0,0,0,0,0,0,9.5,4.543496959327703
6533,H35946,H,301.2,310.6,1352,52.0,69,0,0,0,0,0,0,9.400000000000034,7.362217663932562
6534,L53713,L,301.3,310.7,1504,47.2,74,0,0,0,0,0,0,9.399999999999977,7.433929752238504
6535,L53714,L,301.3,310.6,1436,44.2,76,0,0,0,0,0,0,9.300000000000011,6.64668852115095
6536,H35949,H,301.2,310.5,1505,43.6,78,0,0,0,0,0,0,9.300000000000011,6.871500891441835
6537,L53716,L,301.3,310.5,1406,47.1,83,0,0,0,0,0,0,9.199999999999989,6.934814455387181
6538,M21397,M,301.3,310.5,1481,39.7,85,0,0,0,0,0,0,9.199999999999989,6.15707130608898
6539,L53718,L,301.4,310.7,1487,44.6,88,0,0,0,0,0,0,9.300000000000011,6.94503510348686
6540,L53719,L,301.4,310.7,1436,54.1,90,0,0,0,0,0,0,9.300000000000011,8.135426447834082
6541,M21400,M,301.4,310.7,1368,63.7,92,1,0,0,1,0,0,9.300000000000011,9.125447012735345
6542,L53721,L,301.4,310.7,1509,38.3,95,0,0,0,0,0,0,9.300000000000011,6.0522468312142
6543,L53722,L,301.4,310.8,1543,36.9,97,0,0,0,0,0,0,9.400000000000034,5.962397281321533
6544,L53723,L,301.4,310.8,1698,29.6,99,0,0,0,0,0,0,9.400000000000034,5.263298668118195
6545,M21404,M,301.4,310.7,1470,46.5,101,0,0,0,0,0,0,9.300000000000011,7.158118861204343
6546,M21405,M,301.4,310.8,1738,30.3,104,0,0,0,0,0,0,9.400000000000034,5.514688912258451
6547,M21406,M,301.4,310.8,1530,39.9,107,0,0,0,0,0,0,9.400000000000034,6.39282689078987
6548,L53727,L,301.4,310.8,1740,29.2,110,0,0,0,0,0,0,9.400000000000034,5.320601318119673
6549,L53728,L,301.4,310.8,1770,24.1,112,0,0,0,0,0,0,9.400000000000034,4.467030594139327
6550,H35963,H,301.3,310.6,1527,44.0,114,0,0,0,0,0,0,9.300000000000011,7.0359109069797
6551,L53730,L,301.3,310.7,1516,46.0,119,0,0,0,0,0,0,9.399999999999977,7.302736843024594
6552,L53731,L,301.4,310.7,1616,36.5,121,0,0,0,0,0,0,9.300000000000011,6.176790035978012
6553,L53732,L,301.4,310.7,1786,26.1,123,0,0,0,0,0,0,9.300000000000011,4.881469497000892
6554,L53733,L,301.4,310.8,1389,52.7,125,0,0,0,0,0,0,9.400000000000034,7.665517490685631
6555,M21414,M,301.4,310.7,1639,29.8,127,0,0,0,0,0,0,9.300000000000011,5.114743223505447
6556,H35969,H,301.5,310.7,1394,46.7,130,0,0,0,0,0,0,9.199999999999989,6.8172351143388275
6557,L53736,L,301.5,310.7,1686,27.9,135,0,0,0,0,0,0,9.199999999999989,4.925954448975723
6558,M21417,M,301.5,310.6,1638,31.9,137,0,0,0,0,0,0,9.100000000000023,5.471837588463486
6559,M21418,M,301.5,310.6,1447,41.9,140,0,0,0,0,0,0,9.100000000000023,6.349085449076387
6560,H35973,H,301.5,310.6,1512,39.0,143,0,0,0,0,0,0,9.100000000000023,6.1751145198960975
6561,L53740,L,301.6,310.8,1961,21.8,148,0,0,0,0,0,0,9.199999999999989,4.4767485874144315
6562,L53741,L,301.5,310.7,1596,35.4,150,0,0,0,0,0,0,9.199999999999989,5.916498612652585
6563,M21422,M,301.5,310.7,1871,21.3,152,0,0,0,0,0,0,9.199999999999989,4.173323096955218
6564,L53743,L,301.5,310.7,1942,20.5,155,0,0,0,0,0,0,9.199999999999989,4.168998171068775
6565,L53744,L,301.4,310.6,1557,38.2,157,0,0,0,0,0,0,9.200000000000045,6.228458763154053
6566,L53745,L,301.4,310.6,1550,36.8,159,0,0,0,0,0,0,9.200000000000045,5.973214832025393
6567,L53746,L,301.3,310.6,1966,22.6,161,0,0,0,0,0,0,9.300000000000011,4.652866271574675
6568,M21427,M,301.3,310.6,1499,36.1,163,0,0,0,0,0,0,9.300000000000011,5.666794356569758
6569,L53748,L,301.3,310.6,1521,36.3,166,0,0,0,0,0,0,9.300000000000011,5.781818535593191
6570,M21429,M,301.4,310.7,1375,42.0,168,0,0,0,0,0,0,9.300000000000011,6.047565858160352
6571,L53750,L,301.4,310.6,1634,31.1,171,0,0,0,0,0,0,9.200000000000045,5.321585683817799
6572,M21431,M,301.3,310.6,1378,49.4,173,0,0,0,0,0,0,9.300000000000011,7.128608834211624
6573,L53752,L,301.4,310.7,1428,53.7,176,0,0,0,0,0,0,9.300000000000011,8.030287813693942
6574,M21433,M,301.4,310.6,1855,25.3,178,0,0,0,0,0,0,9.200000000000045,4.914655187398313
6575,L53754,L,301.4,310.6,1578,33.0,181,0,0,0,0,0,0,9.200000000000045,5.453176528101163
6576,M21435,M,301.4,310.5,1451,45.3,183,0,0,0,0,0,0,9.100000000000023,6.883260919941773
6577,L53756,L,301.5,310.5,1644,34.9,186,0,0,0,0,0,0,9.0,6.008358781843551
6578,L53757,L,301.4,310.4,1388,45.3,188,0,0,0,0,0,0,9.0,6.584401210805776
6579,L53758,L,301.4,310.4,1543,40.9,190,0,0,0,0,0,0,9.0,6.608727609920073
6580,L53759,L,301.3,310.4,1501,41.6,192,0,0,0,0,0,0,9.099999999999966,6.538869061279748
6581,L53760,L,301.3,310.4,1507,39.1,194,0,0,0,0,0,0,9.099999999999966,6.170475434744296
6582,L53761,L,301.4,310.4,1559,36.0,196,0,0,0,0,0,0,9.0,5.877291536335785
6583,L53762,L,301.5,310.5,1528,35.7,198,0,0,0,0,0,0,9.0,5.712420753875394
6584,M21443,M,301.5,310.5,1503,38.2,200,0,0,0,0,0,0,9.0,6.012442852293218
6585,L53764,L,301.5,310.5,1372,44.0,203,0,0,0,0,0,0,9.0,6.321722177063621
6586,M21445,M,301.5,310.5,1600,32.8,205,0,0,0,0,0,0,9.0,5.495692748679744
6587,L53766,L,301.5,310.6,1453,44.0,208,0,0,0,0,0,0,9.100000000000023,6.694943384310088
6588,M21447,M,301.6,310.7,1813,24.6,210,0,0,0,0,0,0,9.099999999999966,4.6704801343858025
6589,L53768,L,301.6,310.7,1457,40.4,213,0,0,0,0,0,0,9.099999999999966,6.164098001657509
6590,M21449,M,301.6,310.6,1553,38.9,0,0,0,0,0,0,0,9.0,6.32629843036235
6591,L53770,L,301.7,310.7,1763,25.9,3,0,0,0,0,0,0,9.0,4.781682042347368
6592,L53771,L,301.7,310.7,2023,20.9,5,0,0,0,0,0,0,9.0,4.427624550287799
6593,M21452,M,301.6,310.7,1457,47.8,7,0,0,0,0,0,0,9.099999999999966,7.293165457406657
6594,L53773,L,301.6,310.7,1679,29.5,10,0,0,0,0,0,0,9.099999999999966,5.186821830954309
6595,L53774,L,301.6,310.6,2103,19.7,12,0,0,0,0,0,0,9.0,4.338445206827896
6596,M21455,M,301.5,310.7,1460,38.6,14,0,0,0,0,0,0,9.199999999999989,5.901586519523547
6597,M21456,M,301.5,310.7,1454,39.4,17,0,0,0,0,0,0,9.199999999999989,5.999143443393021
6598,L53777,L,301.5,310.6,1481,46.8,20,0,0,0,0,0,0,9.100000000000023,7.258210003147714
6599,L53778,L,301.5,310.7,1424,51.1,22,0,0,0,0,0,0,9.199999999999989,7.620079588939212
6600,L53779,L,301.6,310.7,1494,39.5,24,0,0,0,0,0,0,9.099999999999966,6.179826908876482
6601,M21460,M,301.5,310.6,1424,47.0,26,0,0,0,0,0,0,9.100000000000023,7.008683770648591
6602,M21461,M,301.5,310.7,1347,47.9,29,0,0,0,0,0,0,9.199999999999989,6.756654736002103
6603,L53782,L,301.5,310.6,1374,46.7,32,0,0,0,0,0,0,9.100000000000023,6.719426863057065
6604,M21463,M,301.5,310.6,1403,47.4,34,0,0,0,0,0,0,9.100000000000023,6.964094098918637
6605,M21464,M,301.5,310.6,1573,37.4,37,0,0,0,0,0,0,9.100000000000023,6.160684137640608
6606,M21465,M,301.6,310.6,1691,30.1,40,0,0,0,0,0,0,9.0,5.330141287811075
6607,H36020,H,301.5,310.5,1538,44.3,43,0,0,0,0,0,0,9.0,7.1349129634698265
6608,L53787,L,301.5,310.5,1556,39.1,48,0,0,0,0,0,0,9.0,6.371108013578052
6609,M21468,M,301.5,310.4,1593,36.8,50,0,0,0,0,0,0,8.899999999999977,6.138923372526742
6610,L53789,L,301.5,310.4,1474,39.9,53,0,0,0,0,0,0,8.899999999999977,6.158841069950502
6611,L53790,L,301.5,310.4,1543,34.0,55,0,0,0,0,0,0,8.899999999999977,5.493807793087591
6612,H36025,H,301.5,310.5,1587,33.8,57,0,0,0,0,0,0,9.0,5.617230496471621
6613,L53792,L,301.6,310.6,1222,70.0,62,0,0,0,0,0,0,9.0,8.957727852935697
6614,L53793,L,301.7,310.6,1513,41.1,64,0,0,0,0,0,0,8.900000000000034,6.51192466828746
6615,L53794,L,301.7,310.6,1660,28.7,66,0,0,0,0,0,0,8.900000000000034,4.989058573410831
6616,L53795,L,301.7,310.6,1545,42.1,68,0,0,0,0,0,0,8.900000000000034,6.81144411188071
6617,M21476,M,301.7,310.6,1380,45.8,70,0,0,0,0,0,0,8.900000000000034,6.618707402582976
6618,L53797,L,301.6,310.6,1321,60.8,73,0,0,0,0,0,0,9.0,8.41075562799469
6619,M21478,M,301.6,310.6,1309,65.8,75,1,0,0,1,0,0,9.0,9.01974289191756
6620,M21479,M,301.7,310.7,1627,31.3,78,0,0,0,0,0,0,9.0,5.332864001444186
6621,M21480,M,301.6,310.7,1791,23.8,81,0,0,0,0,0,0,9.099999999999966,4.463763337779593
6622,M21481,M,301.7,310.7,1861,21.8,84,0,0,0,0,0,0,9.0,4.248459521253573
6623,L53802,L,301.7,310.7,1493,51.1,87,0,0,0,0,0,0,9.0,7.98931097351562
6624,M21483,M,301.7,310.7,1442,41.1,89,0,0,0,0,0,0,9.0,6.206341950872781
6625,L53804,L,301.7,310.7,1532,39.8,92,0,0,0,0,0,0,9.0,6.385140460764087
6626,M21485,M,301.6,310.7,1421,44.4,94,0,0,0,0,0,0,9.099999999999966,6.607020677911622
6627,L53806,L,301.6,310.6,1613,42.5,97,0,0,0,0,0,0,9.0,7.178801012840475
6628,M21487,M,301.7,310.6,1876,22.1,99,0,0,0,0,0,0,8.900000000000034,4.341639159359047
6629,L53808,L,301.6,310.5,1593,34.5,102,0,0,0,0,0,0,8.899999999999977,5.755240661743822
6630,L53809,L,301.6,310.5,1397,49.4,104,0,0,0,0,0,0,8.899999999999977,7.226898796366936
6631,M21490,M,301.6,310.5,1414,49.3,106,0,0,0,0,0,0,8.899999999999977,7.300035073342506
6632,M21491,M,301.5,310.4,1378,55.3,109,0,0,0,0,0,0,8.899999999999977,7.980001387285482
6633,L53812,L,301.4,310.4,1301,51.2,112,0,0,0,0,0,0,9.0,6.975508552226681
6634,M21493,M,301.5,310.5,1737,29.3,114,0,0,0,0,0,0,9.0,5.329617689035477
6635,L53814,L,301.5,310.5,1396,44.5,117,0,0,0,0,0,0,9.0,6.505400627543505
6636,L53815,L,301.5,310.5,1534,39.3,119,0,0,0,0,0,0,9.0,6.313156101094832
6637,M21496,M,301.5,310.5,1774,25.5,121,0,0,0,0,0,0,9.0,4.737207562348049
6638,H36051,H,301.5,310.5,1453,48.0,124,0,0,0,0,0,0,9.0,7.303574601065551
6639,L53818,L,301.5,310.5,1453,44.2,129,0,0,0,0,0,0,9.0,6.725374945147863
6640,L53819,L,301.4,310.5,1380,48.4,131,0,0,0,0,0,0,9.100000000000023,6.994441883952316
6641,L53820,L,301.4,310.4,1334,43.2,133,0,0,0,0,0,0,9.0,6.034873823839849
6642,L53821,L,301.5,310.5,1702,28.7,135,0,0,0,0,0,0,9.0,5.115287766232069
6643,L53822,L,301.6,310.6,1431,37.5,137,0,0,0,0,0,0,9.0,5.6195238591087415
6644,M21503,M,301.5,310.5,1308,60.5,139,0,0,0,0,0,0,9.0,8.286893101639157
6645,L53824,L,301.5,310.6,1565,43.9,142,0,0,0,0,0,0,9.100000000000023,7.194613695863545
6646,M21505,M,301.5,310.4,1486,39.6,144,0,0,0,0,0,0,8.899999999999977,6.16229682186945
6647,L53826,L,301.5,310.5,1479,34.2,147,0,0,0,0,0,0,9.0,5.296913709511607
6648,L53827,L,301.5,310.5,1927,22.4,149,0,0,0,0,0,0,9.0,4.52020728578909
6649,L53828,L,301.5,310.4,1488,41.1,151,0,0,0,0,0,0,8.899999999999977,6.404325119902009
6650,M21509,M,301.5,310.4,1350,54.9,153,0,0,0,0,0,0,8.899999999999977,7.761304650693583
6651,L53830,L,301.6,310.4,1561,35.3,156,0,0,0,0,0,0,8.799999999999955,5.770404082285148
6652,M21511,M,301.5,310.4,1276,55.6,158,0,0,0,0,0,0,8.899999999999977,7.429405858817334
6653,H36066,H,301.5,310.4,1580,35.7,161,0,0,0,0,0,0,8.899999999999977,5.9068225072795295
6654,M21513,M,301.4,310.3,1610,29.1,166,0,0,0,0,0,0,8.900000000000034,4.9062252471111805
6655,L53834,L,301.4,310.3,2203,16.6,169,0,0,0,0,0,0,8.900000000000034,3.829580500774934
6656,L53835,L,301.4,310.3,1639,32.7,171,0,0,0,0,0,0,8.900000000000034,5.612486691564702
6657,M21516,M,301.4,310.4,1553,44.7,173,0,0,0,0,0,0,9.0,7.269551152627174
6658,L53837,L,301.4,310.3,1374,47.6,176,0,0,0,0,0,0,8.900000000000034,6.848923312238036
6659,L53838,L,301.4,310.4,1430,50.9,178,0,0,0,0,0,0,9.0,7.622236815894676
6660,L53839,L,301.3,310.3,1626,31.3,180,0,0,0,0,0,0,9.0,5.329586273108941
6661,H36074,H,301.4,310.5,1421,43.8,182,0,0,0,0,0,0,9.100000000000023,6.517736614696599
6662,M21521,M,301.3,310.4,1501,39.8,187,0,0,0,0,0,0,9.099999999999966,6.255937226897451
6663,M21522,M,301.3,310.4,2093,18.7,190,0,0,0,0,0,0,9.099999999999966,4.098636967603876
6664,L53843,L,301.3,310.4,1504,47.2,193,0,0,0,0,0,0,9.099999999999966,7.433929752238504
6665,L53844,L,301.3,310.4,1538,38.4,195,0,0,0,0,0,0,9.099999999999966,6.18466496156301
6666,L53845,L,301.3,310.4,1440,41.5,197,0,0,0,0,0,0,9.099999999999966,6.258052565950869
6667,L53846,L,301.3,310.4,1414,51.4,199,0,0,0,0,0,0,9.099999999999966,7.610989914194825
6668,H36081,H,301.4,310.5,1536,39.9,201,0,0,0,0,0,0,9.100000000000023,6.417896800165517
6669,L53848,L,301.4,310.5,1476,39.2,206,0,0,0,0,0,0,9.100000000000023,6.05900125541942
6670,L53849,L,301.4,310.5,1571,33.9,208,0,0,0,0,0,0,9.100000000000023,5.577049526432208
6671,L53850,L,301.5,310.6,1998,20.2,210,0,0,0,0,0,0,9.100000000000023,4.22644742872742
6672,L53851,L,301.5,310.6,1357,42.1,212,0,0,0,0,0,0,9.100000000000023,5.982608194059626
6673,L53852,L,301.6,310.7,1424,50.5,214,0,0,0,0,0,0,9.099999999999966,7.5306070301649735
6674,L53853,L,301.6,310.7,1380,51.8,216,1,0,0,0,1,0,9.099999999999966,7.485786974973759
6675,L53854,L,301.5,310.7,1618,35.5,218,0,0,0,0,0,0,9.199999999999989,6.014998014318137
6676,L53855,L,301.5,310.6,1579,28.0,220,0,0,0,0,0,0,9.100000000000023,4.629869813350398
6677,L53856,L,301.5,310.7,1423,44.0,222,0,0,0,0,0,0,9.199999999999989,6.556713307552137
6678,L53857,L,301.5,310.7,1435,38.5,224,0,0,0,0,0,0,9.199999999999989,5.7855046709734035
6679,M21538,M,301.5,310.7,1336,65.6,0,1,0,0,1,0,0,9.199999999999989,9.177806890295173
6680,L53859,L,301.6,310.8,1392,42.4,3,0,0,0,0,0,0,9.199999999999989,6.180643722966415
6681,L53860,L,301.5,310.8,1417,49.7,5,0,0,0,0,0,0,9.300000000000011,7.374878282326527
6682,L53861,L,301.4,310.7,1425,45.1,7,0,0,0,0,0,0,9.300000000000011,6.7300768621527345
6683,L53862,L,301.5,310.8,1512,38.9,9,0,0,0,0,0,0,9.300000000000011,6.159280892922005
6684,L53863,L,301.5,310.9,1318,50.6,11,0,0,0,0,0,0,9.399999999999977,6.983844244734207
6685,L53864,L,301.6,310.9,1538,40.4,13,0,0,0,0,0,0,9.299999999999955,6.506782928311083
6686,L53865,L,301.6,310.9,1532,43.6,15,0,0,0,0,0,0,9.299999999999955,6.994776987168699
6687,L53866,L,301.7,311.0,1715,24.8,17,0,0,0,0,0,0,9.300000000000011,4.45394062474937
6688,L53867,L,301.7,311.0,1700,28.7,19,0,0,0,0,0,0,9.300000000000011,5.1092768522881995
6689,L53868,L,301.7,311.0,1548,40.3,21,0,0,0,0,0,0,9.300000000000011,6.532879091286903
6690,L53869,L,301.7,311.0,1546,43.0,23,0,0,0,0,0,0,9.300000000000011,6.961559880844742
6691,L53870,L,301.7,311.0,1343,49.2,25,0,0,0,0,0,0,9.300000000000011,6.919420651384592
6692,M21551,M,301.7,311.0,1510,47.8,27,0,0,0,0,0,0,9.300000000000011,7.558462485026803
6693,M21552,M,301.8,311.0,1839,23.6,30,0,0,0,0,0,0,9.199999999999989,4.544879260095283
6694,M21553,M,301.8,311.0,1756,26.7,33,0,0,0,0,0,0,9.199999999999989,4.909806662736272
6695,M21554,M,301.7,310.9,1300,62.7,36,0,0,0,0,0,0,9.199999999999989,8.535707239803468
6696,M21555,M,301.7,311.0,1311,55.8,39,0,0,0,0,0,0,9.300000000000011,7.660648022072566
6697,L53876,L,301.7,310.9,1636,31.3,42,0,0,0,0,0,0,9.199999999999989,5.3623635564613945
6698,L53877,L,301.6,310.9,1643,34.1,44,0,0,0,0,0,0,9.299999999999955,5.867060416260594
6699,L53878,L,301.6,310.8,1418,44.7,46,0,0,0,0,0,0,9.199999999999989,6.637619790357586
6700,M21559,M,301.7,310.8,1516,40.4,48,0,0,0,0,0,0,9.100000000000023,6.413708009960729
6701,H36114,H,301.6,310.9,1419,50.2,51,0,0,0,0,0,0,9.299999999999955,7.459586092242821
6702,L53881,L,301.6,310.9,1623,34.1,56,0,0,0,0,0,0,9.299999999999955,5.795641543268986
6703,M21562,M,301.6,310.8,1664,32.0,58,0,0,0,0,0,0,9.199999999999989,5.5761175206116445
6704,M21563,M,301.5,310.7,1744,28.2,61,0,0,0,0,0,0,9.199999999999989,5.150201332588963
6705,M21564,M,301.5,310.7,1510,36.0,64,0,0,0,0,0,0,9.199999999999989,5.692565888304705
6706,M21565,M,301.5,310.6,1382,58.1,67,0,0,0,0,0,0,9.100000000000023,8.408388961528987
6707,L53886,L,301.4,310.6,1381,46.1,70,0,0,0,0,0,0,9.200000000000045,6.666888961913531
6708,L53887,L,301.3,310.6,1556,39.0,72,0,0,0,0,0,0,9.300000000000011,6.354813619681433
6709,M21568,M,301.4,310.6,1464,37.4,74,0,0,0,0,0,0,9.200000000000045,5.733783583919803
6710,L53889,L,301.4,310.6,1481,37.6,77,0,0,0,0,0,0,9.200000000000045,5.8313823956913255
6711,L53890,L,301.5,310.7,1323,49.7,79,0,0,0,0,0,0,9.199999999999989,6.885648530358503
6712,L53891,L,301.5,310.7,1426,46.1,81,0,0,0,0,0,0,9.199999999999989,6.884130093909266
6713,H36126,H,301.4,310.7,1516,36.4,83,0,0,0,0,0,0,9.300000000000011,5.778687414915113
6714,L53893,L,301.3,310.6,1416,45.2,88,0,0,0,0,0,0,9.300000000000011,6.702399430874609
6715,L53894,L,301.3,310.6,1440,53.8,90,0,0,0,0,0,0,9.300000000000011,8.112848868630282
6716,L53895,L,301.3,310.6,1576,30.4,92,0,0,0,0,0,0,9.300000000000011,5.017165355684948
6717,L53896,L,301.3,310.6,1387,53.6,94,0,0,0,0,0,0,9.300000000000011,7.78520169881189
6718,M21577,M,301.4,310.6,1464,48.6,96,0,0,0,0,0,0,9.200000000000045,7.450852464665841
6719,L53898,L,301.4,310.6,2137,18.0,99,0,0,0,0,0,0,9.200000000000045,4.028150100432833
6720,M21579,M,301.4,310.6,1431,40.6,101,0,0,0,0,0,0,9.200000000000045,6.084071164795065
6721,L53900,L,301.3,310.6,1458,48.0,104,0,0,0,0,0,0,9.300000000000011,7.328707342294269
6722,L53901,L,301.4,310.7,1280,61.0,106,0,0,0,0,0,0,9.300000000000011,8.176518479743036
6723,L53902,L,301.4,310.7,1657,28.7,108,0,0,0,0,0,0,9.300000000000011,4.980042202495028
6724,M21583,M,301.4,310.6,1565,36.1,110,0,0,0,0,0,0,9.200000000000045,5.916299645117859
6725,L53904,L,301.3,310.6,1560,36.8,113,0,0,0,0,0,0,9.300000000000011,6.011751701909428
6726,M21585,M,301.5,310.7,1359,47.1,115,0,0,0,0,0,0,9.199999999999989,6.70299633347879
6727,L53906,L,301.5,310.8,1500,41.0,118,0,0,0,0,0,0,9.300000000000011,6.440264939859076
6728,L53907,L,301.5,310.8,1785,25.5,120,0,0,0,0,0,0,9.300000000000011,4.766581453659114
6729,L53908,L,301.5,310.9,1891,23.2,122,0,0,0,0,0,0,9.399999999999977,4.5941813208056175
6730,H36143,H,301.5,310.9,1524,40.4,124,0,0,0,0,0,0,9.399999999999977,6.447553434815404
6731,M21590,M,301.6,311.0,1431,42.3,129,0,0,0,0,0,0,9.399999999999977,6.338822913074662
6732,L53911,L,301.6,310.9,1385,51.2,132,0,0,0,0,0,0,9.299999999999955,7.425887275045314
6733,L53912,L,301.7,311.0,1503,44.8,134,0,0,0,0,0,0,9.300000000000011,7.051241879129218
6734,M21593,M,301.7,311.0,1311,46.8,136,0,0,0,0,0,0,9.300000000000011,6.4250596314157
6735,M21594,M,301.6,310.9,1575,40.1,139,0,0,0,0,0,0,9.299999999999955,6.613837933969912
6736,L53915,L,301.6,311.0,1485,40.1,142,0,0,0,0,0,0,9.399999999999977,6.23590433774306
6737,L53916,L,301.7,311.0,1527,42.2,144,0,0,0,0,0,0,9.300000000000011,6.7480781880578045
6738,M21597,M,301.7,311.0,1537,33.5,146,0,0,0,0,0,0,9.300000000000011,5.391967831233722
6739,H36152,H,301.8,311.1,1463,50.1,149,0,0,0,0,0,0,9.300000000000011,7.675570587177118
6740,L53919,L,301.7,311.2,1482,43.6,154,0,0,0,0,0,0,9.5,6.7664879210078395
6741,L53920,L,301.8,311.2,1417,55.9,156,0,0,0,0,0,0,9.399999999999977,8.294883218954787
6742,M21601,M,301.7,311.1,1506,39.5,158,0,0,0,0,0,0,9.400000000000034,6.229464072803201
6743,H36156,H,301.7,311.2,1639,30.0,161,0,0,0,0,0,0,9.5,5.14907035923367
6744,L53923,L,301.7,311.2,1418,38.0,166,0,0,0,0,0,0,9.5,5.642719284867747
6745,M21604,M,301.7,311.0,1298,58.1,168,0,0,0,0,0,0,9.300000000000011,7.8973146686429985
6746,M21605,M,301.8,311.1,1395,44.6,171,0,0,0,0,0,0,9.300000000000011,6.515349004279871
6747,M21606,M,301.7,311.1,1578,40.5,174,0,0,0,0,0,0,9.400000000000034,6.6925348299423355
6748,M21607,M,301.8,311.1,1597,29.8,177,0,0,0,0,0,0,9.300000000000011,4.983675977997681
6749,H36162,H,301.7,311.0,2016,19.3,180,0,0,0,0,0,0,9.300000000000011,4.074520007999818
6750,L53929,L,301.7,311.0,1585,35.9,185,0,0,0,0,0,0,9.300000000000011,5.95871114594132
6751,M21610,M,301.7,311.0,1505,44.0,187,0,0,0,0,0,0,9.300000000000011,6.9345421840238695
6752,M21611,M,301.7,311.0,1505,37.1,190,0,0,0,0,0,0,9.300000000000011,5.847079886983764
6753,L53932,L,301.6,310.9,1706,29.5,193,0,0,0,0,0,0,9.299999999999955,5.270231115907117
6754,L53933,L,301.6,310.9,1385,50.7,195,0,0,0,0,0,0,9.299999999999955,7.353368844624949
6755,L53934,L,301.8,311.1,1495,36.9,197,0,0,0,0,0,0,9.300000000000011,5.776917651053591
6756,M21615,M,301.8,311.1,1663,31.6,199,0,0,0,0,0,0,9.300000000000011,5.503106907342217
6757,L53936,L,301.8,311.2,1840,26.6,202,0,0,0,0,0,0,9.399999999999977,5.125403694576629
6758,L53937,L,301.8,311.2,1822,26.2,204,0,0,0,0,0,0,9.399999999999977,4.998944118294126
6759,L53938,L,301.7,311.1,1644,32.8,206,0,0,0,0,0,0,9.400000000000034,5.646824299268437
6760,L53939,L,301.7,311.0,1441,44.3,208,1,1,0,0,0,0,9.300000000000011,6.684921703745135
6761,L53940,L,301.5,310.9,1451,40.6,0,0,0,0,0,0,0,9.399999999999977,6.1691036059522295
6762,L53941,L,301.5,310.9,1400,50.8,2,0,0,0,0,0,0,9.399999999999977,7.447668984110202
6763,L53942,L,301.4,310.8,1362,53.2,4,0,0,0,0,0,0,9.400000000000034,7.587825904362355
6764,M21623,M,301.4,310.8,1782,26.5,6,0,0,0,0,0,0,9.400000000000034,4.945180996015694
6765,L53944,L,301.4,310.9,1536,38.3,9,0,0,0,0,0,0,9.5,6.16053752998344
6766,L53945,L,301.5,310.9,1580,32.3,11,0,0,0,0,0,0,9.399999999999977,5.344267982776716
6767,M21626,M,301.4,311.0,1427,43.2,13,0,0,0,0,0,0,9.600000000000023,6.455595912008594
6768,L53947,L,301.3,310.9,1509,41.7,16,0,0,0,0,0,0,9.599999999999966,6.589522006831128
6769,H36182,H,301.3,310.8,1434,39.5,18,0,0,0,0,0,0,9.5,5.931641089242889
6770,L53949,L,301.2,310.8,1392,52.6,23,0,0,0,0,0,0,9.600000000000023,7.667496694057392
6771,M21630,M,301.3,310.8,1509,40.1,25,0,0,0,0,0,0,9.5,6.33668663007022
6772,M21631,M,301.2,310.7,1962,22.5,28,0,0,0,0,0,0,9.5,4.62285358975738
6773,L53952,L,301.3,310.7,1536,39.3,31,0,0,0,0,0,0,9.399999999999977,6.321387073847237
6774,L53953,L,301.3,310.8,1381,47.9,33,0,0,0,0,0,0,9.5,6.927201329189981
6775,H36188,H,301.2,310.7,1747,27.3,35,0,0,0,0,0,0,9.5,4.994409752897446
6776,L53955,L,301.2,310.6,1670,30.0,40,0,0,0,0,0,0,9.400000000000034,5.246459731494954
6777,L53956,L,301.3,310.6,1451,47.5,42,0,0,0,0,0,0,9.300000000000011,7.217547322234751
6778,L53957,L,301.2,310.7,1951,21.3,44,0,0,0,0,0,0,9.5,4.3517655596791185
6779,M21638,M,301.3,310.7,1819,25.5,46,0,0,0,0,0,0,9.399999999999977,4.8573734813478575
6780,M21639,M,301.3,310.8,1372,54.2,49,0,0,0,0,0,0,9.5,7.787212318110188
6781,L53960,L,301.3,310.8,1560,38.5,52,0,0,0,0,0,0,9.5,6.289468492486766
6782,M21641,M,301.3,310.8,1494,35.3,54,0,0,0,0,0,0,9.5,5.52273138945164
6783,L53962,L,301.3,310.8,1531,53.4,57,0,0,0,0,0,0,9.5,8.56140546770983
6784,L53963,L,301.3,310.8,1450,46.9,59,0,0,0,0,0,0,9.5,7.121466946912463
6785,M21644,M,301.3,310.7,1391,52.5,61,0,0,0,0,0,0,9.399999999999977,7.647421917000955
6786,L53965,L,301.2,310.6,1389,45.3,64,0,0,0,0,0,0,9.400000000000034,6.589145015712695
6787,L53966,L,301.2,310.6,1409,50.9,66,0,0,0,0,0,0,9.400000000000034,7.510301869647272
6788,H36201,H,301.1,310.6,1388,58.5,68,0,0,0,0,0,0,9.5,8.503034676206134
6789,M21648,M,301.1,310.6,1410,43.9,73,0,0,0,0,0,0,9.5,6.482048122151819
6790,M21649,M,301.1,310.5,1646,30.7,76,0,0,0,0,0,0,9.399999999999977,5.291719609657671
6791,M21650,M,301.1,310.7,2219,16.7,79,0,0,0,0,0,0,9.599999999999966,3.8806313813957676
6792,L53971,L,301.2,310.7,1551,41.2,82,0,0,0,0,0,0,9.5,6.691718015852404
6793,L53972,L,301.2,310.6,1811,24.0,84,0,0,0,0,0,0,9.400000000000034,4.551539436520892
6794,L53973,L,301.3,310.7,1608,31.4,86,0,0,0,0,0,0,9.399999999999977,5.287426099697766
6795,L53974,L,301.3,310.8,1428,55.2,88,0,0,0,0,0,0,9.5,8.254597529160254
6796,L53975,L,301.4,310.8,1477,50.4,90,0,0,0,0,0,0,9.400000000000034,7.795422346911568
6797,M21656,M,301.3,310.7,1300,58.3,92,0,0,0,0,0,0,9.399999999999977,7.936710240519013
6798,M21657,M,301.2,310.7,1615,34.9,95,0,0,0,0,0,0,9.5,5.902371917686944
6799,L53978,L,301.2,310.7,1676,32.4,98,0,0,0,0,0,0,9.5,5.6865340304098115
6800,M21659,M,301.1,310.7,2636,12.2,100,1,0,0,1,0,0,9.599999999999966,3.3677035488441622
6801,M21660,M,301.1,310.6,1310,48.8,103,0,0,0,0,0,0,9.5,6.694524505289609
6802,L53981,L,301.1,310.7,1334,48.2,106,0,0,0,0,0,0,9.599999999999966,6.733354590487981
6803,M21662,M,301.1,310.7,1621,31.0,108,0,0,0,0,0,0,9.599999999999966,5.262272414518023
6804,M21663,M,301.1,310.7,1367,43.4,111,0,0,0,0,0,0,9.599999999999966,6.212792687788151
6805,L53984,L,301.0,310.6,1588,33.7,114,0,0,0,0,0,0,9.600000000000023,5.604140527081665
6806,M21665,M,301.0,310.7,1497,37.6,116,0,0,0,0,0,0,9.699999999999989,5.894381800371313
6807,L53986,L,301.1,310.8,1608,32.9,119,0,0,0,0,0,0,9.699999999999989,5.540010149046385
6808,L53987,L,301.0,310.8,1549,41.4,121,0,0,0,0,0,0,9.800000000000011,6.7155312881666145
6809,L53988,L,301.0,310.7,1391,45.0,123,0,0,0,0,0,0,9.699999999999989,6.554933071715103
6810,L53989,L,300.9,310.8,1490,38.1,125,0,0,0,0,0,0,9.900000000000034,5.944835778387966
6811,L53990,L,301.0,310.7,1727,34.5,127,0,0,0,0,0,0,9.699999999999989,6.239360089662008
6812,L53991,L,300.9,310.6,1504,46.4,129,0,0,0,0,0,0,9.700000000000045,7.307930942878529
6813,L53992,L,300.9,310.6,1350,53.8,131,0,0,0,0,0,0,9.700000000000045,7.605795814340889
6814,M21673,M,300.9,310.7,1420,43.0,133,0,0,0,0,0,0,9.800000000000011,6.394188247606425
6815,H36228,H,300.8,310.6,1465,44.1,136,0,0,0,0,0,0,9.800000000000011,6.7655768591382985
6816,L53995,L,300.9,310.7,1427,44.1,141,0,0,0,0,0,0,9.800000000000011,6.590087493508773
6817,L53996,L,300.9,310.7,1477,43.2,143,0,0,0,0,0,0,9.800000000000011,6.68179058306706
6818,M21677,M,301.0,310.7,1493,48.1,145,0,0,0,0,0,0,9.699999999999989,7.520271190334664
6819,M21678,M,301.0,310.7,1657,29.9,148,0,0,0,0,0,0,9.699999999999989,5.188266963574959
6820,L53999,L,300.9,310.7,1359,46.0,151,0,0,0,0,0,0,9.800000000000011,6.54645077155041
6821,L54000,L,300.8,310.6,1551,34.5,153,0,0,0,0,0,0,9.800000000000011,5.603501736575435
6822,M21681,M,300.8,310.6,1545,37.5,155,0,0,0,0,0,0,9.800000000000011,6.067200812245287
6823,M21682,M,300.9,310.6,1709,29.2,158,0,0,0,0,0,0,9.700000000000045,5.225808995785357
6824,M21683,M,300.9,310.7,1268,56.3,161,0,0,0,0,0,0,9.800000000000011,7.475775766384319
6825,L54004,L,300.9,310.7,1740,25.3,164,0,0,0,0,0,0,9.800000000000011,4.609973059877663
6826,L54005,L,301.0,310.9,1828,25.1,166,0,0,0,0,0,0,9.899999999999977,4.804835580204325
6827,L54006,L,301.0,310.9,1822,21.6,168,0,0,0,0,0,0,9.899999999999977,4.121266906685234
6828,M21687,M,301.0,310.9,1515,41.8,170,0,0,0,0,0,0,9.899999999999977,6.631587932462694
6829,L54008,L,301.0,310.9,1392,52.9,173,0,0,0,0,0,0,9.899999999999977,7.711227663795362
6830,H36243,H,300.9,310.9,1474,35.7,175,0,0,0,0,0,0,10.0,5.510542009955712
6831,M21690,M,301.0,310.9,1359,53.4,180,0,0,0,0,0,0,9.899999999999977,7.599575460886781
6832,L54011,L,301.1,311.0,1565,52.3,183,0,0,0,0,0,0,9.899999999999977,8.571259596666591
6833,M21692,M,301.1,311.1,1384,42.5,185,0,0,0,0,0,0,10.0,6.159615996138387
6834,L54013,L,301.1,311.1,1387,53.1,188,0,0,0,0,0,0,10.0,7.712578548636405
6835,L54014,L,301.1,311.0,1378,51.1,190,0,0,0,0,0,0,9.899999999999977,7.373925332554939
6836,L54015,L,301.0,310.9,1809,25.7,192,0,0,0,0,0,0,9.899999999999977,4.868557551194638
6837,H36250,H,301.1,311.0,1339,52.8,194,0,0,0,0,0,0,9.899999999999977,7.40360291115585
6838,M21697,M,301.0,311.0,1423,38.6,199,0,0,0,0,0,0,10.0,5.7520257652616475
6839,L54018,L,301.1,311.1,1570,41.6,202,0,0,0,0,0,0,10.0,6.839456646375219
6840,L54019,L,301.2,311.2,1558,34.1,204,0,0,0,0,0,0,10.0,5.563530206046261
6841,L54020,L,301.1,311.1,1799,21.7,206,0,0,0,0,0,0,10.0,4.088081216287814
6842,M21701,M,301.1,311.2,1591,35.0,208,0,0,0,0,0,0,10.099999999999966,5.831319563838255
6843,L54022,L,301.2,311.2,1635,29.6,211,0,0,0,0,0,0,10.0,5.0680172687710545
6844,L54023,L,301.3,311.3,1509,42.5,213,0,0,0,0,0,0,10.0,6.71593969521158
6845,M21704,M,301.3,311.4,1838,23.2,215,0,0,0,0,0,0,10.099999999999966,4.465417909910484
6846,M21705,M,301.3,311.5,1648,32.4,0,0,0,0,0,0,0,10.199999999999989,5.591532268565256
6847,M21706,M,301.2,311.5,1498,49.5,3,0,0,0,0,0,0,10.300000000000011,7.765074561877892
6848,L54027,L,301.2,311.4,1757,28.0,6,0,0,0,0,0,0,10.199999999999989,5.1517930728667825
6849,M21708,M,301.1,311.3,1389,53.3,8,0,0,0,0,0,0,10.199999999999989,7.752790934602356
6850,L54029,L,301.1,311.3,1498,37.6,11,0,0,0,0,0,0,10.199999999999989,5.898319263163812
6851,M21710,M,301.0,311.2,1521,35.8,13,0,0,0,0,0,0,10.199999999999989,5.70217916182469
6852,M21711,M,301.0,311.2,1394,41.3,16,0,0,0,0,0,0,10.199999999999989,6.028946685700075
6853,H36266,H,301.0,311.2,1602,32.7,19,0,0,0,0,0,0,10.199999999999989,5.485786259845426
6854,L54033,L,300.9,311.1,1417,40.7,24,0,0,0,0,0,0,10.200000000000045,6.039387245285508
6855,L54034,L,301.0,311.2,1511,42.9,26,0,0,0,0,0,0,10.199999999999989,6.788133494391074
6856,M21715,M,301.1,311.3,1654,30.7,28,0,0,0,0,0,0,10.199999999999989,5.317438781515059
6857,M21716,M,301.1,311.3,1836,22.8,31,0,0,0,0,0,0,10.199999999999989,4.383652725113055
6858,L54037,L,301.1,311.3,1622,35.6,34,0,0,0,0,0,0,10.199999999999989,6.046853763825538
6859,L54038,L,301.0,311.2,1467,45.4,36,0,0,0,0,0,0,10.199999999999989,6.974524186528555
6860,M21719,M,301.1,311.3,1909,22.7,38,0,0,0,0,0,0,10.199999999999989,4.537957284281871
6861,L54040,L,301.1,311.2,1910,20.2,41,0,0,0,0,0,0,10.099999999999966,4.040297592026713
6862,H36275,H,301.1,311.3,2207,16.6,43,0,0,0,0,0,0,10.199999999999989,3.83653389251488
6863,M21722,M,301.1,311.2,1384,49.4,48,0,0,0,0,0,0,10.099999999999966,7.159647769629092
6864,L54043,L,301.1,311.3,1630,29.5,51,0,0,0,0,0,0,10.199999999999989,5.03544942492884
6865,L54044,L,301.1,311.3,1268,60.0,53,0,0,0,0,0,0,10.199999999999989,7.9670789695037145
6866,L54045,L,301.1,311.4,1531,38.7,55,0,0,0,0,0,0,10.299999999999955,6.204614074913305
6867,M21726,M,301.0,311.3,1454,41.5,57,0,0,0,0,0,0,10.300000000000011,6.318894743675392
6868,L54047,L,301.0,311.3,1342,50.9,60,0,0,0,0,0,0,10.300000000000011,7.153176088762696
6869,L54048,L,301.0,311.2,1363,46.3,62,0,0,0,0,0,0,10.199999999999989,6.608539114360857
6870,L54049,L,301.0,311.2,1412,42.1,64,0,0,0,0,0,0,10.199999999999989,6.225086787039198
6871,H36284,H,301.0,311.3,1597,39.2,66,0,0,0,0,0,0,10.300000000000011,6.5557079979029895
6872,L54051,L,301.0,311.3,1349,47.0,71,0,0,0,0,0,0,10.300000000000011,6.639546633851789
6873,L54052,L,301.0,311.3,1472,35.3,73,0,0,0,0,0,0,10.300000000000011,5.441406027625712
6874,L54053,L,301.0,311.4,1478,39.5,75,0,0,0,0,0,0,10.399999999999977,6.113644023640857
6875,H36288,H,300.9,311.3,1295,58.9,77,0,0,0,0,0,0,10.400000000000034,7.9875516816296095
6876,M21735,M,300.8,311.2,1592,32.9,82,0,0,0,0,0,0,10.399999999999977,5.484885669951396
6877,L54056,L,300.8,311.2,1430,54.4,85,0,0,0,0,0,0,10.399999999999977,8.146359190268573
6878,M21737,M,300.8,311.2,1488,40.1,87,0,0,0,0,0,0,10.399999999999977,6.248502124283955
6879,H36292,H,300.9,311.2,1518,35.0,90,0,0,0,0,0,0,10.300000000000011,5.563760589507524
6880,H36293,H,300.8,311.2,2237,17.0,95,0,0,0,0,0,0,10.399999999999977,3.982387567445542
6881,M21740,M,300.9,311.3,1801,24.6,100,0,0,0,0,0,0,10.400000000000034,4.639566862674478
6882,L54061,L,301.0,311.4,1573,37.6,103,0,0,0,0,0,0,10.399999999999977,6.193628972601253
6883,L54062,L,300.9,311.4,2073,21.4,105,0,0,0,0,0,0,10.5,4.64559872056937
6884,L54063,L,300.9,311.3,1953,19.4,107,0,0,0,0,0,0,10.400000000000034,3.9676430259246933
6885,L54064,L,300.8,311.2,1492,39.0,109,0,0,0,0,0,0,10.399999999999977,6.093433110902762
6886,L54065,L,300.8,311.2,1397,48.7,111,0,0,0,0,0,0,10.399999999999977,7.12449334783542
6887,M21746,M,300.8,311.3,1465,43.2,113,0,0,0,0,0,0,10.5,6.627503862013027
6888,L54067,L,300.8,311.3,1782,26.9,116,0,0,0,0,0,0,10.5,5.019825237464986
6889,M21748,M,300.9,311.4,1434,45.4,118,0,0,0,0,0,0,10.5,6.817633049408281
6890,H36303,H,300.9,311.4,1387,42.7,121,0,0,0,0,0,0,10.5,6.202017024986339
6891,M21750,M,300.9,311.4,1532,41.5,126,0,0,0,0,0,0,10.5,6.65787259099773
6892,L54071,L,300.9,311.5,1505,41.1,129,0,0,0,0,0,0,10.600000000000023,6.477492812804115
6893,L54072,L,301.0,311.6,1440,43.3,131,0,0,0,0,0,0,10.600000000000023,6.529486171221026
6894,L54073,L,301.0,311.6,1470,43.4,133,0,0,0,0,0,0,10.600000000000023,6.680910937124054
6895,L54074,L,301.1,311.7,1408,46.3,135,0,0,0,0,0,0,10.599999999999966,6.826722724152668
6896,M21755,M,301.0,311.6,1357,45.6,137,0,0,0,0,0,0,10.600000000000023,6.479974671000452
6897,M21756,M,301.0,311.6,1454,40.0,140,0,0,0,0,0,0,10.600000000000023,6.090500957759413
6898,L54077,L,301.0,311.6,1352,63.5,143,0,0,0,0,0,0,10.600000000000023,8.99040041653303
6899,M21758,M,301.0,311.6,1448,43.9,145,0,0,0,0,0,0,10.600000000000023,6.656741617642436
6900,L54079,L,300.9,311.6,1671,33.5,148,0,0,0,0,0,0,10.700000000000045,5.862054811965875
6901,L54080,L,301.0,311.7,1670,31.3,150,0,0,0,0,0,0,10.699999999999989,5.473806319859737
6902,L54081,L,301.0,311.7,1547,34.5,152,0,0,0,0,0,0,10.699999999999989,5.5890504103689205
6903,L54082,L,301.0,311.6,1461,40.6,154,0,0,0,0,0,0,10.600000000000023,6.211619826530812
6904,M21763,M,301.0,311.6,1609,35.8,156,0,0,0,0,0,0,10.600000000000023,6.032088278353665
6905,M21764,M,300.9,311.5,1704,31.3,159,0,0,0,0,0,0,10.600000000000023,5.585249083258078
6906,M21765,M,301.0,311.5,1550,34.9,162,0,0,0,0,0,0,10.5,5.664815153197995
6907,M21766,M,301.0,311.5,1530,43.9,165,0,0,0,0,0,0,10.5,7.033711792122188
6908,L54087,L,300.9,311.3,1449,40.2,168,0,0,0,0,0,0,10.400000000000034,6.099904791769159
6909,L54088,L,300.9,311.3,1613,32.7,170,0,0,0,0,0,0,10.400000000000034,5.523453955761967
6910,L54089,L,300.8,311.2,1376,48.1,172,0,0,0,0,0,0,10.399999999999977,6.930939824447754
6911,L54090,L,300.8,311.2,1434,45.6,174,0,0,0,0,0,0,10.399999999999977,6.8476666751766
6912,L54091,L,300.8,311.1,1480,41.1,176,0,0,0,0,0,0,10.300000000000011,6.369893264418665
6913,M21772,M,300.8,311.2,1634,31.9,178,0,0,0,0,0,0,10.399999999999977,5.458475347710218
6914,L54093,L,300.8,311.2,1481,38.5,181,0,0,0,0,0,1,10.399999999999977,5.970963357290321
6915,H36328,H,300.9,311.3,1668,28.9,183,0,0,0,0,0,0,10.400000000000034,5.048036739494224
6916,L54095,L,301.0,311.4,1484,36.2,188,0,0,0,0,0,0,10.399999999999977,5.625629020832219
6917,M21776,M,300.9,311.3,1603,31.8,190,0,0,0,0,0,0,10.400000000000034,5.338131405126704
6918,L54097,L,301.0,311.4,1481,37.5,193,0,0,0,0,0,0,10.399999999999977,5.815873399958105
6919,L54098,L,301.0,311.5,1559,31.8,195,0,0,0,0,0,0,10.5,5.191607523763277
6920,L54099,L,301.0,311.5,1444,39.8,197,0,0,0,0,0,0,10.5,6.01836999043299
6921,M21780,M,301.2,311.6,1423,48.0,199,0,0,0,0,0,0,10.400000000000034,7.152778153693242
6922,L54101,L,301.1,311.6,1432,48.1,202,0,0,0,0,0,0,10.5,7.21301295683807
6923,L54102,L,301.2,311.7,1463,48.3,204,0,0,0,0,0,0,10.5,7.399801584045006
6924,L54103,L,301.2,311.7,1433,49.3,206,0,0,0,0,0,0,10.5,7.398126067963092
6925,L54104,L,301.2,311.6,1461,52.9,208,1,0,0,0,1,0,10.400000000000034,8.093465241957633
6926,M21785,M,301.1,311.6,1266,55.5,210,0,0,0,0,0,0,10.5,7.357924153972655
6927,H36340,H,301.1,311.6,1417,53.4,0,0,0,0,0,0,0,10.5,7.923913486443391
6928,L54107,L,301.1,311.6,1488,43.4,5,0,0,0,0,0,0,10.5,6.762718009823532
6929,L54108,L,301.1,311.7,1816,24.5,7,0,0,0,0,0,0,10.599999999999966,4.659191344783903
6930,M21789,M,301.0,311.6,1301,55.0,9,0,0,0,0,0,0,10.600000000000023,7.493222077587256
6931,M21790,M,300.9,311.5,1836,21.8,12,0,0,0,0,0,0,10.600000000000023,4.191387254713359
6932,M21791,M,300.8,311.4,1521,39.9,15,0,0,0,0,0,0,10.599999999999966,6.3552220267264
6933,L54112,L,300.8,311.4,1322,67.2,18,1,0,0,1,0,0,10.599999999999966,9.303135493222383
6934,L54113,L,300.8,311.4,1492,40.6,20,0,0,0,0,0,0,10.599999999999966,6.3434201103244146
6935,L54114,L,300.8,311.4,1536,40.9,22,0,0,0,0,0,0,10.599999999999966,6.578746344029313
6936,L54115,L,300.7,311.2,1878,24.3,24,0,0,0,0,0,0,10.5,4.778927912787721
6937,L54116,L,300.6,311.1,1471,40.7,26,0,0,0,0,0,0,10.5,6.2695403230874955
6938,H36351,H,300.6,311.1,1452,40.2,28,0,0,0,0,0,0,10.5,6.112533994236588
6939,L54118,L,300.7,311.2,1452,44.4,33,0,0,0,0,0,0,10.5,6.751156948858321
6940,M21799,M,300.7,311.3,1348,53.0,35,0,0,0,0,0,0,10.600000000000023,7.4815981847689725
6941,H36354,H,300.8,311.4,1453,44.6,38,0,0,0,0,0,0,10.599999999999966,6.786238066823408
6942,L54121,L,300.8,311.4,1316,57.6,43,0,0,0,0,0,0,10.599999999999966,7.937924989678402
6943,M21802,M,300.8,311.4,1732,26.9,45,0,0,0,0,0,0,10.599999999999966,4.878977166829044
6944,L54123,L,300.7,311.3,1522,35.2,48,0,0,0,0,0,0,10.600000000000023,5.610298048682701
6945,M21804,M,300.7,311.3,1487,39.8,50,0,0,0,0,0,0,10.600000000000023,6.197587379344776
6946,M21805,M,300.8,311.4,1852,22.2,53,0,0,0,0,0,0,10.599999999999966,4.3054898998917395
6947,L54126,L,300.7,311.2,1486,46.8,56,0,0,0,0,0,0,10.5,7.282714425845714
6948,M21807,M,300.7,311.3,1562,37.1,58,0,0,0,0,0,0,10.600000000000023,6.068530753135307
6949,L54128,L,300.7,311.2,1457,51.4,61,0,0,0,0,0,0,10.5,7.842441516960297
6950,M21809,M,300.7,311.2,1769,26.5,63,0,0,0,0,0,0,10.5,4.909105040376971
6951,H36364,H,300.7,311.3,1374,53.1,66,0,0,0,0,0,0,10.600000000000023,7.640290501677304
6952,L54131,L,300.8,311.3,1524,43.5,71,0,0,0,0,0,0,10.5,6.9422914459027245
6953,L54132,L,300.8,311.3,1498,40.2,73,0,0,0,0,0,0,10.5,6.306181765403863
6954,L54133,L,300.8,311.3,1462,41.4,75,0,0,0,0,0,0,10.5,6.338351674176622
6955,M21814,M,300.8,311.2,1429,52.3,77,0,0,0,0,0,0,10.399999999999977,7.826408922451476
6956,L54135,L,300.7,311.2,1399,47.9,80,0,0,0,0,0,0,10.5,7.017490702054152
6957,M21816,M,300.8,311.2,1434,39.1,82,0,0,0,0,0,0,10.399999999999977,5.871573837706252
6958,L54137,L,300.7,311.1,1324,52.2,85,0,0,0,0,0,0,10.400000000000034,7.237475491634022
6959,L54138,L,300.6,311.0,1563,40.7,87,0,0,0,0,0,0,10.399999999999977,6.661652974157549
6960,L54139,L,300.6,311.0,1543,34.7,89,0,0,0,0,0,0,10.399999999999977,5.606915600592335
6961,L54140,L,300.7,311.0,1413,52.0,91,0,0,0,0,0,1,10.300000000000011,7.694388727172122
6962,M21821,M,300.7,311.0,1378,41.2,93,0,0,0,0,0,0,10.300000000000011,5.945317489261517
6963,M21822,M,300.7,311.1,1373,49.9,96,0,0,0,0,0,0,10.400000000000034,7.174633166586713
6964,H36377,H,300.7,311.0,1981,19.9,99,0,0,0,0,0,0,10.300000000000011,4.128251714351715
6965,M21824,M,300.7,311.0,1263,52.3,104,0,0,0,0,0,0,10.300000000000011,6.917252952453613
6966,L54145,L,300.7,311.0,1312,52.1,107,0,0,0,0,0,0,10.300000000000011,7.1581398051553675
6967,L54146,L,300.7,311.0,1969,20.7,109,0,0,0,0,0,0,10.300000000000011,4.268199195093629
6968,M21827,M,300.8,311.2,1365,51.7,111,0,0,0,0,0,0,10.399999999999977,7.390125478671951
6969,L54148,L,300.9,311.2,1789,25.5,114,0,0,0,0,0,0,10.300000000000011,4.777262868681319
6970,M21829,M,300.8,311.1,1583,32.1,116,0,0,0,0,0,0,10.300000000000011,5.3212610525769275
6971,L54150,L,300.7,311.0,1436,44.9,119,0,0,0,0,0,0,10.300000000000011,6.751952818997231
6972,M21831,M,300.7,311.0,1559,42.8,121,0,0,0,0,0,0,10.300000000000011,6.987446604310321
6973,L54152,L,300.7,311.0,1377,49.9,124,0,0,0,0,0,0,10.300000000000011,7.1955352297085975
6974,L54153,L,300.7,311.0,1462,41.9,126,0,0,0,0,0,0,10.300000000000011,6.414901815169094
6975,L54154,L,300.7,311.0,1318,48.2,128,0,0,0,0,0,0,10.300000000000011,6.652594715339698
6976,M21835,M,300.7,311.0,1378,51.6,130,0,0,0,0,0,0,10.300000000000011,7.446077243832384
6977,L54156,L,300.6,310.9,1344,46.7,133,0,0,0,0,0,0,10.299999999999955,6.572714486134423
6978,L54157,L,300.7,311.1,2377,14.3,135,0,0,0,0,0,0,10.400000000000034,3.5595396682478677
6979,L54158,L,300.7,311.1,1427,50.3,137,0,0,0,0,0,0,10.400000000000034,7.516585054954451
6980,L54159,L,300.9,311.2,1353,60.4,139,0,0,0,0,0,0,10.300000000000011,8.55782405208474
6981,L54160,L,300.8,311.3,1505,45.5,141,0,0,0,0,0,0,10.5,7.170947031206501
6982,H36395,H,300.8,311.2,1612,32.5,143,0,0,0,0,0,0,10.399999999999977,5.486267970718975
6983,L54162,L,300.7,311.1,1440,43.0,148,0,0,0,0,0,0,10.400000000000034,6.484247237009333
6984,M21843,M,300.7,311.0,1334,53.9,150,0,0,0,0,0,0,10.300000000000011,7.5296226644668485
6985,M21844,M,300.7,311.0,1706,25.0,153,0,0,0,0,0,0,10.300000000000011,4.46629755585349
6986,H36399,H,300.8,311.1,1698,24.8,156,0,0,0,0,0,0,10.300000000000011,4.4097907759909205
6987,L54166,L,300.7,311.1,1688,30.7,161,0,0,0,0,0,0,10.400000000000034,5.42674526190896
6988,L54167,L,300.7,311.1,2437,13.8,163,0,0,0,0,0,0,10.400000000000034,3.5217881965272304
6989,L54168,L,300.7,311.1,1478,46.8,165,0,0,0,0,0,0,10.400000000000034,7.2435073495289135
6990,M21849,M,300.7,311.1,1608,35.3,167,0,0,0,0,0,0,10.400000000000034,5.9441446280041745
6991,L54170,L,300.7,311.1,2478,13.4,170,1,0,0,1,0,0,10.400000000000034,3.477240412699327
6992,L54171,L,300.8,311.1,1509,33.4,172,0,0,0,0,0,0,10.300000000000011,5.2779384898839234
6993,L54172,L,300.7,311.0,1596,36.9,174,0,0,0,0,0,0,10.300000000000011,6.16719770640905
6994,M21853,M,300.7,311.0,1740,25.6,176,0,0,0,0,0,0,10.300000000000011,4.664636772050125
6995,L54174,L,300.6,310.8,1375,53.2,179,0,0,0,0,0,0,10.199999999999989,7.660250087003113
6996,M21855,M,300.6,310.7,1705,31.2,181,0,0,0,0,0,0,10.099999999999966,5.57067209334542
6997,M21856,M,300.5,310.6,1621,32.0,184,0,0,0,0,0,0,10.100000000000023,5.432023137566992
6998,M21857,M,300.6,310.7,1566,38.2,187,0,0,0,0,0,0,10.099999999999966,6.264461414964191
6999,M21858,M,300.6,310.7,1388,42.9,190,0,0,0,0,0,0,10.099999999999966,6.2355587625511655
7000,M21859,M,300.6,310.7,1457,36.7,193,0,0,0,0,0,0,10.099999999999966,5.599564273782936
7001,M21860,M,300.6,310.6,1463,45.5,196,0,0,0,0,0,0,10.0,6.970827579172832
7002,L54181,L,300.5,310.5,1564,38.2,199,0,0,0,0,0,0,10.0,6.256460825673049
7003,H36416,H,300.5,310.6,1411,47.2,201,0,0,0,0,0,0,10.100000000000023,6.974251915165246
7004,L54183,L,300.5,310.6,1540,46.7,206,0,0,0,0,0,0,10.100000000000023,7.531235348695692
7005,L54184,L,300.5,310.6,1950,20.3,208,0,0,0,0,0,0,10.100000000000023,4.145331506411733
7006,M21865,M,300.6,310.7,1339,52.9,0,0,0,0,0,0,0,10.099999999999966,7.417624886366372
7007,H36420,H,300.6,310.6,1419,39.6,3,0,0,0,0,0,0,10.0,5.88445436758597
7008,L54187,L,300.5,310.6,1499,45.2,8,0,0,0,0,0,0,10.100000000000023,7.095266064181525
7009,L54188,L,300.5,310.6,1368,49.6,10,0,0,0,0,0,0,10.100000000000023,7.105528600183251
7010,L54189,L,300.5,310.5,1536,36.2,12,0,0,0,0,0,0,10.0,5.822753487869467
7011,M21870,M,300.5,310.5,1469,42.9,14,0,0,0,0,0,0,10.0,6.599449439616471
7012,L54191,L,300.5,310.5,2633,12.2,17,1,0,0,1,0,0,10.0,3.3638708058067825
7013,L54192,L,300.4,310.4,1298,61.4,19,0,0,0,0,0,0,10.0,8.345871267722549
7014,M21873,M,300.4,310.4,1544,36.3,21,0,0,0,0,0,0,10.0,5.869249059142594
7015,H36428,H,300.5,310.5,1403,47.7,24,0,0,0,0,0,0,10.0,7.008170643848502
7016,L54195,L,300.5,310.5,1452,42.9,29,0,0,0,0,0,0,10.0,6.523077322207703
7017,L54196,L,300.6,310.5,1509,43.1,31,0,0,0,0,0,0,9.899999999999977,6.810752961496921
7018,M21877,M,300.7,310.6,1474,37.0,33,0,0,0,0,0,0,9.900000000000034,5.711206004716005
7019,M21878,M,300.7,310.7,1377,46.7,36,0,0,0,0,0,0,10.0,6.73409810074933
7020,L54199,L,300.8,310.8,1741,27.1,39,0,0,0,0,0,0,10.0,4.9407932382761794
7021,L54200,L,300.8,310.8,1460,53.8,41,0,0,0,0,0,0,10.0,8.225527325139035
7022,H36435,H,300.7,310.6,1631,32.6,43,0,0,0,0,0,0,9.900000000000034,5.5680122115653825
7023,L54202,L,300.7,310.5,1561,33.2,48,0,0,0,0,0,0,9.800000000000011,5.427122253027392
7024,M21883,M,300.7,310.6,1572,38.5,50,0,0,0,0,0,0,9.900000000000034,6.337849019352049
7025,L54204,L,300.6,310.6,2127,18.7,53,0,0,0,0,0,0,10.0,4.165217787908955
7026,H36439,H,300.6,310.6,1448,44.7,55,0,0,0,0,0,0,10.0,6.778048981973051
7027,L54206,L,300.6,310.7,1543,39.6,60,0,0,0,0,0,0,10.099999999999966,6.398670253125547
7028,L54207,L,300.6,310.6,1508,34.8,62,0,0,0,0,0,0,10.0,5.495525197071553
7029,M21888,M,300.6,310.6,1403,50.4,64,0,0,0,0,0,0,10.0,7.404859548217285
7030,L54209,L,300.6,310.6,1454,39.7,67,0,0,0,0,0,0,10.0,6.044822200576217
7031,L54210,L,300.7,310.8,1772,27.3,69,0,0,0,0,0,0,10.100000000000023,5.065880985766614
7032,L54211,L,300.7,310.8,1479,49.1,71,0,0,0,0,0,0,10.100000000000023,7.604633425059061
7033,L54212,L,300.7,310.9,1723,31.0,73,0,0,0,0,0,0,10.199999999999989,5.593396280206387
7034,M21893,M,300.7,310.8,1469,46.4,75,0,0,0,0,0,0,10.100000000000023,7.1378660605642015
7035,H36448,H,300.6,310.6,1830,26.2,78,0,0,0,0,0,0,10.0,5.020893378967206
7036,L54215,L,300.6,310.6,1497,38.2,83,0,0,0,0,0,0,10.0,5.988441084419793
7037,L54216,L,300.7,310.6,1540,52.7,85,0,0,0,0,0,0,9.900000000000034,8.498845886001346
7038,L54217,L,300.6,310.6,1514,39.5,87,0,0,0,0,0,0,10.0,6.262555515421013
7039,L54218,L,300.7,310.6,1654,34.2,89,0,0,0,0,0,0,9.900000000000034,5.9236614439027715
7040,H36453,H,300.6,310.5,1519,37.0,91,0,0,0,0,0,0,9.899999999999977,5.8855643969902385
7041,L54220,L,300.7,310.6,1720,30.3,96,0,0,0,0,0,0,9.900000000000034,5.457574757816188
7042,L54221,L,300.6,310.5,1470,37.7,98,0,0,0,0,0,0,9.899999999999977,5.803464108976425
7043,L54222,L,300.6,310.5,1642,29.9,100,0,0,0,0,0,0,9.899999999999977,5.141300153403791
7044,M21903,M,300.7,310.6,2006,19.1,102,0,0,0,0,0,0,9.900000000000034,4.012295529507717
7045,M21904,M,300.7,310.6,1505,35.6,105,0,0,0,0,0,0,9.900000000000034,5.610675039801132
7046,M21905,M,300.7,310.6,1609,27.6,108,0,0,0,0,0,0,9.900000000000034,4.650436773255899
7047,M21906,M,300.7,310.5,1863,22.2,111,0,0,0,0,0,0,9.800000000000011,4.331062464091961
7048,L54227,L,300.6,310.4,1401,42.6,114,0,0,0,0,0,0,9.799999999999955,6.249947256904607
7049,L54228,L,300.6,310.4,2007,19.8,116,0,0,0,0,0,0,9.799999999999955,4.161416460798112
7050,L54229,L,300.6,310.4,1494,47.3,118,0,0,0,0,0,0,9.799999999999955,7.4001471592369015
7051,L54230,L,300.6,310.4,1457,47.7,120,0,0,0,0,0,0,9.799999999999955,7.277907789085724
7052,L54231,L,300.6,310.4,1556,37.7,122,0,0,0,0,0,0,9.799999999999955,6.142986499025386
7053,H36466,H,300.6,310.4,1510,42.8,124,0,0,0,0,0,0,9.799999999999955,6.767828333873371
7054,H36467,H,300.7,310.5,1567,38.7,129,0,0,0,0,0,0,9.800000000000011,6.350509637746016
7055,H36468,H,300.7,310.5,1476,43.1,134,0,0,0,0,0,0,9.800000000000011,6.661810053790229
7056,L54235,L,300.8,310.6,1663,30.6,139,0,0,0,0,0,0,9.800000000000011,5.328957954578223
7057,M21916,M,300.8,310.5,1409,50.6,141,0,0,0,0,0,0,9.699999999999989,7.466036829158193
7058,L54237,L,300.8,310.6,1666,36.2,144,0,0,0,0,0,0,9.800000000000011,6.315564655462586
7059,L54238,L,300.7,310.6,1520,45.9,146,0,0,0,0,0,0,9.900000000000034,7.306087875188424
7060,L54239,L,300.6,310.5,1644,33.8,148,0,0,0,0,0,0,9.899999999999977,5.8189835766851585
7061,H36474,H,300.6,310.4,1479,35.6,150,0,0,0,0,0,0,9.799999999999955,5.513746434462374
7062,L54241,L,300.6,310.4,1446,49.7,155,0,0,0,0,0,0,9.799999999999955,7.525810865380494
7063,M21922,M,300.6,310.4,1407,51.1,157,0,0,0,0,0,0,9.799999999999955,7.529109537666763
7064,L54243,L,300.7,310.4,1234,51.7,160,0,0,0,0,0,0,9.699999999999989,6.6808899931730314
7065,M21924,M,300.8,310.5,1696,29.7,162,0,0,0,0,0,0,9.699999999999989,5.274859729083406
7066,L54245,L,300.8,310.6,1384,52.9,165,0,0,0,0,0,0,9.800000000000011,7.666910263428722
7067,M21926,M,300.8,310.7,1572,36.2,167,0,0,0,0,0,0,9.899999999999977,5.959224272741408
7068,M21927,M,300.8,310.7,1386,42.1,170,0,0,0,0,0,0,9.899999999999977,6.11046054308522
7069,L54248,L,300.8,310.7,1461,42.8,173,0,0,0,0,0,0,9.899999999999977,6.548210063436421
7070,L54249,L,300.8,310.7,1525,39.4,175,0,0,0,0,0,0,9.899999999999977,6.292086486364757
7071,L54250,L,300.7,310.7,1333,61.0,177,0,0,0,0,0,0,10.0,8.515077448044895
7072,H36485,H,300.7,310.6,1505,40.6,179,0,0,0,0,0,0,9.900000000000034,6.398691197076571
7073,M21932,M,300.7,310.6,1439,41.7,184,0,0,0,0,0,0,9.900000000000034,6.283845041636841
7074,L54253,L,300.7,310.6,1491,43.2,187,0,0,0,0,0,0,9.900000000000034,6.7451250909634295
7075,M21934,M,300.7,310.6,1488,39.2,189,0,0,0,0,0,0,9.900000000000034,6.108261428227707
7076,L54255,L,300.7,310.5,1536,47.4,192,0,0,0,0,0,0,9.800000000000011,7.624268379143996
7077,L54256,L,300.7,310.5,1960,21.0,194,0,0,0,0,0,0,9.800000000000011,4.310265120725196
7078,M21937,M,300.7,310.5,1594,31.0,196,0,0,0,0,0,0,9.800000000000011,5.174621979482867
7079,L54258,L,300.7,310.5,1357,52.6,199,0,0,0,0,0,0,9.800000000000011,7.4747076248820985
7080,L54259,L,300.7,310.5,1445,41.1,201,0,0,0,0,0,0,9.800000000000011,6.219253896679034
7081,L54260,L,300.7,310.4,1543,47.3,203,0,0,0,0,0,0,9.699999999999989,7.642856135677737
7082,L54261,L,300.7,310.4,1366,52.6,205,0,0,0,0,0,0,9.699999999999989,7.524281956955746
7083,L54262,L,300.7,310.3,1458,40.0,207,0,0,0,0,0,0,9.600000000000023,6.107256118578558
7084,L54263,L,300.7,310.4,1416,61.8,209,1,0,0,1,1,0,9.699999999999989,9.163900106815282
7085,L54264,L,300.6,310.3,1794,24.4,211,0,0,0,0,0,0,9.699999999999989,4.583960672705939
7086,L54265,L,300.6,310.3,1484,41.0,213,0,0,0,0,0,0,9.699999999999989,6.371568780500578
7087,L54266,L,300.6,310.4,2514,13.4,215,0,0,0,0,0,0,9.799999999999955,3.527757222569051
7088,L54267,L,300.6,310.3,1648,30.5,217,1,1,0,0,0,0,9.699999999999989,5.263633771334579
7089,M21948,M,300.6,310.3,1614,32.7,0,0,0,0,0,0,0,9.699999999999989,5.526878291754381
7090,L54269,L,300.6,310.2,1622,34.1,3,0,0,0,0,0,0,9.599999999999966,5.7920705996194055
7091,M21950,M,300.6,310.2,1478,40.1,5,0,0,0,0,0,0,9.599999999999966,6.206509502480972
7092,L54271,L,300.6,310.2,1318,51.0,8,0,0,0,0,0,0,9.599999999999966,7.039052499633291
7093,L54272,L,300.7,310.2,1493,35.9,10,0,0,0,0,0,0,9.5,5.612842738732108
7094,H36507,H,300.7,310.3,1369,50.7,12,0,0,0,0,0,0,9.600000000000023,7.268420179271882
7095,L54274,L,300.6,310.2,1447,45.9,17,0,0,0,0,0,0,9.599999999999966,6.955203391708978
7096,L54275,L,300.6,310.1,1485,49.9,19,0,0,0,0,0,0,9.5,7.759890933999468
7097,L54276,L,300.6,310.2,1489,47.8,21,0,0,0,0,0,0,9.599999999999966,7.453344794837688
7098,M21957,M,300.6,310.2,1233,52.3,23,0,0,0,0,0,0,9.599999999999966,6.752947656670866
7099,L54278,L,300.7,310.2,1642,32.6,26,0,0,0,0,0,0,9.5,5.605564715751292
7100,M21959,M,300.7,310.2,1373,44.1,28,0,0,0,0,0,0,9.5,6.340707868666815
7101,L54280,L,300.7,310.2,1569,32.8,31,0,0,0,0,0,0,9.5,5.389213701674074
7102,L54281,L,300.8,310.2,1850,22.8,33,0,0,0,0,0,0,9.399999999999977,4.417079270947249
7103,M21962,M,300.8,310.3,1494,42.2,35,0,0,0,0,0,0,9.5,6.602245457078166
7104,H36517,H,300.8,310.3,1777,30.1,38,0,0,0,0,0,0,9.5,5.601218845913826
7105,L54284,L,300.9,310.4,1454,43.1,43,0,0,0,0,0,0,9.5,6.562514781985768
7106,L54285,L,300.9,310.4,1536,34.2,45,0,0,0,0,0,0,9.5,5.501054400141872
7107,L54286,L,300.8,310.5,1482,39.0,47,0,0,0,0,0,0,9.699999999999989,6.052592406406095
7108,H36521,H,300.9,310.5,1512,41.2,49,0,0,0,0,0,0,9.600000000000023,6.523454313326135
7109,M21968,M,300.8,310.5,1511,35.8,54,0,0,0,0,0,0,9.699999999999989,5.664689489491852
7110,L54289,L,300.9,310.5,1599,40.5,57,0,0,0,0,0,0,9.600000000000023,6.781598981671606
7111,M21970,M,300.8,310.4,1518,36.0,59,0,0,0,0,0,0,9.599999999999966,5.722725177779167
7112,M21971,M,300.8,310.4,1450,39.4,62,0,0,0,0,0,0,9.599999999999966,5.982639609986162
7113,L54292,L,300.9,310.4,1427,47.0,65,0,0,0,0,0,0,9.5,7.023449256120463
7114,L54293,L,300.9,310.4,1561,32.7,67,0,0,0,0,0,0,9.5,5.345388484156498
7115,H36528,H,300.9,310.4,1457,43.8,69,0,0,0,0,0,0,9.5,6.682858724569279
7116,M21975,M,301.0,310.6,1460,53.6,74,0,0,0,0,0,0,9.600000000000023,8.194949156644096
7117,L54296,L,301.0,310.5,1601,33.2,77,0,0,0,0,0,0,9.5,5.5661900878263
7118,L54297,L,300.9,310.5,1570,40.1,79,0,0,0,0,0,0,9.600000000000023,6.592841623068421
7119,L54298,L,300.9,310.5,1565,35.9,81,0,0,0,0,0,0,9.600000000000023,5.8835223617654036
7120,L54299,L,301.0,310.5,1378,44.4,83,0,0,0,0,0,0,9.5,6.407089721437167
7121,L54300,L,300.9,310.5,2288,16.1,85,0,0,0,0,0,0,9.600000000000023,3.8575406753918826
7122,M21981,M,300.9,310.4,1375,44.7,87,0,0,0,0,0,0,9.5,6.436337949042089
7123,L54302,L,300.9,310.4,1788,27.8,90,0,0,0,0,0,0,9.5,5.205242035879857
7124,M21983,M,300.9,310.4,1576,40.4,92,0,0,0,0,0,0,9.5,6.667548696370784
7125,M21984,M,300.8,310.3,1868,24.5,95,0,0,0,0,0,0,9.5,4.792604312806349
7126,L54305,L,300.7,310.1,1261,56.6,98,0,0,0,0,0,0,9.400000000000034,7.47412119425343
7127,M21986,M,300.6,310.0,1542,33.9,100,0,0,0,0,0,0,9.399999999999977,5.47409953517407
7128,L54307,L,300.6,310.0,1438,53.8,103,0,0,0,0,0,0,9.399999999999977,8.101581022979405
7129,L54308,L,300.6,310.0,1511,36.9,105,0,0,0,0,0,0,9.399999999999977,5.838744194476239
7130,L54309,L,300.6,310.0,1635,31.0,107,0,0,0,0,0,0,9.399999999999977,5.307720788239955
7131,L54310,L,300.6,309.9,1428,48.8,109,0,0,0,0,0,0,9.299999999999955,7.297542743170658
7132,M21991,M,300.5,309.8,1410,44.4,111,0,0,0,0,0,0,9.300000000000011,6.55587554951118
7133,L54312,L,300.5,309.9,1423,47.9,114,0,0,0,0,0,0,9.399999999999977,7.137876532539712
7134,M21993,M,300.5,309.9,1552,41.3,116,0,0,0,0,0,0,9.399999999999977,6.712284975757903
7135,M21994,M,300.5,310.0,1406,50.2,119,0,0,0,0,0,0,9.5,7.39124598005173
7136,L54315,L,300.5,309.9,1443,48.3,122,0,0,0,0,0,0,9.399999999999977,7.298642300599415
7137,M21996,M,300.5,309.9,1343,63.7,124,0,0,0,0,0,0,9.399999999999977,8.958680802707288
7138,M21997,M,300.6,310.0,1486,41.2,127,0,0,0,0,0,0,9.399999999999977,6.411278511641956
7139,L54318,L,300.6,310.1,1297,50.0,130,0,0,0,0,0,0,9.5,6.791076119509936
7140,L54319,L,300.6,310.1,1495,42.3,132,0,0,0,0,0,0,9.5,6.622320234134604
7141,L54320,L,300.5,309.9,1382,46.5,134,0,0,0,0,0,0,9.399999999999977,6.729605623254695
7142,M22001,M,300.4,309.8,1356,44.4,136,0,0,0,0,0,0,9.400000000000034,6.304799464636283
7143,H36556,H,300.3,309.7,1452,41.5,139,0,0,0,0,0,0,9.399999999999977,6.310203004000459
7144,H36557,H,300.3,309.7,1582,30.8,144,0,0,0,0,0,0,9.399999999999977,5.1025329000584945
7145,M22004,M,300.4,309.8,1517,40.3,149,0,0,0,0,0,0,9.400000000000034,6.402052701215911
7146,L54325,L,300.5,310.0,1413,44.5,152,0,0,0,0,0,0,9.5,6.584621122291527
7147,L54326,L,300.4,309.9,1496,31.8,154,0,0,0,0,0,0,9.5,4.981811966356549
7148,L54327,L,300.3,309.8,1466,41.2,156,0,0,0,0,0,0,9.5,6.324989433423355
7149,M22008,M,300.3,309.8,1617,40.8,158,0,0,0,0,0,0,9.5,6.9087392363623845
7150,L54329,L,300.2,309.8,1506,41.8,161,0,0,0,0,0,0,9.600000000000023,6.592192360586679
7151,L54330,L,300.2,309.8,1401,49.3,163,0,0,0,0,0,0,9.600000000000023,7.232920182286315
7152,H36565,H,300.2,309.9,1906,22.9,165,0,0,0,0,0,0,9.699999999999989,4.570745039609838
7153,L54332,L,300.2,309.9,1566,36.4,170,0,0,0,0,0,0,9.699999999999989,5.969277369232894
7154,L54333,L,300.2,310.0,1493,47.3,172,0,0,0,0,0,0,9.800000000000011,7.395193914819742
7155,L54334,L,300.3,310.1,1483,39.9,174,0,0,0,0,0,0,9.800000000000011,6.196445934013972
7156,M22015,M,300.2,309.9,1569,31.2,176,0,0,0,0,0,0,9.699999999999989,5.126325228421681
7157,M22016,M,300.2,310.0,1664,30.7,179,0,0,0,0,0,0,9.800000000000011,5.349587746336796
7158,L54337,L,300.2,310.0,1486,40.1,182,0,0,0,0,0,0,9.800000000000011,6.2401035999233585
7159,L54338,L,300.2,310.0,1389,53.6,184,0,0,0,0,0,0,9.800000000000011,7.796427656560718
7160,L54339,L,300.1,310.0,1511,41.7,186,0,0,0,0,0,0,9.899999999999977,6.598255634408107
7161,M22020,M,300.2,310.1,1485,40.5,188,0,0,0,0,0,0,9.900000000000034,6.298107872284137
7162,L54341,L,300.2,310.2,1440,42.9,191,0,0,0,0,0,0,10.0,6.469167592272102
7163,L54342,L,300.2,310.2,1378,43.9,193,0,0,0,0,0,0,10.0,6.3349378101597225
7164,M22023,M,300.1,310.1,1501,39.3,195,0,0,0,0,0,0,10.0,6.177345050680145
7165,M22024,M,300.2,310.1,1474,44.0,198,0,0,0,0,0,0,9.900000000000034,6.791704438040655
7166,L54345,L,300.2,310.1,1392,47.9,201,0,0,0,0,0,0,9.900000000000034,6.98237816816253
7167,M22026,M,300.3,310.2,1429,44.7,203,0,0,0,0,0,0,9.899999999999977,6.689110493949924
7168,L54347,L,300.3,310.3,1362,60.3,206,1,0,0,0,1,0,10.0,8.600486880320489
7169,L54348,L,300.3,310.3,1704,29.5,0,0,0,0,0,0,0,10.0,5.264052650355056
7170,L54349,L,300.3,310.2,1492,52.3,2,0,0,0,0,0,0,9.899999999999977,8.171450043595241
7171,M22030,M,300.3,310.2,1442,39.5,4,0,0,0,0,0,0,9.899999999999977,5.964732531860701
7172,M22031,M,300.2,310.2,1438,51.5,7,0,0,0,0,0,0,10.0,7.755230904896644
7173,M22032,M,300.1,310.1,1402,46.6,10,0,0,0,0,0,0,10.0,6.841676705183756
7174,L54353,L,300.1,310.1,1684,30.8,13,0,0,0,0,0,0,10.0,5.4315204827424175
7175,L54354,L,300.2,310.2,1530,48.5,15,0,0,0,0,0,0,10.0,7.770729428654353
7176,L54355,L,300.1,310.1,1569,43.5,17,0,0,0,0,0,0,10.0,7.147280366549459
7177,L54356,L,300.1,310.1,1650,31.6,19,0,0,0,0,0,0,10.0,5.460088031939061
7178,L54357,L,300.2,310.2,1415,49.6,21,0,0,0,0,0,0,10.0,7.349651293318201
7179,L54358,L,300.2,310.2,1600,31.5,23,0,0,0,0,0,0,10.0,5.277875658030853
7180,L54359,L,300.2,310.1,1523,42.3,25,0,0,0,0,0,0,9.900000000000034,6.746350312098329
7181,M22040,M,300.2,310.2,1628,30.3,27,0,0,0,0,0,0,10.0,5.165657968444624
7182,L54361,L,300.2,310.3,1331,52.1,30,0,0,0,0,0,0,10.100000000000023,7.261801890748319
7183,L54362,L,300.3,310.3,2158,16.8,32,0,0,0,0,0,0,10.0,3.7965518900101936
7184,L54363,L,300.2,310.3,1445,50.9,34,0,0,0,0,0,0,10.100000000000023,7.702190348928536
7185,M22044,M,300.2,310.3,1593,36.1,36,0,0,0,0,0,0,10.100000000000023,6.022150373592811
7186,L54365,L,300.3,310.4,1672,29.2,39,0,0,0,0,0,0,10.099999999999966,5.112669772354076
7187,M22046,M,300.4,310.5,1644,31.4,41,0,0,0,0,0,0,10.100000000000023,5.405801310885028
7188,L54367,L,300.4,310.5,1402,54.3,44,0,0,0,0,0,0,10.100000000000023,7.972168349602531
7189,L54368,L,300.4,310.4,1286,56.8,46,0,0,0,0,0,0,10.0,7.649233568764523
7190,L54369,L,300.4,310.4,1486,46.3,48,0,0,0,0,0,0,10.0,7.204907647791807
7191,L54370,L,300.3,310.3,1345,46.3,50,0,0,0,0,0,0,10.0,6.521265670444133
7192,L54371,L,300.3,310.3,1629,34.1,52,0,0,0,0,0,0,10.0,5.817067205166469
7193,M22052,M,300.2,310.2,1429,43.8,54,0,0,0,0,0,0,10.0,6.554430416890527
7194,L54373,L,300.1,310.1,1306,64.7,57,0,0,0,0,0,0,10.0,8.848630812052034
7195,L54374,L,300.1,310.1,1380,52.6,59,0,0,0,0,0,0,10.0,7.601397584625864
7196,M22055,M,300.1,310.1,1443,49.3,61,0,0,0,0,0,0,10.0,7.449752907237084
7197,H36610,H,300.1,310.1,1426,42.7,64,0,0,0,0,0,0,10.0,6.376406833187108
7198,L54377,L,300.0,310.0,1486,41.8,69,0,0,0,0,0,0,10.0,6.504646645306642
7199,M22058,M,300.0,309.9,1530,34.5,71,0,0,0,0,0,0,9.899999999999977,5.527632273991241
7200,L54379,L,300.0,309.9,1507,41.4,74,0,0,0,0,0,0,9.899999999999977,6.5334445779645485
7201,L54380,L,300.0,309.9,1608,33.4,76,0,0,0,0,0,0,9.899999999999977,5.624204832162591
7202,L54381,L,300.0,309.8,1474,40.6,78,0,0,0,0,0,0,9.800000000000011,6.2668909132829675
7203,L54382,L,300.0,309.7,1326,61.9,80,0,0,0,0,0,0,9.699999999999989,8.595334668368602
7204,M22063,M,299.8,309.6,1434,48.0,82,0,0,0,0,0,0,9.800000000000011,7.208070184396422
7205,L54384,L,299.8,309.6,1526,41.7,85,0,0,0,0,0,0,9.800000000000011,6.663757841235454
7206,L54385,L,299.8,309.7,1483,39.6,87,0,0,0,0,0,0,9.899999999999977,6.149856114961236
7207,L54386,L,299.8,309.7,1457,51.9,89,0,0,0,0,0,0,9.899999999999977,7.918729858564968
7208,M22067,M,299.7,309.6,1540,34.4,91,0,0,0,0,0,0,9.900000000000034,5.547633747219097
7209,L54388,L,299.8,309.7,1707,29.1,94,0,0,0,0,0,0,9.899999999999977,5.201817699887443
7210,L54389,L,299.8,309.7,1624,34.2,96,0,0,0,0,0,0,9.899999999999977,5.81621897515
7211,M22070,M,299.8,309.6,1331,50.2,98,0,0,0,0,0,0,9.800000000000011,6.996976102026212
7212,L54391,L,299.8,309.7,1431,40.3,101,0,0,0,0,0,0,9.899999999999977,6.039114973922196
7213,M22072,M,299.8,309.7,1705,28.5,103,0,0,0,0,0,0,9.899999999999977,5.0885947006520675
7214,M22073,M,299.8,309.8,1427,45.2,106,0,0,0,0,0,0,10.0,6.7544660931201035
7215,M22074,M,299.9,309.8,1625,41.2,109,0,0,0,0,0,0,9.900000000000034,7.0109876052612226
7216,L54395,L,299.9,309.8,1477,47.7,112,0,0,0,0,0,0,9.900000000000034,7.377810435469878
7217,M22076,M,300.0,309.9,1651,28.1,114,0,0,0,0,0,0,9.899999999999977,4.858274071241888
7218,L54397,L,299.9,309.8,1716,28.2,117,0,0,0,0,0,0,9.900000000000034,5.0675146139464795
7219,H36632,H,299.9,309.8,1400,48.7,119,0,0,0,0,0,0,9.900000000000034,7.139792904058403
7220,M22079,M,299.8,309.7,1556,37.7,124,0,0,0,0,0,0,9.899999999999977,6.142986499025386
7221,L54400,L,299.8,309.7,1429,42.6,127,0,0,0,0,0,0,9.899999999999977,6.374856980811337
7222,H36635,H,299.7,309.6,1433,49.6,129,0,0,0,0,0,0,9.900000000000034,7.443145090689034
7223,M22082,M,299.8,309.7,1320,61.7,134,0,0,0,0,0,0,9.899999999999977,8.52879573596557
7224,L54403,L,299.8,309.6,1374,51.6,137,0,0,0,0,0,0,9.800000000000011,7.424463086375686
7225,L54404,L,299.8,309.6,1598,31.0,139,0,0,0,0,0,0,9.800000000000011,5.187607229117706
7226,M22085,M,299.8,309.7,1910,21.8,141,0,0,0,0,0,0,9.899999999999977,4.360321163672394
7227,L54406,L,299.7,309.6,1399,51.3,144,0,0,0,0,0,0,9.900000000000034,7.515600689256326
7228,L54407,L,299.7,309.6,1720,27.1,146,0,0,0,0,0,0,9.900000000000034,4.88119722563758
7229,H36642,H,299.8,309.7,1368,47.4,148,0,0,0,0,0,0,9.899999999999977,6.790364025175122
7230,L54409,L,299.8,309.8,1749,33.4,153,0,0,0,0,0,0,10.0,6.1173720469231165
7231,L54410,L,299.8,309.8,1542,39.4,155,0,0,0,0,0,0,10.0,6.362227778343905
7232,L54411,L,299.8,309.9,1553,36.6,157,0,0,0,0,0,0,10.099999999999966,5.952249937050438
7233,M22092,M,299.9,309.9,1639,42.1,159,0,0,0,0,0,0,10.0,7.225862070791251
7234,L54413,L,299.9,310.0,1447,45.9,162,0,0,0,0,0,0,10.100000000000023,6.955203391708978
7235,M22094,M,299.8,310.0,1397,48.1,164,0,0,0,0,0,0,10.199999999999989,7.036717249094122
7236,L54415,L,299.8,310.0,1361,53.8,167,0,0,0,0,0,0,10.199999999999989,7.667768965420703
7237,M22096,M,299.8,310.0,1460,37.1,169,0,0,0,0,0,0,10.199999999999989,5.672250255811491
7238,M22097,M,299.8,310.0,1632,33.7,172,0,0,0,0,0,0,10.199999999999989,5.759418979973097
7239,L54418,L,299.8,310.0,1697,36.0,175,0,0,0,0,0,0,10.199999999999989,6.397539279770254
7240,L54419,L,299.8,310.1,1553,42.0,177,0,0,0,0,0,0,10.300000000000011,6.830450747434928
7241,M22100,M,299.9,310.1,1362,56.3,179,0,0,0,0,0,0,10.200000000000045,8.029973654428582
7242,M22101,M,299.9,310.0,1484,42.1,182,0,0,0,0,0,0,10.100000000000023,6.542513308757911
7243,H36656,H,299.9,310.1,1447,51.4,185,0,0,0,0,0,0,10.200000000000045,7.788615562828792
7244,M22103,M,300.0,310.2,1393,51.2,190,0,0,0,0,0,0,10.199999999999989,7.468780486742326
7245,L54424,L,300.0,310.2,1760,26.9,193,0,0,0,0,0,0,10.199999999999989,4.957852086385172
7246,L54425,L,300.0,310.1,1477,34.6,195,0,0,0,0,0,0,10.100000000000023,5.351619309586117
7247,L54426,L,299.9,310.1,1681,29.1,197,0,0,0,0,0,0,10.200000000000045,5.12258673316391
7248,M22107,M,300.0,310.1,1314,53.5,199,0,0,0,0,0,0,10.100000000000023,7.3616940651569625
7249,L54428,L,300.0,310.1,1762,28.0,202,0,0,0,0,0,0,10.100000000000023,5.166453838583534
7250,L54429,L,299.9,310.0,1402,44.7,204,0,0,0,0,0,0,10.100000000000023,6.562724221496007
7251,M22110,M,300.1,310.2,1429,42.0,206,0,0,0,0,0,0,10.099999999999966,6.2850702627717405
7252,M22111,M,300.2,310.3,1448,40.1,209,0,0,0,0,0,0,10.100000000000023,6.0805316370720215
7253,H36666,H,300.2,310.4,1501,42.9,212,0,0,0,0,0,0,10.199999999999989,6.74320871944474
7254,L54433,L,300.3,310.5,1522,39.1,217,0,0,0,0,0,0,10.199999999999989,6.231893571121978
7255,L54434,L,300.3,310.4,1493,37.5,219,0,0,0,0,0,0,10.099999999999966,5.862997289761951
7256,M22115,M,300.2,310.3,1704,29.4,221,0,0,0,0,0,0,10.100000000000023,5.246208404082668
7257,H36670,H,300.2,310.3,1408,42.5,0,0,0,0,0,0,0,10.100000000000023,6.266430146360441
7258,L54437,L,300.2,310.4,1518,41.8,5,0,0,0,0,0,0,10.199999999999989,6.6447197897547
7259,L54438,L,300.3,310.4,1742,25.9,7,0,0,0,0,0,0,10.099999999999966,4.724724967537785
7260,M22119,M,300.4,310.5,1500,43.0,9,0,0,0,0,0,0,10.100000000000023,6.754424205218054
7261,L54440,L,300.4,310.5,2424,14.5,12,0,0,0,0,0,0,10.100000000000023,3.680689952945802
7262,L54441,L,300.4,310.5,1818,25.1,14,0,0,0,0,0,0,10.100000000000023,4.778550921669291
7263,M22122,M,300.4,310.6,1545,35.6,16,0,0,0,0,0,0,10.200000000000045,5.759795971091528
7264,L54443,L,300.4,310.6,1429,46.9,19,0,0,0,0,0,0,10.200000000000045,7.01832846009511
7265,M22124,M,300.4,310.6,1448,44.9,21,0,0,0,0,0,0,10.200000000000045,6.808375823055703
7266,L54445,L,300.4,310.6,1384,48.7,24,0,0,0,0,0,0,10.200000000000045,7.058195270869164
7267,L54446,L,300.4,310.5,1578,32.8,26,0,0,0,0,0,0,10.100000000000023,5.420126973385398
7268,L54447,L,300.5,310.5,1695,26.7,28,0,0,0,0,0,0,10.0,4.739249597572882
7269,L54448,L,300.5,310.6,1543,36.2,30,0,0,0,0,0,0,10.100000000000023,5.849289473816788
7270,M22129,M,300.4,310.5,1540,33.4,32,0,0,0,0,0,0,10.100000000000023,5.38636532433482
7271,L54450,L,300.2,310.4,1808,25.8,35,0,0,0,0,0,0,10.199999999999989,4.884799585213697
7272,M22131,M,300.3,310.4,1293,49.7,37,0,0,0,0,0,0,10.099999999999966,6.729511375475089
7273,L54452,L,300.2,310.3,1202,59.5,40,0,0,0,0,0,0,10.100000000000023,7.489452166402947
7274,M22133,M,300.2,310.3,1704,29.2,42,0,0,0,0,0,0,10.100000000000023,5.2105199115378875
7275,M22134,M,300.2,310.3,1478,38.1,45,0,0,0,0,0,0,10.100000000000023,5.896957906347257
7276,L54455,L,300.2,310.3,1514,38.7,48,0,0,0,0,0,0,10.100000000000023,6.135718948020082
7277,M22136,M,300.1,310.3,1350,48.8,50,0,0,0,0,0,0,10.199999999999989,6.898937467283186
7278,L54457,L,300.1,310.2,1475,54.2,53,0,0,0,0,0,0,10.099999999999966,8.371820823041201
7279,H36692,H,300.0,310.1,1714,28.7,55,0,0,0,0,0,0,10.100000000000023,5.15135324989528
7280,L54459,L,300.0,310.1,1465,40.9,60,0,0,0,0,0,0,10.100000000000023,6.274650647137334
7281,L54460,L,299.9,310.2,1288,69.6,62,1,0,0,1,0,0,10.300000000000011,9.387581503750875
7282,L54461,L,300.0,310.2,1675,29.7,64,0,0,0,0,0,0,10.199999999999989,5.209546017815274
7283,L54462,L,300.0,310.2,1486,36.4,66,0,0,0,0,0,0,10.199999999999989,5.664333442324444
7284,M22143,M,300.0,310.2,1443,58.7,68,0,0,0,0,0,0,10.199999999999989,8.870192609631173
7285,M22144,M,300.1,310.3,1345,57.1,71,0,0,0,0,0,0,10.199999999999989,8.04242483331231
7286,M22145,M,300.2,310.4,1202,61.7,74,0,0,0,0,0,0,10.199999999999989,7.766373086841375
7287,M22146,M,300.1,310.4,1480,37.1,77,0,0,0,0,0,0,10.299999999999955,5.7499523141102795
7288,M22147,M,300.2,310.4,1530,35.7,80,0,0,0,0,0,0,10.199999999999989,5.719897744390937
7289,M22148,M,300.2,310.6,1983,20.8,83,0,0,0,0,0,0,10.400000000000034,4.319312907567535
7290,L54469,L,300.3,310.6,1433,53.8,86,0,0,0,0,0,0,10.300000000000011,8.073411408852218
7291,L54470,L,300.3,310.6,1806,24.4,88,0,0,0,0,0,0,10.300000000000011,4.614622617004975
7292,L54471,L,300.2,310.5,1416,46.7,90,0,0,0,0,0,0,10.300000000000011,6.924824190748766
7293,M22152,M,300.1,310.4,1556,38.1,92,0,0,0,0,0,0,10.299999999999955,6.2081640746118625
7294,L54473,L,300.1,310.5,1627,29.2,95,0,0,0,0,0,0,10.399999999999977,4.975068014126843
7295,L54474,L,300.1,310.6,1809,24.3,97,0,0,0,0,0,0,10.5,4.6033442993785885
7296,M22155,M,300.1,310.5,1329,57.4,99,0,0,0,0,0,0,10.399999999999977,7.988504631401198
7297,H36710,H,300.0,310.4,1881,21.9,102,0,0,0,0,0,0,10.399999999999977,4.313815120423752
7298,L54477,L,300.1,310.5,1500,39.8,107,0,0,0,0,0,0,10.399999999999977,6.2517693806436885
7299,L54478,L,300.1,310.5,1532,36.0,109,0,0,0,0,0,0,10.399999999999977,5.775503934359476
7300,L54479,L,300.1,310.5,1492,50.9,111,0,0,0,0,0,0,10.399999999999977,7.9527114191012975
7301,L54480,L,300.2,310.6,1431,42.3,113,0,0,0,0,0,0,10.400000000000034,6.338822913074662
7302,L54481,L,300.1,310.4,1554,39.4,115,0,0,0,0,0,0,10.299999999999955,6.41173927856448
7303,L54482,L,300.1,310.5,1494,44.2,117,0,0,0,0,0,0,10.399999999999977,6.91514808537571
7304,L54483,L,300.1,310.6,1374,45.4,119,0,0,0,0,0,0,10.5,6.532376436462329
7305,L54484,L,300.1,310.5,1394,44.3,121,0,0,0,0,0,0,10.399999999999977,6.466884701610493
7306,M22165,M,300.0,310.5,1790,25.7,123,0,0,0,0,0,0,10.5,4.817422894769709
7307,L54486,L,300.1,310.5,1356,45.8,126,0,0,0,0,0,0,10.399999999999977,6.5035994477554455
7308,M22167,M,300.0,310.4,1385,52.1,128,0,0,0,0,0,0,10.399999999999977,7.55642044980197
7309,L54488,L,300.0,310.4,1333,49.1,131,0,0,0,0,0,0,10.399999999999977,6.853939388508268
7310,L54489,L,300.0,310.4,1505,44.9,133,0,0,0,0,0,0,10.399999999999977,7.076385092333449
7311,L54490,L,300.0,310.5,1606,33.5,135,0,0,0,0,0,0,10.5,5.634027545192816
7312,H36725,H,300.0,310.5,1558,36.7,137,0,0,0,0,0,0,10.5,5.987728990084978
7313,L54492,L,300.0,310.5,1412,52.4,142,0,0,0,0,0,0,10.5,7.748089017597482
7314,L54493,L,299.9,310.4,1408,38.4,144,0,0,0,0,0,0,10.5,5.661903944005669
7315,L54494,L,299.9,310.3,1268,53.3,146,0,0,0,0,0,0,10.400000000000034,7.077421817909134
7316,L54495,L,299.9,310.4,1470,50.0,148,0,0,0,0,0,0,10.5,7.696902001294993
7317,L54496,L,299.9,310.4,1497,47.0,150,0,0,0,0,0,0,10.5,7.3679772504641425
7318,L54497,L,299.9,310.3,1638,29.1,152,0,0,0,0,0,0,10.400000000000034,4.991550903582679
7319,H36732,H,299.9,310.3,1535,43.9,154,0,0,0,0,0,0,10.400000000000034,7.056697778370953
7320,L54499,L,299.8,310.2,1654,32.7,159,0,0,0,0,0,0,10.399999999999977,5.663851731450896
7321,H36734,H,299.8,310.2,1411,49.7,161,0,0,0,0,0,0,10.399999999999977,7.343650851349846
7322,L54501,L,299.8,310.2,1911,23.5,166,0,0,0,0,0,0,10.399999999999977,4.702807122791241
7323,H36736,H,299.8,310.2,1573,33.3,168,0,0,0,0,0,0,10.399999999999977,5.485315020947386
7324,L54503,L,299.9,310.2,1479,46.3,173,0,0,0,0,0,0,10.300000000000011,7.1709679751575255
7325,M22184,M,299.9,310.4,1820,26.6,175,0,0,0,0,0,0,10.5,5.069692784852969
7326,L54505,L,299.9,310.4,1419,45.7,178,0,0,0,0,0,0,10.5,6.790898095926233
7327,M22186,M,299.9,310.5,1335,52.9,180,0,0,0,0,0,0,10.600000000000023,7.395466186183052
7328,M22187,M,299.9,310.5,1576,39.4,183,0,0,0,0,0,0,10.600000000000023,6.502510362302202
7329,L54508,L,300.0,310.5,1517,42.2,186,0,0,0,0,0,0,10.5,6.703886451397308
7330,M22189,M,299.9,310.4,1576,34.3,188,0,0,0,0,0,0,10.5,5.660814858552423
7331,H36744,H,299.8,310.2,1537,36.6,191,0,0,0,0,0,0,10.399999999999977,5.890926048452366
7332,L54511,L,299.8,310.3,1524,34.2,196,0,0,0,0,0,0,10.5,5.458077412640764
7333,M22192,M,299.8,310.3,1805,23.7,198,0,0,0,0,0,0,10.5,4.4797540443863655
7334,M22193,M,299.9,310.4,1367,53.3,201,0,0,0,0,0,0,10.5,7.629996549749043
7335,L54514,L,299.8,310.4,1694,30.3,204,0,0,0,0,0,0,10.599999999999966,5.37507653473292
7336,L54515,L,299.9,310.4,1328,49.9,206,0,0,0,0,0,0,10.5,6.939484956465518
7337,H36750,H,299.9,310.5,1549,42.8,208,0,0,0,0,0,0,10.600000000000023,6.942626549119107
7338,L54517,L,299.9,310.5,1539,32.8,213,0,0,0,0,0,0,10.600000000000023,5.2861694626363285
7339,L54518,L,299.8,310.5,1496,38.8,215,0,0,0,0,0,0,10.699999999999989,6.0784372419696275
7340,L54519,L,299.8,310.4,1579,36.4,0,0,0,0,0,0,0,10.599999999999966,6.018830757355516
7341,L54520,L,299.7,310.3,1386,46.6,2,0,0,0,0,0,0,10.600000000000023,6.763597655766538
7342,L54521,L,299.7,310.3,1505,37.7,4,0,0,0,0,0,0,10.600000000000023,5.941641825856816
7343,M22202,M,299.7,310.3,1661,34.5,6,0,0,0,0,0,0,10.600000000000023,6.000913207254544
7344,L54523,L,299.6,310.2,1468,48.0,9,0,0,0,0,0,0,10.599999999999966,7.378972824751706
7345,L54524,L,299.6,310.1,1384,49.8,11,0,0,0,0,0,0,10.5,7.217620626063335
7346,L54525,L,299.6,310.2,1381,60.5,13,0,0,0,0,0,0,10.599999999999966,8.749387900125136
7347,L54526,L,299.6,310.2,1469,47.0,15,0,0,0,0,0,0,10.599999999999966,7.23016605272667
7348,L54527,L,299.6,310.2,1627,36.6,17,0,0,0,0,0,0,10.599999999999966,6.235872921816524
7349,H36762,H,299.7,310.3,1462,40.4,19,0,0,0,0,0,0,10.600000000000023,6.185251392191681
7350,L54529,L,299.7,310.2,1633,36.5,24,0,0,0,0,0,0,10.5,6.241768644029761
7351,L54530,L,299.7,310.2,1469,39.5,26,0,0,0,0,0,0,10.5,6.076416150695818
7352,L54531,L,299.7,310.2,1458,43.4,28,0,0,0,0,0,0,10.5,6.626372888657735
7353,M22212,M,299.7,310.2,1440,42.8,30,0,0,0,0,0,0,10.5,6.454087947534871
7354,L54533,L,299.8,310.3,1687,30.4,33,0,0,0,0,0,0,10.5,5.370531697360727
7355,M22214,M,299.7,310.3,1429,47.7,35,0,0,0,0,0,0,10.600000000000023,7.1380440841479045
7356,L54535,L,299.6,310.2,1588,34.1,38,0,0,0,0,0,0,10.599999999999966,5.670658515533673
7357,L54536,L,299.6,310.2,1333,51.2,40,0,0,0,0,0,0,10.599999999999966,7.1470813990147315
7358,L54537,L,299.6,310.1,1487,42.9,42,0,0,0,0,0,0,10.5,6.680314034519872
7359,M22218,M,299.5,310.1,1659,31.5,44,0,0,0,0,0,0,10.600000000000023,5.4724973229207405
7360,M22219,M,299.4,310.0,1512,43.2,47,0,0,0,0,0,0,10.600000000000023,6.840126852807985
7361,L54540,L,299.5,310.1,1585,35.2,50,0,0,0,0,0,0,10.600000000000023,5.842524577636058
7362,L54541,L,299.5,310.0,1502,38.5,52,0,0,0,0,0,0,10.5,6.055629279304566
7363,L54542,L,299.5,310.0,1594,35.1,54,0,0,0,0,0,0,10.5,5.859007467091893
7364,L54543,L,299.5,310.0,1412,48.9,56,0,0,0,0,0,0,10.5,7.230563987796124
7365,L54544,L,299.5,309.9,1402,51.7,58,0,0,0,0,0,0,10.399999999999977,7.590443898240348
7366,L54545,L,299.6,310.1,2057,20.4,60,0,0,0,0,0,0,10.5,4.394334140135258
7367,H36780,H,299.6,310.1,1531,36.8,62,0,0,0,0,0,0,10.5,5.899994779245726
7368,M22227,M,299.5,310.1,1359,61.1,67,0,0,0,0,0,0,10.600000000000023,8.695394394385435
7369,M22228,M,299.6,310.2,1620,30.0,70,0,0,0,0,0,0,10.599999999999966,5.0893800988154645
7370,M22229,M,299.6,310.1,1646,29.6,73,0,0,0,0,0,0,10.5,5.102114021038015
7371,M22230,M,299.6,310.1,1455,46.1,76,0,0,0,0,0,0,10.5,7.02412993452874
7372,L54551,L,299.6,310.2,1512,44.0,79,0,0,0,0,0,0,10.599999999999966,6.966795868600724
7373,L54552,L,299.6,310.2,1473,42.7,81,0,0,0,0,0,0,10.599999999999966,6.586568909736753
7374,L54553,L,299.6,310.1,1553,38.0,83,0,0,0,0,0,0,10.5,6.179931628631602
7375,L54554,L,299.5,310.0,1379,50.4,85,0,0,0,0,0,0,10.5,7.278190532424545
7376,M22235,M,299.4,309.9,1567,40.6,87,0,0,0,0,0,0,10.5,6.662291764663779
7377,L54556,L,299.5,310.0,1481,43.1,90,0,0,0,0,0,0,10.5,6.684377161018515
7378,L54557,L,299.5,310.0,1349,52.7,92,0,0,0,0,0,0,10.5,7.444768246893389
7379,L54558,L,299.5,310.0,1388,52.4,94,0,0,0,0,0,0,10.5,7.616393453558998
7380,M22239,M,299.6,310.1,1357,48.7,96,0,0,0,0,0,0,10.5,6.920499264862324
7381,L54560,L,299.6,310.2,1743,24.8,99,0,0,0,0,0,0,10.599999999999966,4.526658022704462
7382,L54561,L,299.7,310.3,1495,43.1,101,0,0,0,0,0,0,10.600000000000023,6.747565061257719
7383,L54562,L,299.8,310.4,1698,28.3,103,0,0,0,0,0,0,10.599999999999966,5.0321402806670585
7384,M22243,M,299.7,310.4,1410,44.5,105,0,0,0,0,0,0,10.699999999999989,6.570641034983053
7385,L54564,L,299.7,310.4,1614,36.2,108,0,0,0,0,0,0,10.699999999999989,6.118440188425337
7386,M22245,M,299.8,310.5,1375,53.9,110,0,0,0,0,0,0,10.699999999999989,7.761042851305785
7387,M22246,M,299.8,310.6,1574,31.8,113,0,0,0,0,0,0,10.800000000000011,5.241558846955354
7388,H36801,H,299.8,310.6,1423,44.6,116,0,0,0,0,0,0,10.800000000000011,6.646123034473303
7389,M22248,M,299.8,310.6,1694,31.3,121,0,0,0,0,0,0,10.800000000000011,5.552471799905625
7390,L54569,L,299.8,310.6,1707,32.5,124,0,0,0,0,0,0,10.800000000000011,5.809590214650925
7391,M22250,M,299.7,310.5,1490,41.2,126,0,0,0,0,0,0,10.800000000000011,6.428536327285675
7392,L54571,L,299.7,310.6,1675,31.3,129,0,0,0,0,0,0,10.900000000000034,5.490194961535963
7393,M22252,M,299.7,310.5,1492,39.3,131,0,0,0,0,0,0,10.800000000000011,6.140305673294321
7394,M22253,M,299.7,310.5,1594,35.4,134,0,0,0,0,0,0,10.800000000000011,5.909084453990114
7395,L54574,L,299.7,310.6,1479,38.0,137,0,0,0,0,0,0,10.900000000000034,5.885459677235118
7396,M22255,M,299.7,310.6,1572,38.0,139,0,0,0,0,0,0,10.900000000000034,6.255539291827996
7397,L54576,L,299.7,310.6,1616,35.1,142,0,0,0,0,0,0,10.900000000000034,5.939872061995294
7398,L54577,L,299.7,310.6,1737,26.1,144,0,0,0,0,0,0,10.900000000000034,4.747543402178359
7399,M22258,M,299.7,310.7,1498,37.8,146,0,0,0,0,0,0,11.0,5.929693301797662
7400,L54579,L,299.6,310.6,1642,35.1,149,0,0,0,0,0,0,11.0,6.035439310517495
7401,M22260,M,299.6,310.6,1633,34.2,151,0,0,0,0,0,0,11.0,5.848451715775832
7402,L54581,L,299.8,310.8,1409,51.9,154,0,0,0,0,0,0,11.0,7.657852004610873
7403,M22262,M,299.8,310.8,1463,43.5,156,0,0,0,0,0,0,11.0,6.664417575692708
7404,L54583,L,299.8,310.8,1376,48.6,159,0,0,0,0,0,0,11.0,7.00298701597008
7405,L54584,L,299.8,310.8,1553,32.2,161,0,0,0,0,0,0,11.0,5.2366789063667785
7406,M22265,M,299.8,310.8,1530,35.2,163,0,0,0,0,0,0,11.0,5.639787131724397
7407,L54586,L,299.8,310.9,1545,40.7,166,0,0,0,0,0,0,11.099999999999966,6.584935281556886
7408,H36821,H,299.8,310.9,1427,47.2,168,0,0,0,0,0,0,11.099999999999966,7.053336274231612
7409,L54588,L,299.9,310.9,1292,51.1,173,0,0,0,0,0,0,11.0,6.913723896706082
7410,L54589,L,299.8,310.9,2084,17.6,175,0,0,0,0,0,0,11.099999999999966,3.840953066180929
7411,L54590,L,299.9,311.0,1747,27.6,177,0,0,0,0,0,0,11.100000000000023,5.04929337655566
7412,L54591,L,300.0,311.1,1425,47.8,179,0,0,0,0,0,0,11.100000000000023,7.132986119975625
7413,L54592,L,300.0,311.0,1637,33.6,181,0,0,0,0,0,0,11.0,5.759921634797671
7414,M22273,M,300.1,311.1,1616,35.2,183,0,0,0,0,0,0,11.0,5.956794774422631
7415,L54594,L,300.1,311.1,1619,33.4,186,0,0,0,0,0,0,11.0,5.662678870193555
7416,L54595,L,300.1,311.2,1489,39.1,188,0,0,0,0,0,0,11.099999999999966,6.09677367109108
7417,M22276,M,300.1,311.2,1452,42.4,190,0,0,0,0,0,0,11.099999999999966,6.447050779990829
7418,M22277,M,300.1,311.3,1495,41.0,193,0,0,0,0,0,0,11.199999999999989,6.418797390059544
7419,M22278,M,300.2,311.4,1427,39.7,196,0,0,0,0,0,0,11.199999999999989,5.9325730950634545
7420,L54599,L,300.1,311.4,1572,36.2,199,0,0,0,0,0,0,11.299999999999955,5.959224272741408
7421,L54600,L,300.1,311.3,1547,40.0,201,0,0,0,0,0,0,11.199999999999989,6.480058446804546
7422,M22281,M,300.1,311.4,1342,48.5,203,0,0,0,0,0,0,11.299999999999955,6.815894701473296
7423,L54602,L,300.0,311.2,1351,44.1,206,0,0,0,0,0,0,11.199999999999989,6.239108762249721
7424,L54603,L,300.0,311.3,1407,47.3,208,0,0,0,0,0,0,11.300000000000011,6.969214894943989
7425,M22284,M,300.1,311.4,1575,29.8,210,0,0,0,0,0,0,11.299999999999955,4.915021706541232
7426,M22285,M,300.0,311.4,1791,24.1,213,0,0,0,0,0,0,11.399999999999977,4.520029262205386
7427,M22286,M,300.0,311.4,1692,29.0,216,1,1,0,0,0,0,11.399999999999977,5.138388944211465
7428,L54607,L,300.0,311.4,1634,31.9,0,0,0,0,0,0,0,11.399999999999977,5.458475347710218
7429,M22288,M,300.0,311.4,1864,23.3,2,0,0,0,0,0,0,11.399999999999977,4.548104628552968
7430,L54609,L,300.0,311.4,1590,33.6,5,0,0,0,0,0,0,11.399999999999977,5.5945481975127045
7431,M22290,M,300.0,311.4,1384,46.1,7,0,0,0,0,0,0,11.399999999999977,6.6813717040465805
7432,M22291,M,300.0,311.4,1352,61.8,10,0,0,0,0,0,0,11.399999999999977,8.749712531366004
7433,L54612,L,300.1,311.4,1484,43.1,13,0,0,0,0,0,0,11.299999999999955,6.697917425355486
7434,M22293,M,300.1,311.4,1913,21.9,15,0,0,0,0,0,0,11.299999999999955,4.387202724811609
7435,L54614,L,300.0,311.4,1508,38.2,18,0,0,0,0,0,0,11.399999999999977,6.032444325521073
7436,L54615,L,299.9,311.3,1504,40.7,20,0,0,0,0,0,0,11.400000000000034,6.41018942618871
7437,L54616,L,300.0,311.4,1487,41.2,22,0,0,0,0,0,0,11.399999999999977,6.415592965552885
7438,L54617,L,299.8,311.3,1727,30.0,24,0,0,0,0,0,0,11.5,5.425530512749572
7439,L54618,L,299.9,311.3,1647,27.5,26,0,0,0,0,0,0,11.400000000000034,4.7430195087571905
7440,L54619,L,300.0,311.3,1493,41.4,28,0,0,0,0,0,0,11.300000000000011,6.472749007897194
7441,L54620,L,300.0,311.4,1655,29.6,30,0,0,0,0,0,0,11.399999999999977,5.130011363801893
7442,M22301,M,299.9,311.4,1337,54.8,32,0,0,0,0,0,0,11.5,7.672565130205184
7443,L54622,L,300.0,311.5,1601,36.9,35,0,0,0,0,0,0,11.5,6.186518501228628
7444,H36857,H,300.1,311.6,1589,37.9,37,0,0,0,0,0,0,11.5,6.306548284546781
7445,L54624,L,300.2,311.7,1286,55.1,42,0,0,0,0,0,0,11.5,7.4202952401219235
7446,L54625,L,300.2,311.7,1553,41.3,44,0,0,0,0,0,0,11.5,6.716609901644345
7447,L54626,L,300.2,311.8,1379,51.0,46,0,0,0,0,0,0,11.600000000000023,7.364835657810551
7448,M22307,M,300.3,311.9,1677,30.8,48,0,0,0,0,0,0,11.599999999999966,5.408942903538619
7449,L54628,L,300.3,311.8,1488,38.4,51,0,0,0,0,0,0,11.5,5.983603031733264
7450,L54629,L,300.3,311.8,1418,45.9,53,0,0,0,0,0,0,11.5,6.8158109256692
7451,L54630,L,300.3,311.8,1451,41.0,55,0,0,0,0,0,0,11.5,6.229882951823679
7452,L54631,L,300.3,311.8,1508,43.1,57,0,0,0,0,0,0,11.5,6.806239540051263
7453,L54632,L,300.3,311.7,1579,33.6,59,0,0,0,0,0,0,11.399999999999977,5.5558437760204775
7454,H36867,H,300.3,311.7,1432,47.7,61,0,0,0,0,0,0,11.399999999999977,7.153029481105529
7455,L54634,L,300.2,311.6,1446,47.3,66,0,0,0,0,0,0,11.400000000000034,7.162391427213226
7456,M22315,M,300.2,311.7,1597,39.5,68,0,0,0,0,0,0,11.5,6.605879232580818
7457,M22316,M,300.2,311.7,1397,50.2,71,0,0,0,0,0,0,11.5,7.343933594688669
7458,L54637,L,300.1,311.6,1530,36.6,74,0,0,0,0,0,0,11.5,5.864096847190708
7459,M22318,M,300.1,311.6,1433,51.4,76,0,0,0,0,0,0,11.5,7.713259227044685
7460,L54639,L,300.0,311.5,1591,32.0,79,0,0,0,0,0,0,11.5,5.331492172652118
7461,L54640,L,300.0,311.5,1445,41.6,81,0,0,0,0,0,0,11.5,6.294913919752989
7462,L54641,L,300.0,311.5,1749,28.3,83,0,0,0,0,0,0,11.5,5.183282303231263
7463,L54642,L,300.0,311.3,1703,30.4,85,0,0,0,0,0,0,11.300000000000011,5.421467386250931
7464,H36877,H,300.1,311.4,1518,46.9,87,0,0,0,0,0,0,11.299999999999955,7.455439189940082
7465,L54644,L,300.1,311.3,1535,42.3,92,0,0,0,0,0,0,11.199999999999989,6.799506059797069
7466,M22325,M,300.1,311.4,1390,52.1,94,0,0,0,0,0,0,11.299999999999955,7.583699946010642
7467,H36880,H,300.3,311.6,1801,23.6,97,0,0,0,0,0,0,11.300000000000011,4.450966583703971
7468,H36881,H,300.3,311.6,1463,41.6,102,0,0,0,0,0,0,11.300000000000011,6.373328072386589
7469,L54648,L,300.3,311.6,1560,37.7,107,0,0,0,0,0,0,11.300000000000011,6.1587782380974305
7470,L54649,L,300.3,311.6,1607,33.5,109,0,0,0,0,0,0,11.300000000000011,5.637535656989324
7471,L54650,L,300.4,311.6,1332,54.6,111,0,0,0,0,0,0,11.200000000000045,7.6159745745385194
7472,L54651,L,300.3,311.7,1365,53.3,113,0,0,0,0,0,0,11.399999999999977,7.618833423853286
7473,M22332,M,300.3,311.6,1617,32.5,115,0,0,0,0,0,0,11.300000000000011,5.50328493092592
7474,M22333,M,300.3,311.6,1304,62.8,118,0,0,0,0,0,0,11.300000000000011,8.575626410455081
7475,L54654,L,300.3,311.7,1989,22.3,121,0,0,0,0,0,0,11.399999999999977,4.644813322405973
7476,H36889,H,300.3,311.6,1339,53.4,123,0,0,0,0,0,0,11.300000000000011,7.4877347624189845
7477,L54656,L,300.2,311.5,1492,41.8,128,0,0,0,0,0,0,11.300000000000011,6.530910359890653
7478,M22337,M,300.1,311.3,1518,40.2,130,0,0,0,0,0,0,11.199999999999989,6.39037644852007
7479,L54658,L,300.1,311.3,1479,39.5,133,0,0,0,0,0,0,11.199999999999989,6.117780453968083
7480,M22339,M,300.1,311.3,1523,34.1,135,0,0,0,0,0,0,11.199999999999989,5.438547178310947
7481,M22340,M,300.2,311.4,1570,35.3,138,0,0,0,0,0,0,11.199999999999989,5.803673548486664
7482,H36895,H,300.2,311.4,1506,36.1,141,0,0,0,0,0,0,11.199999999999989,5.693257038688494
7483,M22342,M,300.2,311.6,1510,47.5,146,0,0,0,0,0,0,11.400000000000034,7.511024435957597
7484,L54663,L,300.2,311.6,1671,28.8,149,0,0,0,0,0,0,11.400000000000034,5.039617271182603
7485,M22344,M,300.3,311.6,1312,53.4,151,0,0,0,0,0,0,11.300000000000011,7.3367498194874585
7486,L54665,L,300.3,311.6,1595,38.8,154,0,0,0,0,0,0,11.300000000000011,6.480686765335265
7487,L54666,L,300.3,311.7,1635,31.8,156,0,0,0,0,0,0,11.399999999999977,5.44469422793647
7488,L54667,L,300.3,311.7,1707,33.6,158,0,0,0,0,0,0,11.399999999999977,6.00622249883911
7489,L54668,L,300.3,311.7,1545,43.5,160,0,0,0,0,0,1,11.399999999999977,7.037952942204534
7490,M22349,M,300.2,311.6,1751,28.0,162,0,0,0,0,0,0,11.400000000000034,5.134200154006679
7491,M22350,M,300.4,311.8,1707,30.0,165,0,0,0,0,0,0,11.400000000000034,5.362698659677776
7492,L54671,L,300.4,311.8,1320,57.9,168,0,0,0,0,0,0,11.400000000000034,8.003521444285356
7493,M22352,M,300.3,311.7,1319,51.4,170,0,0,0,0,0,0,11.399999999999977,7.099643349945526
7494,L54673,L,300.2,311.7,1448,54.2,173,0,0,0,0,0,0,11.5,8.218573933399089
7495,L54674,L,300.2,311.8,1436,48.2,175,0,0,0,0,0,0,11.600000000000023,7.248198794558275
7496,L54675,L,300.3,311.9,1609,34.0,177,0,0,0,0,0,0,11.599999999999966,5.728798923576108
7497,L54676,L,300.2,311.8,1464,44.5,179,0,0,0,0,0,0,11.600000000000023,6.822282606535595
7498,M22357,M,300.3,311.8,1483,45.1,181,0,0,0,0,0,0,11.5,7.00400279759474
7499,M22358,M,300.2,311.8,1748,28.5,184,0,0,0,0,0,0,11.600000000000023,5.21692876055121
7500,L54679,L,300.3,311.8,1746,26.3,187,0,0,0,0,0,0,11.5,4.808710211143753
7501,L54680,L,300.2,311.8,1410,51.4,189,0,0,0,0,0,0,11.600000000000023,7.5894595325422225
7502,L54681,L,300.2,311.7,1640,30.8,191,0,0,0,0,0,0,11.5,5.289604270604254
7503,H36916,H,300.3,311.7,1655,29.9,193,0,0,0,0,0,0,11.399999999999977,5.182004722218803
7504,M22363,M,300.3,311.7,1646,28.9,198,0,0,0,0,0,0,11.399999999999977,4.981455919189144
7505,L54684,L,300.4,311.8,1589,42.0,201,0,0,0,0,0,0,11.400000000000034,6.988787017175854
7506,L54685,L,300.5,311.9,1546,39.4,203,0,0,0,0,0,0,11.399999999999977,6.378731611750762
7507,L54686,L,300.5,311.9,1511,41.8,205,0,0,0,0,0,0,11.399999999999977,6.614078789406687
7508,L54687,L,300.5,311.9,1750,28.3,207,0,0,0,0,0,0,11.399999999999977,5.186245872301151
7509,M22368,M,300.5,311.9,1730,27.5,209,0,0,0,0,0,0,11.399999999999977,4.982042349817815
7510,L54689,L,300.6,311.9,1372,60.1,212,1,0,0,0,1,0,11.299999999999955,8.63489779185281
7511,L54690,L,300.5,311.8,1524,38.9,214,1,1,0,0,0,0,11.300000000000011,6.208164074611862
7512,L54691,L,300.4,311.8,1601,36.1,0,0,0,0,0,0,0,11.400000000000034,6.052393438871368
7513,M22372,M,300.5,311.8,1636,34.4,2,0,0,0,0,0,0,11.300000000000011,5.893460266526261
7514,L54693,L,300.4,311.8,2261,14.9,5,0,0,0,0,0,0,11.400000000000034,3.5278933582507066
7515,L54694,L,300.4,311.8,1636,32.3,7,0,0,0,0,0,0,11.400000000000034,5.533685075837156
7516,M22375,M,300.4,311.9,1335,58.3,9,0,0,0,0,0,0,11.5,8.15039090084068
7517,M22376,M,300.3,311.7,1236,57.5,12,0,0,0,0,0,0,11.399999999999977,7.442432996354221
7518,L54697,L,300.3,311.7,1445,47.3,15,0,0,0,0,0,0,11.399999999999977,7.157438182796066
7519,L54698,L,300.2,311.5,1500,40.8,17,0,0,0,0,0,0,11.300000000000011,6.408849013323177
7520,L54699,L,300.2,311.6,1999,21.0,19,0,0,0,0,0,0,11.400000000000034,4.396030600168198
7521,L54700,L,300.2,311.6,1529,35.5,21,0,0,0,0,0,0,11.400000000000034,5.684135948017572
7522,M22381,M,300.2,311.6,1467,40.7,23,0,0,0,0,0,0,11.400000000000034,6.252491946954015
7523,L54702,L,300.1,311.5,1334,54.0,26,0,0,0,0,0,0,11.399999999999977,7.543592279799811
7524,M22383,M,300.1,311.5,1343,46.2,28,0,0,0,0,0,0,11.399999999999977,6.497504758007482
7525,L54704,L,300.2,311.5,1639,31.1,31,0,0,0,0,0,0,11.300000000000011,5.337869605738905
7526,H36939,H,300.1,311.5,1383,49.1,33,0,0,0,0,0,0,11.399999999999977,7.1110263873270325
7527,L54706,L,300.1,311.4,1660,31.4,38,0,0,0,0,0,0,11.299999999999955,5.4584125158571455
7528,L54707,L,300.1,311.3,1470,45.2,40,0,0,0,0,0,0,11.199999999999989,6.957999409170674
7529,M22388,M,300.1,311.3,1748,26.6,42,0,0,0,0,0,0,11.199999999999989,4.869133509847797
7530,L54709,L,300.1,311.4,1467,35.7,45,0,0,0,0,0,0,11.299999999999955,5.48437254315131
7531,M22390,M,300.1,311.4,1617,39.3,47,0,0,0,0,0,0,11.299999999999955,6.654741470319651
7532,H36945,H,300.1,311.4,1377,56.7,50,0,0,0,0,0,0,11.299999999999955,8.176089128747044
7533,M22392,M,300.0,311.3,1629,32.1,55,0,0,0,0,0,0,11.300000000000011,5.475890242986616
7534,L54713,L,300.0,311.2,1504,37.9,58,0,0,0,0,0,0,11.199999999999989,5.969193593428798
7535,L54714,L,300.0,311.2,1418,47.3,60,0,0,0,0,0,0,11.199999999999989,7.023700583532748
7536,L54715,L,300.0,311.2,1629,31.7,62,0,0,0,0,0,0,11.199999999999989,5.407654850550647
7537,L54716,L,300.1,311.3,2579,12.5,64,1,0,0,1,0,0,11.199999999999989,3.375903105670032
7538,L54717,L,300.1,311.3,1305,64.7,66,0,0,0,0,0,0,11.199999999999989,8.841855443895792
7539,M22398,M,300.2,311.4,1450,38.5,68,0,0,0,0,0,0,11.199999999999989,5.845980329555007
7540,L54719,L,300.2,311.3,1487,36.9,71,0,0,0,0,0,0,11.100000000000023,5.746004379342267
7541,M22400,M,300.2,311.3,1587,31.2,73,0,0,0,0,0,0,11.100000000000023,5.185135842896882
7542,M22401,M,300.3,311.5,1528,40.9,76,0,0,0,0,0,0,11.199999999999989,6.544482040154162
7543,M22402,M,300.4,311.6,1401,49.9,79,0,0,0,0,0,0,11.200000000000045,7.320947608439902
7544,L54723,L,300.3,311.5,1446,45.0,82,0,0,0,0,0,0,11.199999999999989,6.814114465636261
7545,L54724,L,300.2,311.4,1425,44.2,84,0,0,0,0,0,0,11.199999999999989,6.5957737762117725
7546,L54725,L,300.2,311.4,1891,22.6,86,0,0,0,0,0,0,11.199999999999989,4.475366286646852
7547,H36960,H,300.2,311.5,1454,42.8,88,0,0,0,0,0,0,11.300000000000011,6.516836024802571
7548,L54727,L,300.1,311.4,1430,40.9,93,0,0,0,0,0,0,11.299999999999955,6.1247443176835406
7549,L54728,L,300.2,311.4,1495,43.6,95,0,0,0,0,0,0,11.199999999999989,6.8258430782096635
7550,L54729,L,300.3,311.4,1544,41.6,97,0,0,0,0,0,0,11.099999999999966,6.726191759237795
7551,M22410,M,300.3,311.4,1554,34.3,99,0,0,0,0,0,0,11.099999999999966,5.581793331339128
7552,M22411,M,300.2,311.3,1491,37.3,102,0,0,0,0,0,0,11.100000000000023,5.823915877151294
7553,L54732,L,300.3,311.3,1525,40.7,105,0,0,0,0,0,0,11.0,6.499693400889484
7554,L54733,L,300.3,311.3,1505,39.6,107,0,0,0,0,0,0,11.0,6.241087965621483
7555,M22414,M,300.3,311.4,1371,50.2,109,0,0,0,0,0,0,11.099999999999966,7.207253370306488
7556,L54735,L,300.3,311.3,1332,60.5,112,0,0,0,0,0,0,11.0,8.438946186072902
7557,L54736,L,300.3,311.4,1471,37.0,114,0,0,0,0,0,0,11.099999999999966,5.699582111897722
7558,M22417,M,300.4,311.5,1750,27.3,116,0,0,0,0,0,0,11.100000000000023,5.002986300841746
7559,M22418,M,300.3,311.4,1386,48.1,119,0,0,0,0,0,0,11.099999999999966,6.981310026660312
7560,M22419,M,300.4,311.4,1355,56.2,122,0,0,0,0,0,0,11.0,7.974514072117211
7561,M22420,M,300.3,311.3,1377,53.8,125,0,0,0,0,0,0,11.0,7.757911730627707
7562,L54741,L,300.3,311.1,1388,49.4,128,0,0,0,0,0,0,10.800000000000011,7.180340393240735
7563,M22422,M,300.3,311.1,1350,58.7,130,0,0,0,0,0,0,10.800000000000011,8.298516994457438
7564,M22423,M,300.4,311.2,1831,23.4,133,0,0,0,0,0,0,10.800000000000011,4.48675979600387
7565,M22424,M,300.3,311.2,1381,65.2,136,1,0,0,1,0,0,10.899999999999977,9.42909241468031
7566,M22425,M,300.3,311.2,1783,25.6,139,0,0,0,0,0,0,10.899999999999977,4.779912278485846
7567,L54746,L,300.3,311.0,1613,34.7,142,0,0,0,0,0,0,10.699999999999989,5.861279885777989
7568,M22427,M,300.2,311.0,2370,14.7,144,0,0,0,0,0,0,10.800000000000011,3.648331548613826
7569,L54748,L,300.2,311.0,1627,33.7,147,0,0,0,0,0,0,10.800000000000011,5.7417737012354335
7570,L54749,L,300.2,311.0,1255,71.8,149,1,0,0,1,0,0,10.800000000000011,9.436192414077423
7571,H36984,H,300.2,311.0,1777,27.5,151,0,0,0,0,0,0,10.800000000000011,5.117392633309974
7572,L54751,L,300.3,311.1,1606,30.9,156,0,0,0,0,0,0,10.800000000000011,5.196759735715164
7573,L54752,L,300.3,311.1,1676,28.6,158,0,0,0,0,0,0,10.800000000000011,5.019594854003724
7574,L54753,L,300.3,311.1,1605,37.1,160,0,0,0,0,0,0,10.800000000000011,6.2355901784777
7575,L54754,L,300.4,311.1,1487,37.4,162,0,0,0,0,0,0,10.700000000000045,5.823863517273735
7576,L54755,L,300.4,311.2,1471,46.5,164,0,0,0,0,0,0,10.800000000000011,7.1629883298174075
7577,M22436,M,300.3,311.1,1477,44.2,166,0,0,0,0,0,0,10.800000000000011,6.836461661378798
7578,L54757,L,300.4,311.2,1530,32.0,169,0,0,0,0,0,0,10.800000000000011,5.127079210658542
7579,L54758,L,300.4,311.2,1673,28.9,171,0,0,0,0,0,0,10.800000000000011,5.0631687441090145
7580,L54759,L,300.4,311.2,1436,56.8,173,0,0,0,0,0,0,10.800000000000011,8.541445882384025
7581,L54760,L,300.4,311.3,1495,51.2,175,0,0,0,0,0,0,10.900000000000034,8.015668935879237
7582,M22441,M,300.4,311.2,1366,56.1,177,0,0,0,0,0,0,10.800000000000011,8.02494710618284
7583,H36996,H,300.4,311.2,1489,45.3,180,0,0,0,0,0,0,10.800000000000011,7.063525506404754
7584,L54763,L,300.3,311.1,1480,46.6,185,0,0,0,0,0,0,10.800000000000011,7.222312071092695
7585,L54764,L,300.4,311.2,1472,37.3,187,0,0,0,0,0,0,10.800000000000011,5.749700986697992
7586,L54765,L,300.4,311.1,1397,50.8,189,0,0,0,0,0,0,10.700000000000045,7.4317096934299665
7587,L54766,L,300.4,311.1,1589,35.5,191,0,0,0,0,0,0,10.700000000000045,5.907189026422449
7588,L54767,L,300.4,311.1,1405,54.1,193,0,0,0,0,0,0,10.700000000000045,7.959800946522899
7589,L54768,L,300.4,311.1,2013,20.1,195,0,0,0,0,0,0,10.700000000000045,4.237097427823089
7590,L54769,L,300.4,311.0,1802,26.0,197,0,0,0,0,0,0,10.600000000000023,4.906329966866299
7591,M22450,M,300.4,311.0,1433,46.1,199,0,0,0,0,0,0,10.600000000000023,6.9179231588863805
7592,M22451,M,300.5,311.1,1296,61.3,202,1,0,0,0,1,0,10.600000000000023,8.319440001530348
7593,M22452,M,300.5,311.2,1551,36.6,205,0,0,0,0,0,0,10.699999999999989,5.944584450975678
7594,L54773,L,300.5,311.2,1270,67.5,208,1,0,0,0,1,0,10.699999999999989,8.977101007632832
7595,L54774,L,300.6,311.3,1531,38.5,0,0,0,0,0,0,0,10.699999999999989,6.172548885895666
7596,H37009,H,300.5,311.2,1397,45.2,2,0,0,0,0,0,0,10.699999999999989,6.612466105177844
7597,L54776,L,300.5,311.1,1547,37.2,7,0,0,0,0,0,0,10.600000000000023,6.026454355528229
7598,L54777,L,300.5,311.0,2074,18.9,9,0,0,0,0,0,0,10.5,4.104867793033495
7599,L54778,L,300.5,311.1,1491,42.6,11,0,0,0,0,0,0,10.600000000000023,6.651442798033383
7600,L54779,L,300.5,311.0,1759,28.3,13,0,0,0,0,0,0,10.5,5.212917993930128
7601,M22460,M,300.4,311.0,1595,35.4,15,0,0,0,0,0,0,10.600000000000023,5.912791533321348
7602,L54781,L,300.4,311.2,1351,62.0,18,0,0,0,0,0,0,10.800000000000011,8.771536128332942
7603,L54782,L,300.4,311.2,1705,28.7,20,0,0,0,0,0,0,10.800000000000011,5.124304137147871
7604,L54783,L,300.4,311.2,1406,43.6,22,0,0,0,0,0,0,10.800000000000011,6.419488540443336
7605,L54784,L,300.4,311.3,1639,34.6,24,0,0,0,0,0,0,10.900000000000034,5.938594480982834
7606,H37019,H,300.4,311.3,2026,20.3,26,0,0,0,0,0,0,10.900000000000034,4.306893144610344
7607,M22466,M,300.4,311.3,1350,56.5,31,0,0,0,0,0,0,10.900000000000034,7.987499321752049
7608,M22467,M,300.5,311.3,1468,41.1,34,0,0,0,0,0,0,10.800000000000011,6.318245481193649
7609,L54788,L,300.5,311.4,1642,27.1,37,0,0,0,0,0,0,10.899999999999977,4.659840607265644
7610,L54789,L,300.5,311.3,1490,41.8,39,0,0,0,0,0,0,10.800000000000011,6.52215578836265
7611,M22470,M,300.5,311.3,1507,43.4,41,0,0,0,0,0,0,10.800000000000011,6.8490699198952045
7612,L54791,L,300.5,311.4,1611,32.7,44,0,0,0,0,0,0,10.899999999999977,5.5166052837771415
7613,M22472,M,300.5,311.4,1743,27.6,46,0,0,0,0,0,0,10.899999999999977,5.037732315590449
7614,L54793,L,300.5,311.3,1475,46.3,49,0,0,0,0,0,0,10.800000000000011,7.151573876509365
7615,L54794,L,300.5,311.4,1432,47.5,51,0,0,0,0,0,0,10.899999999999977,7.123037743239258
7616,L54795,L,300.5,311.4,1442,47.0,53,0,0,0,0,0,0,10.899999999999977,7.097276683479822
7617,M22476,M,300.6,311.4,1468,40.4,55,0,0,0,0,0,0,10.799999999999955,6.210635460832686
7618,L54797,L,300.5,311.4,1556,45.3,58,0,0,0,0,0,0,10.899999999999977,7.3813604351684345
7619,M22478,M,300.5,311.4,1312,51.4,60,0,0,0,0,0,0,10.899999999999977,7.061965182053473
7620,L54799,L,300.6,311.5,1459,47.0,63,0,0,0,0,0,0,10.899999999999977,7.180947767820429
7621,L54800,L,300.5,311.5,1651,36.9,65,0,0,0,0,0,0,11.0,6.379726449424401
7622,L54801,L,300.5,311.5,1490,38.4,67,0,0,0,0,0,0,11.0,5.991645508926453
7623,M22482,M,300.6,311.6,1473,31.5,69,0,0,0,0,0,0,11.0,4.858944277674654
7624,L54803,L,300.6,311.7,1734,29.9,72,0,0,0,0,0,0,11.099999999999966,5.429363255786952
7625,L54804,L,300.6,311.7,1507,45.5,74,0,0,0,0,0,0,11.099999999999966,7.180476528922391
7626,L54805,L,300.6,311.7,1556,34.9,76,0,0,0,0,0,0,11.099999999999966,5.686743469920052
7627,H37040,H,300.5,311.6,1351,53.5,78,0,0,0,0,0,0,11.100000000000023,7.568986820416329
7628,L54807,L,300.5,311.7,1445,44.8,83,0,0,0,0,0,0,11.199999999999989,6.779138067426294
7629,L54808,L,300.5,311.7,1619,32.7,85,0,0,0,0,0,0,11.199999999999989,5.5439999717164445
7630,M22489,M,300.5,311.7,1269,64.0,87,0,0,0,0,0,0,11.199999999999989,8.504919631798288
7631,L54810,L,300.5,311.6,1534,37.7,90,0,0,0,0,0,0,11.100000000000023,6.056131934129141
7632,L54811,L,300.5,311.6,1444,49.3,92,0,0,0,0,0,0,11.100000000000023,7.454915591164482
7633,L54812,L,300.5,311.6,1744,26.8,94,0,0,0,0,0,0,11.100000000000023,4.894517578488802
7634,L54813,L,300.4,311.5,1441,44.6,96,0,0,0,0,0,0,11.100000000000023,6.730192053883366
7635,M22494,M,300.3,311.3,1506,40.7,98,0,0,0,0,0,0,11.0,6.418713614255451
7636,L54815,L,300.3,311.4,1526,38.5,101,0,0,0,0,0,0,11.099999999999966,6.1523903330351315
7637,L54816,L,300.4,311.5,1704,29.7,103,0,0,0,0,0,0,11.100000000000023,5.299741142899838
7638,H37051,H,300.4,311.4,1445,52.4,105,0,0,0,0,0,0,11.0,7.929170418150398
7639,L54818,L,300.5,311.5,1661,35.9,110,0,0,0,0,0,0,11.0,6.2444285258098
7640,L54819,L,300.5,311.4,1466,41.8,112,0,0,0,0,0,0,10.899999999999977,6.417100930026607
7641,L54820,L,300.4,311.3,1608,35.1,114,0,0,0,0,0,0,10.900000000000034,5.910466754757694
7642,M22501,M,300.4,311.4,1352,57.3,116,0,0,0,0,0,0,11.0,8.112597541217994
7643,M22502,M,300.4,311.4,1604,31.7,119,0,0,0,0,0,0,11.0,5.324664444618317
7644,H37057,H,300.4,311.4,1427,50.7,122,0,0,0,0,0,0,11.0,7.576359091176753
7645,L54824,L,300.4,311.4,1424,44.6,127,0,0,0,0,0,0,11.0,6.65079353555164
7646,L54825,L,300.4,311.4,1662,29.3,129,0,0,0,0,0,0,11.0,5.099496027160025
7647,L54826,L,300.4,311.4,1936,23.9,131,0,0,0,0,0,0,11.0,4.845424957288706
7648,L54827,L,300.4,311.4,1728,31.7,133,0,0,0,0,0,0,11.0,5.7362968580426745
7649,L54828,L,300.4,311.4,1552,28.8,135,0,0,0,0,0,0,11.0,4.680721726436505
7650,H37063,H,300.4,311.5,1662,29.0,137,0,0,0,0,0,0,11.100000000000023,5.047282757257362
7651,L54830,L,300.3,311.4,1343,57.7,142,0,0,0,0,0,0,11.099999999999966,8.114849015953068
7652,M22511,M,300.4,311.5,1476,32.6,144,0,0,0,0,0,0,11.100000000000023,5.038863288945741
7653,L54832,L,300.3,311.4,1346,51.1,147,0,0,0,0,0,0,11.099999999999966,7.202687588983272
7654,L54833,L,300.4,311.5,1492,44.6,149,0,0,0,0,0,0,11.100000000000023,6.968387608878544
7655,M22514,M,300.3,311.5,1540,41.5,151,0,0,0,0,0,0,11.199999999999989,6.692639549697456
7656,L54835,L,300.4,311.5,1596,32.5,154,0,0,0,0,0,0,11.100000000000023,5.431813698056751
7657,L54836,L,300.5,311.6,1541,47.8,156,0,0,0,0,0,0,11.100000000000023,7.713636218163114
7658,L54837,L,300.5,311.6,1661,30.0,158,0,0,0,0,0,0,11.100000000000023,5.218185397612646
7659,M22518,M,300.4,311.6,1359,55.4,160,0,0,0,0,0,0,11.200000000000045,7.884203755302017
7660,L54839,L,300.5,311.6,1528,42.4,163,0,0,0,0,0,0,11.100000000000023,6.784499718888421
7661,M22520,M,300.5,311.6,1246,52.9,165,0,0,0,0,0,0,11.100000000000023,6.902435107104181
7662,L54841,L,300.5,311.6,1575,32.5,168,0,0,0,0,0,0,11.100000000000023,5.360342465187584
7663,M22522,M,300.5,311.6,1658,30.4,170,0,0,0,0,0,0,11.100000000000023,5.2782107612472355
7664,L54843,L,300.5,311.6,1385,54.8,173,0,0,0,0,0,0,11.100000000000023,7.948019974071936
7665,H37078,H,300.5,311.7,1454,50.3,175,0,0,0,0,0,0,11.199999999999989,7.658804954382461
7666,L54845,L,300.5,311.6,1497,40.5,180,0,0,0,0,0,0,11.100000000000023,6.349001673272292
7667,M22526,M,300.6,311.7,1424,50.8,182,0,0,0,0,0,0,11.099999999999966,7.575343309552092
7668,L54847,L,300.6,311.7,1528,43.9,185,0,0,0,0,0,0,11.099999999999966,7.024517397622682
7669,L54848,L,300.6,311.8,1539,37.0,187,0,0,0,0,0,0,11.199999999999989,5.963057015778787
7670,L54849,L,300.7,311.8,1336,58.4,189,1,0,0,0,1,0,11.100000000000023,8.170486621848141
7671,L54850,L,300.5,311.6,1525,37.6,191,0,0,0,0,0,0,11.100000000000023,6.004630758561292
7672,M22531,M,300.5,311.6,1456,51.1,193,0,0,0,0,0,0,11.100000000000023,7.7913173325108795
7673,M22532,M,300.5,311.7,2141,17.2,196,0,0,0,0,0,0,11.199999999999989,3.856325926232495
7674,M22533,M,300.5,311.6,1476,39.1,199,0,0,0,0,0,0,11.100000000000023,6.0435446195637565
7675,L54854,L,300.5,311.6,1509,47.2,202,0,0,0,0,0,0,11.100000000000023,7.4586436144467445
7676,L54855,L,300.5,311.6,1447,45.4,204,0,0,0,0,0,0,11.100000000000023,6.879438648879905
7677,L54856,L,300.6,311.7,1448,49.1,206,0,0,0,0,0,0,11.099999999999966,7.4452394857914275
7678,L54857,L,300.6,311.7,1428,52.6,208,0,0,0,0,0,0,11.099999999999966,7.865794022351981
7679,M22538,M,300.6,311.7,1389,52.1,210,0,0,0,0,0,0,11.099999999999966,7.578244046768907
7680,L54859,L,300.7,311.7,1635,32.4,213,0,0,0,0,0,0,11.0,5.547424307708857
7681,L54860,L,300.7,311.7,1395,43.7,215,0,0,0,0,0,0,11.0,6.38387335172714
7682,L54861,L,300.7,311.8,1443,43.7,217,0,0,0,0,0,0,11.100000000000023,6.603533510066137
7683,M22542,M,300.7,311.7,1412,49.1,219,0,0,0,0,0,0,11.0,7.260136846641917
7684,L54863,L,300.7,311.7,1524,43.5,222,0,0,0,0,0,0,11.0,6.9422914459027245
7685,M22544,M,300.7,311.8,1407,42.4,224,0,0,0,0,0,0,11.100000000000023,6.247245487222519
7686,L54865,L,300.8,311.7,1397,43.5,227,0,0,0,0,0,0,10.899999999999977,6.363767158744164
7687,M22546,M,300.7,311.7,1504,36.9,229,0,0,0,0,0,0,11.0,5.81169508172883
7688,M22547,M,300.7,311.7,2097,18.9,232,1,1,0,0,0,0,11.0,4.150389470584011
7689,L54868,L,300.6,311.7,1553,39.8,0,0,0,0,0,0,0,11.099999999999966,6.472665232093099
7690,L54869,L,300.6,311.7,1432,39.2,2,0,0,0,0,0,0,11.099999999999966,5.87838062178903
7691,M22550,M,300.5,311.6,1577,36.5,4,0,0,0,0,0,0,11.100000000000023,6.027721464565175
7692,M22551,M,300.5,311.5,1370,56.1,7,0,0,0,0,0,0,11.0,8.04844621923169
7693,H37106,H,300.5,311.6,1506,36.2,10,0,0,0,0,0,0,11.100000000000023,5.709027833809515
7694,L54873,L,300.6,311.6,1964,21.4,15,0,0,0,0,0,0,11.0,4.401329419777252
7695,H37108,H,300.6,311.7,1500,36.7,17,0,0,0,0,0,0,11.099999999999966,5.7648225193372715
7696,L54875,L,300.6,311.7,1488,47.7,22,0,0,0,0,0,0,11.099999999999966,7.432756890981165
7697,H37110,H,300.6,311.5,1282,60.2,24,0,0,0,0,0,0,10.899999999999977,8.081893709016912
7698,L54877,L,300.5,311.4,1400,45.1,29,0,0,0,0,0,0,10.899999999999977,6.612005338255318
7699,L54878,L,300.6,311.5,1419,38.6,31,0,0,0,0,0,0,10.899999999999977,5.735857035071173
7700,M22559,M,300.7,311.5,1441,40.6,33,0,0,0,0,0,0,10.800000000000011,6.126587385373647
7701,M22560,M,300.7,311.6,1348,62.5,36,0,0,0,0,0,0,10.900000000000034,8.822639368831334
7702,H37115,H,300.8,311.7,1468,38.7,39,0,0,0,0,0,0,10.899999999999977,5.949296839956063
7703,M22562,M,300.7,311.7,1701,30.8,44,0,0,0,0,0,0,11.0,5.486351746523072
7704,H37117,H,300.7,311.7,1864,23.6,47,0,0,0,0,0,0,11.0,4.606663915615882
7705,M22564,M,300.6,311.6,1630,31.8,52,0,0,0,0,0,0,11.0,5.428043786872444
7706,L54885,L,300.5,311.5,1316,49.7,55,0,0,0,0,0,0,11.0,6.849216527552372
7707,L54886,L,300.5,311.5,1708,31.2,57,0,0,0,0,0,0,11.0,5.580473862424621
7708,H37121,H,300.5,311.4,1679,27.5,59,0,0,0,0,0,0,10.899999999999977,4.835172893262491
7709,L54888,L,300.5,311.4,1709,32.3,64,0,0,0,0,0,0,10.899999999999977,5.780603786433803
7710,L54889,L,300.5,311.4,1445,41.5,66,0,0,0,0,0,0,10.899999999999977,6.279781915138198
7711,M22570,M,300.5,311.4,1390,51.9,68,0,0,0,0,0,0,10.899999999999977,7.554587854087376
7712,L54891,L,300.4,311.4,1309,55.5,71,0,0,0,0,0,0,11.0,7.607837849565723
7713,L54892,L,300.5,311.5,1499,37.6,73,0,0,0,0,0,0,11.0,5.9022567259563115
7714,M22573,M,300.5,311.4,2072,18.8,75,0,0,0,0,0,0,10.899999999999977,4.0792114530291785
7715,L54894,L,300.5,311.5,1487,43.0,78,0,0,0,0,0,0,11.0,6.695885862106166
7716,L54895,L,300.5,311.5,1302,49.6,80,0,0,0,0,0,0,11.0,6.762718009823532
7717,M22576,M,300.5,311.5,1378,48.2,82,0,0,0,0,0,0,11.0,6.9554442471457545
7718,L54897,L,300.5,311.6,1365,53.0,85,0,0,0,0,0,0,11.100000000000023,7.575950684131787
7719,H37132,H,300.6,311.7,1427,44.6,87,0,0,0,0,0,0,11.099999999999966,6.664805038786651
7720,H37133,H,300.6,311.7,1535,33.3,92,0,0,0,0,0,0,11.099999999999966,5.352802642818968
7721,H37134,H,300.5,311.6,1476,41.7,97,0,0,0,0,0,0,11.100000000000023,6.445417151810965
7722,L54901,L,300.5,311.6,1425,42.4,102,0,0,0,0,0,0,11.100000000000023,6.327167604329842
7723,L54902,L,300.5,311.7,1409,54.7,104,0,0,0,0,0,0,11.199999999999989,8.070992382508955
7724,L54903,L,300.5,311.6,1730,30.2,106,0,0,0,0,0,0,11.100000000000023,5.471188325981744
7725,M22584,M,300.5,311.6,1454,41.4,108,0,0,0,0,0,0,11.100000000000023,6.303668491280991
7726,L54905,L,300.6,311.7,1744,26.9,111,0,0,0,0,0,0,11.099999999999966,4.91278070378167
7727,M22586,M,300.8,311.9,1761,29.0,113,0,0,0,0,0,0,11.099999999999966,5.347933174205905
7728,M22587,M,300.7,311.9,1657,30.9,116,0,0,0,0,0,0,11.199999999999989,5.3617875978082346
7729,L54908,L,300.7,311.8,1420,47.0,119,0,0,0,0,0,0,11.100000000000023,6.988996456686094
7730,H37143,H,300.7,311.9,1329,59.2,121,0,0,0,0,0,0,11.199999999999989,8.239015229598449
7731,L54910,L,300.6,311.9,1472,44.2,126,0,0,0,0,0,0,11.299999999999955,6.813318595497353
7732,L54911,L,300.6,312.0,1566,30.1,128,0,0,0,0,0,0,11.399999999999977,4.936133209173355
7733,L54912,L,300.6,312.0,1430,42.7,130,0,0,0,0,0,0,11.399999999999977,6.394292967361546
7734,L54913,L,300.6,312.0,1481,40.9,132,0,0,0,0,0,0,11.399999999999977,6.343179254887639
7735,L54914,L,300.6,312.0,1670,29.4,134,0,0,0,0,0,0,11.399999999999977,5.141530536865055
7736,L54915,L,300.6,312.0,1406,55.1,136,0,0,0,0,0,0,11.399999999999977,8.112702260973116
7737,H37150,H,300.6,312.1,1354,46.9,138,0,0,0,0,0,0,11.5,6.649976721461706
7738,M22597,M,300.5,312.0,1985,19.3,143,0,0,0,0,0,0,11.5,4.011866178511726
7739,M22598,M,300.5,312.0,1263,60.8,146,0,0,0,0,0,0,11.5,8.041471883540723
7740,L54919,L,300.5,311.9,1576,31.1,149,0,0,0,0,0,0,11.399999999999977,5.132692189532956
7741,L54920,L,300.5,312.0,1453,45.1,151,0,0,0,0,0,0,11.5,6.86231696891784
7742,L54921,L,300.5,312.0,1478,39.0,153,0,0,0,0,0,0,11.5,6.036256124607428
7743,M22602,M,300.5,311.9,1323,57.9,155,0,0,0,0,0,0,11.399999999999977,8.021711265749643
7744,L54923,L,300.5,311.9,1710,28.4,158,0,0,0,0,0,0,11.399999999999977,5.085610187631157
7745,L54924,L,300.4,311.7,1314,59.5,160,0,0,0,0,0,0,11.300000000000011,8.18730461452036
7746,L54925,L,300.4,311.7,1460,39.6,162,0,0,0,0,0,0,11.300000000000011,6.054477361998249
7747,M22606,M,300.4,311.7,1508,45.4,164,0,0,0,0,0,0,11.300000000000011,7.16944953870829
7748,M22607,M,300.5,311.8,1331,55.3,167,0,0,0,0,0,0,11.300000000000011,7.7078242717539736
7749,L54928,L,300.4,311.7,1515,47.4,170,0,0,0,0,0,0,11.300000000000011,7.520030334897887
7750,L54929,L,300.4,311.6,1674,33.0,172,0,0,0,0,0,0,11.200000000000045,5.784928712320245
7751,L54930,L,300.4,311.7,1444,51.2,174,0,0,0,0,0,0,11.300000000000011,7.742224711310782
7752,M22611,M,300.4,311.7,1398,42.6,176,0,0,0,0,0,0,11.300000000000011,6.236564072200315
7753,M22612,M,300.4,311.7,1832,24.2,179,0,0,0,0,0,0,11.300000000000011,4.642687511377045
7754,M22613,M,300.5,311.8,1591,42.0,182,0,0,0,0,0,0,11.300000000000011,6.997583476605906
7755,M22614,M,300.4,311.7,1478,39.9,185,0,0,0,0,0,0,11.300000000000011,6.1755543428676
7756,M22615,M,300.4,311.8,1362,47.6,188,0,0,0,0,0,0,11.400000000000034,6.7891073881136865
7757,L54936,L,300.5,311.8,1368,57.9,191,1,0,0,0,1,0,11.300000000000011,8.294558587713915
7758,M22617,M,300.3,311.7,1723,28.3,193,0,0,0,0,0,0,11.399999999999977,5.106229507414218
7759,L54938,L,300.4,311.8,1689,30.8,196,0,0,0,0,0,0,11.400000000000034,5.447647325030846
7760,L54939,L,300.4,311.8,1272,59.2,198,1,0,0,0,1,0,11.400000000000034,7.8856488879226685
7761,M22620,M,300.4,311.7,1511,33.0,200,0,0,0,0,0,0,11.300000000000011,5.221641149531595
7762,H37175,H,300.4,311.6,1715,30.8,203,0,0,0,0,0,0,11.200000000000045,5.531506904930668
7763,M22622,M,300.3,311.5,1400,43.8,0,0,0,0,0,0,0,11.199999999999989,6.4214153839375365
7764,L54943,L,300.4,311.6,1200,76.6,3,1,0,0,1,0,0,11.200000000000045,9.625839890599126
7765,M22624,M,300.4,311.7,1555,38.7,5,0,0,0,0,0,0,11.300000000000011,6.301877783468446
7766,H37179,H,300.3,311.6,1427,56.2,8,0,0,0,0,0,0,11.300000000000011,8.398252089233404
7767,L54946,L,300.3,311.4,1318,52.7,13,0,0,0,0,0,0,11.099999999999966,7.273687582954401
7768,H37181,H,300.2,311.4,1319,54.6,15,0,0,0,0,0,0,11.199999999999989,7.541644492354585
7769,M22628,M,300.2,311.4,1960,20.9,20,0,0,0,0,0,0,11.199999999999989,4.289740048721743
7770,L54949,L,300.3,311.5,1552,38.9,23,0,0,0,0,0,0,11.199999999999989,6.322224831888195
7771,L54950,L,300.3,311.5,1548,32.2,25,0,0,0,0,0,0,11.199999999999989,5.219819025792513
7772,L54951,L,300.3,311.6,1709,29.5,27,0,0,0,0,0,0,11.300000000000011,5.279498814235207
7773,H37186,H,300.3,311.5,1464,41.0,29,0,0,0,0,0,0,11.199999999999989,6.285698581302458
7774,L54953,L,300.3,311.4,1759,24.8,34,0,0,0,0,0,0,11.099999999999966,4.568210821535942
7775,L54954,L,300.3,311.5,1634,31.9,36,0,0,0,0,0,0,11.199999999999989,5.458475347710218
7776,L54955,L,300.3,311.5,1663,33.6,38,0,0,0,0,0,0,11.199999999999989,5.8514048128702045
7777,M22636,M,300.3,311.5,1445,47.3,40,0,0,0,0,0,0,11.199999999999989,7.157438182796066
7778,L54957,L,300.3,311.5,1695,25.6,43,0,0,0,0,0,0,11.199999999999989,4.543999614152276
7779,L54958,L,300.4,311.6,1517,39.0,45,0,0,0,0,0,0,11.200000000000045,6.195534872144431
7780,L54959,L,300.5,311.7,1811,26.8,47,0,0,0,0,0,0,11.199999999999989,5.082552370781664
7781,L54960,L,300.4,311.6,1815,23.5,49,0,0,0,0,0,0,11.200000000000045,4.466559355241288
7782,L54961,L,300.4,311.7,1513,40.0,51,0,0,0,0,0,0,11.300000000000011,6.337639579841809
7783,M22642,M,300.4,311.6,1518,36.4,53,0,0,0,0,0,0,11.200000000000045,5.786311013087824
7784,L54963,L,300.3,311.5,1667,28.8,56,0,0,0,0,0,0,11.199999999999989,5.027553555392817
7785,L54964,L,300.3,311.5,1403,60.1,58,0,0,0,0,0,0,11.199999999999989,8.830001167616249
7786,L54965,L,300.2,311.5,1383,42.1,60,0,0,0,0,0,0,11.300000000000011,6.097234438013606
7787,L54966,L,300.3,311.5,1466,46.2,62,0,0,0,0,0,0,11.199999999999989,7.09258523845046
7788,L54967,L,300.3,311.5,1378,47.5,64,0,0,0,0,0,0,11.199999999999989,6.85443157135733
7789,M22648,M,300.2,311.5,1547,40.9,66,0,0,0,0,0,0,11.300000000000011,6.625859761857648
7790,L54969,L,300.2,311.5,1495,38.5,69,0,0,0,0,0,0,11.300000000000011,6.027407305299818
7791,L54970,L,300.1,311.4,1729,29.3,71,0,0,0,0,0,0,11.299999999999955,5.305071378435429
7792,L54971,L,300.1,311.4,1418,47.7,73,0,0,0,0,0,0,11.299999999999955,7.08309762863662
7793,H37206,H,300.1,311.4,1485,40.4,75,0,0,0,0,0,0,11.299999999999955,6.282556988648867
7794,L54973,L,300.1,311.5,1434,40.8,80,0,0,0,0,0,0,11.399999999999977,6.126859656736957
7795,M22654,M,300.2,311.6,1415,55.8,82,0,0,0,0,0,0,11.400000000000034,8.268357704982977
7796,H37209,H,300.1,311.6,1674,29.6,85,0,0,0,0,0,0,11.5,5.18890575408119
7797,L54976,L,300.1,311.5,1454,52.4,90,0,0,0,0,0,0,11.399999999999977,7.97855625466483
7798,L54977,L,300.0,311.4,1476,39.0,92,0,0,0,0,0,0,11.399999999999977,6.028087983708096
7799,L54978,L,300.0,311.5,1812,28.3,94,0,0,0,0,0,0,11.5,5.369987154634106
7800,L54979,L,300.0,311.4,1374,41.9,96,0,0,0,0,0,0,11.399999999999977,6.0287791340918835
7801,M22660,M,300.1,311.4,1524,40.6,98,0,0,0,0,0,0,11.299999999999955,6.479472016175877
7802,L54981,L,300.0,311.4,1383,49.6,101,0,0,0,0,0,0,11.399999999999977,7.1834400979922775
7803,L54982,L,299.9,311.3,1429,58.2,103,0,0,0,0,0,0,11.400000000000034,8.70931164984084
7804,M22663,M,299.8,311.3,1517,41.2,105,0,0,0,0,0,0,11.5,6.545026582880785
7805,M22664,M,299.9,311.4,1480,44.9,108,0,0,0,0,0,0,11.5,6.958837167211631
7806,L54985,L,299.9,311.4,1706,28.8,111,0,0,0,0,0,0,11.5,5.14517478434322
7807,L54986,L,300.0,311.5,1349,48.6,113,0,0,0,0,0,0,11.5,6.865573753302062
7808,M22667,M,300.0,311.5,1451,49.0,115,0,0,0,0,0,0,11.5,7.445469869252689
7809,L54988,L,299.9,311.4,1627,36.7,118,0,0,0,0,0,0,11.5,6.252910825974493
7810,M22669,M,300.0,311.4,1537,35.4,120,0,0,0,0,0,0,11.399999999999977,5.697780932109663
7811,L54990,L,300.1,311.5,2218,17.0,123,0,0,0,0,0,0,11.399999999999977,3.9485630865418915
7812,M22671,M,300.0,311.4,1466,39.0,125,0,0,0,0,0,0,11.399999999999977,5.987247279211427
7813,L54992,L,300.0,311.5,1666,32.0,128,0,0,0,0,0,0,11.5,5.582819584939302
7814,L54993,L,300.0,311.5,1455,41.7,130,0,0,0,0,0,0,11.5,6.353714062252678
7815,L54994,L,300.0,311.4,1927,24.6,132,0,0,0,0,0,0,11.399999999999977,4.964156215643377
7816,M22675,M,299.9,311.3,1703,28.4,134,0,0,0,0,0,0,11.400000000000034,5.064791900313368
7817,L54996,L,299.8,311.2,1533,35.9,137,0,0,0,0,0,0,11.399999999999977,5.763220307083939
7818,H37231,H,299.8,311.3,1785,25.4,139,0,0,0,0,0,0,11.5,4.747888977370254
7819,L54998,L,299.8,311.2,2142,16.6,144,0,0,0,0,0,0,11.399999999999977,3.723541276740767
7820,L54999,L,299.8,311.2,1369,46.2,146,0,0,0,0,0,0,11.399999999999977,6.623294127857217
7821,M22680,M,299.8,311.2,1706,29.2,148,0,0,0,0,0,0,11.399999999999977,5.216635545236875
7822,L55001,L,299.9,311.3,1802,24.4,151,0,0,0,0,0,0,11.400000000000034,4.604401968905296
7823,H37236,H,299.9,311.3,1413,41.8,153,0,0,0,0,0,0,11.400000000000034,6.185104784534513
7824,L55003,L,300.0,311.3,1484,53.2,158,0,0,0,0,0,0,11.300000000000011,8.267499002990995
7825,L55004,L,299.9,311.3,1535,38.1,160,0,0,0,0,0,0,11.400000000000034,6.124377798540622
7826,M22685,M,299.9,311.2,1579,35.5,162,0,0,0,0,0,0,11.300000000000011,5.8700135133549685
7827,L55006,L,299.8,311.1,1300,64.2,165,0,0,0,0,0,0,11.300000000000011,8.739910762286804
7828,M22687,M,299.8,311.1,1452,44.3,167,0,0,0,0,0,0,11.300000000000011,6.735951640414946
7829,M22688,M,299.8,311.1,1562,35.7,170,0,0,0,0,0,0,11.300000000000011,5.839529592639636
7830,L55009,L,299.8,311.2,1664,28.3,173,0,0,0,0,0,0,11.399999999999977,4.931378932290922
7831,H37244,H,299.9,311.2,1495,35.8,175,0,0,0,0,0,0,11.300000000000011,5.604706013759309
7832,M22691,M,300.0,311.4,1533,42.6,180,0,0,0,0,0,0,11.399999999999977,6.838807383893478
7833,L55012,L,300.0,311.4,1484,37.0,183,0,0,0,0,0,0,11.399999999999977,5.7499523141102795
7834,L55013,L,300.0,311.4,1604,38.7,185,0,0,0,0,0,0,11.399999999999977,6.500457855101856
7835,L55014,L,300.0,311.4,1483,45.6,187,0,0,0,0,0,0,11.399999999999977,7.081652496015969
7836,L55015,L,300.1,311.5,1549,34.7,189,0,0,0,0,0,0,11.399999999999977,5.628718253608249
7837,L55016,L,300.1,311.4,1604,35.0,191,0,0,0,0,0,0,11.299999999999955,5.8789670524177
7838,L55017,L,300.2,311.5,1685,31.0,193,0,0,0,0,0,0,11.300000000000011,5.470036408675428
7839,L55018,L,300.2,311.6,1372,49.2,195,0,0,0,0,0,0,11.400000000000034,7.068834797989323
7840,L55019,L,300.3,311.6,1374,47.4,197,0,0,0,0,0,0,11.300000000000011,6.820146323531153
7841,L55020,L,300.2,311.6,1606,31.0,199,0,0,0,0,0,0,11.400000000000034,5.2135777283873805
7842,L55021,L,300.1,311.5,1471,47.2,201,0,0,0,0,0,0,11.399999999999977,7.270818261664123
7843,L55022,L,300.1,311.5,1659,31.1,203,0,0,0,0,0,0,11.399999999999977,5.403005293423335
7844,M22703,M,300.1,311.7,1400,48.5,205,0,0,0,0,0,0,11.599999999999966,7.1104713726248985
7845,L55024,L,300.1,311.7,1503,42.6,208,0,0,0,0,0,0,11.599999999999966,6.704975536850553
7846,L55025,L,300.2,311.8,1798,23.2,210,0,0,0,0,0,0,11.600000000000023,4.368237977159439
7847,M22706,M,300.2,311.6,1608,35.0,212,0,0,0,0,0,0,11.400000000000034,5.893627818134451
7848,L55027,L,300.2,311.6,1322,50.9,215,0,0,0,0,0,0,11.400000000000034,7.046571378050882
7849,H37262,H,300.2,311.6,1547,37.7,217,0,0,0,0,0,0,11.400000000000034,6.107455086113287
7850,M22709,M,300.3,311.7,1374,47.9,222,1,1,0,0,0,0,11.399999999999977,6.89208879529836
7851,M22710,M,300.3,311.7,1447,36.8,0,0,0,0,0,0,0,11.399999999999977,5.576285072219835
7852,L55031,L,300.4,311.7,1373,47.2,3,0,0,0,0,0,0,11.300000000000011,6.786426562382624
7853,L55032,L,300.3,311.7,1515,37.5,5,0,0,0,0,0,0,11.399999999999977,5.949391087735671
7854,L55033,L,300.3,311.7,1317,56.5,7,0,0,0,0,0,0,11.399999999999977,7.792249338331443
7855,L55034,L,300.3,311.8,1551,37.2,9,0,0,0,0,0,0,11.5,6.042036655090034
7856,M22715,M,300.3,311.8,1592,32.1,11,0,0,0,0,0,0,11.5,5.351514589830997
7857,L55036,L,300.4,311.8,1433,42.2,14,0,0,0,0,0,0,11.400000000000034,6.332675863449138
7858,L55037,L,300.5,311.9,1432,43.1,16,0,0,0,0,0,0,11.399999999999977,6.463219510181306
7859,L55038,L,300.5,311.9,1350,51.7,18,0,0,0,0,0,0,11.399999999999977,7.308915308576655
7860,M22719,M,300.5,311.9,1370,44.8,20,0,0,0,0,0,0,11.399999999999977,6.427279690224238
7861,L55040,L,300.5,312.0,1415,44.6,23,0,0,0,0,0,0,11.5,6.608759025846608
7862,L55041,L,300.5,312.0,1498,42.9,25,0,0,0,0,0,0,11.5,6.72973128696084
7863,M22722,M,300.5,312.0,1382,54.1,27,0,0,0,0,0,0,11.5,7.8294981552275065
7864,M22723,M,300.5,311.9,1511,44.5,30,0,0,0,0,0,0,11.399999999999977,7.041303974368364
7865,L55044,L,300.5,311.9,1330,59.5,33,0,0,0,0,0,0,11.399999999999977,8.286997821394277
7866,L55045,L,300.5,311.9,1383,50.5,35,0,0,0,0,0,0,11.399999999999977,7.313784777189718
7867,L55046,L,300.5,311.9,1431,49.4,37,0,0,0,0,0,0,11.399999999999977,7.402786097065916
7868,L55047,L,300.5,312.0,1461,38.1,39,0,0,0,0,0,0,11.5,5.8291309209562545
7869,H37282,H,300.4,311.9,1438,46.7,41,0,0,0,0,0,1,11.5,7.032413267158705
7870,M22729,M,300.5,312.0,1779,27.7,46,0,0,0,0,0,0,11.5,5.16041150871313
7871,M22730,M,300.6,312.1,1293,52.3,49,0,0,0,0,0,0,11.5,7.081558248236359
7872,L55051,L,300.6,312.2,1308,54.7,52,0,0,0,0,0,0,11.599999999999966,7.49244715139937
7873,L55052,L,300.6,312.3,1532,37.2,54,0,0,0,0,0,0,11.699999999999989,5.968020732171458
7874,L55053,L,300.7,312.4,1470,38.6,56,0,0,0,0,0,0,11.699999999999989,5.942008344999735
7875,L55054,L,300.7,312.3,1548,37.9,58,0,0,0,0,0,0,11.600000000000023,6.143824257066343
7876,L55055,L,300.7,312.3,1898,24.0,60,0,0,0,0,0,0,11.600000000000023,4.770194285210742
7877,H37290,H,300.7,312.2,1335,49.0,62,0,0,0,0,0,0,11.5,6.850242781152543
7878,L55057,L,300.7,312.3,1420,53.8,67,0,0,0,0,0,0,11.600000000000023,8.000170412121527
7879,L55058,L,300.7,312.3,1418,49.0,69,0,0,0,0,0,0,11.600000000000023,7.2761380252242
7880,M22739,M,300.8,312.3,1535,40.3,71,0,0,0,0,0,0,11.5,6.478016411579713
7881,H37294,H,300.7,312.4,1457,47.2,74,0,0,0,0,0,0,11.699999999999989,7.201619447481051
7882,L55061,L,300.8,312.4,1493,39.1,79,0,0,0,0,0,0,11.599999999999966,6.113151840791795
7883,H37296,H,300.7,312.3,1670,27.3,81,0,0,0,0,0,0,11.600000000000023,4.774278355660409
7884,H37297,H,300.7,312.3,1446,45.4,86,0,0,0,0,0,0,11.600000000000023,6.874684371997471
7885,L55064,L,300.8,312.4,1465,59.1,91,1,0,0,1,0,0,11.599999999999966,9.066793477892823
7886,L55065,L,300.7,312.3,1590,36.3,93,0,0,0,0,0,0,11.600000000000023,6.044110106241403
7887,M22746,M,300.6,312.2,2174,18.5,95,0,0,0,0,0,0,11.599999999999966,4.211723831157596
7888,L55067,L,300.7,312.4,1590,37.9,98,0,0,0,0,0,0,11.699999999999989,6.310517163265817
7889,L55068,L,300.7,312.3,1577,33.2,100,0,0,0,0,0,0,11.600000000000023,5.4827493869469555
7890,M22749,M,300.7,312.4,1371,61.7,102,0,0,0,0,0,0,11.699999999999989,8.858317389400606
7891,L55070,L,300.8,312.4,1767,25.6,105,0,0,0,0,0,0,11.599999999999966,4.737019066788834
7892,L55071,L,300.8,312.5,1517,39.2,107,0,0,0,0,0,0,11.699999999999989,6.227306845847736
7893,M22752,M,300.9,312.6,1555,40.6,109,0,0,0,0,0,0,11.700000000000045,6.611272299969481
7894,L55073,L,300.9,312.7,1416,43.8,112,0,0,0,0,0,0,11.800000000000011,6.494802988325394
7895,M22754,M,300.8,312.6,1588,35.6,114,0,0,0,0,0,0,11.800000000000011,5.920100972228702
7896,L55075,L,300.8,312.6,1422,50.0,117,0,0,0,0,0,0,11.800000000000011,7.445574589007809
7897,L55076,L,300.8,312.6,1376,53.6,119,0,0,0,0,0,0,11.800000000000011,7.723458931193339
7898,L55077,L,300.8,312.5,1434,50.7,121,0,0,0,0,0,0,11.699999999999989,7.61352413226872
7899,L55078,L,300.8,312.5,1423,47.3,123,0,0,0,0,0,0,11.699999999999989,7.048466805618548
7900,L55079,L,300.9,312.4,1364,52.5,125,0,0,0,0,0,0,11.5,7.498981664118836
7901,L55080,L,300.8,312.4,1825,23.8,127,0,0,0,0,0,0,11.599999999999966,4.548502563622422
7902,L55081,L,300.8,312.4,1365,44.5,129,0,0,0,0,0,0,11.599999999999966,6.360939725355934
7903,M22762,M,300.7,312.3,1430,47.2,131,0,0,0,0,0,0,11.600000000000023,7.068164591556557
7904,L55083,L,300.8,312.3,1435,44.8,134,0,0,0,0,0,0,11.5,6.732223617132687
7905,M22764,M,300.8,312.4,1811,25.1,136,0,0,0,0,0,0,11.599999999999966,4.760151660694767
7906,M22765,M,300.8,312.4,1465,43.7,139,0,0,0,0,0,0,11.599999999999966,6.70421108263818
7907,L55086,L,300.9,312.4,1372,51.0,142,0,0,0,0,0,0,11.5,7.327450705232833
7908,L55087,L,300.8,312.3,1858,26.3,144,0,0,0,0,0,0,11.5,5.117172721824222
7909,L55088,L,300.7,312.3,1715,26.8,146,0,0,0,0,0,0,11.600000000000023,4.813129384809803
7910,L55089,L,300.7,312.2,1590,38.5,148,0,0,0,0,0,0,11.5,6.410419809649973
7911,M22770,M,300.8,312.2,1664,25.7,150,0,0,0,0,0,0,11.399999999999977,4.478319383741226
7912,L55091,L,300.7,312.1,1512,36.9,153,0,0,0,0,0,0,11.400000000000034,5.842608353440154
7913,L55092,L,300.7,312.1,1498,44.0,155,0,0,0,0,0,0,11.400000000000034,6.902288499447014
7914,L55093,L,300.7,312.1,1395,41.9,157,0,0,0,0,0,0,11.400000000000034,6.120922046621673
7915,H37328,H,300.7,312.1,1490,43.1,159,0,0,0,0,0,0,11.400000000000034,6.724997954029432
7916,H37329,H,300.8,312.1,1527,35.1,164,0,0,0,0,0,0,11.300000000000011,5.612738018976988
7917,L55096,L,300.8,312.1,1512,37.1,169,0,0,0,0,0,0,11.300000000000011,5.8742756073883395
7918,L55097,L,300.9,312.1,1474,42.4,171,0,0,0,0,0,0,11.200000000000045,6.544733367566447
7919,L55098,L,300.8,312.1,1505,41.3,173,0,0,0,0,0,0,11.300000000000011,6.509013459095132
7920,L55099,L,300.8,312.0,1496,40.0,175,0,0,0,0,0,0,11.199999999999989,6.266430146360441
7921,L55100,L,300.8,312.0,1382,49.3,177,0,0,0,0,0,0,11.199999999999989,7.134829187665731
7922,L55101,L,300.7,311.9,1419,47.7,179,0,0,0,0,0,0,11.199999999999989,7.088092760955828
7923,L55102,L,300.7,311.9,1462,39.7,181,0,0,0,0,0,0,11.199999999999989,6.078081194802221
7924,M22783,M,300.8,312.0,1450,45.0,183,0,0,0,0,0,0,11.199999999999989,6.8329640215578005
7925,H37338,H,300.7,311.9,1389,46.5,186,0,0,0,0,0,0,11.199999999999989,6.763691903546145
7926,M22785,M,300.7,311.9,1697,28.2,191,0,0,0,0,0,0,11.199999999999989,5.011405769153367
7927,L55106,L,300.7,311.9,1335,57.1,194,1,0,0,0,1,0,11.199999999999989,7.982629853138985
7928,L55107,L,300.7,311.9,1476,42.0,196,0,0,0,0,0,0,11.199999999999989,6.491787059377949
7929,L55108,L,300.6,311.7,1497,43.6,198,0,0,0,0,0,0,11.099999999999966,6.834974640856099
7930,M22789,M,300.6,311.6,1669,29.2,200,0,0,0,0,0,0,11.0,5.103496321805594
7931,L55110,L,300.6,311.6,1455,48.0,203,0,0,0,0,0,0,11.0,7.313627697557038
7932,L55111,L,300.7,311.7,1499,38.4,205,0,0,0,0,0,0,11.0,6.027836656295808
7933,L55112,L,300.7,311.8,1478,41.9,207,0,0,0,0,0,0,11.100000000000023,6.485105939001313
7934,L55113,L,300.8,311.8,1928,21.8,209,0,0,0,0,0,0,11.0,4.401413195581348
7935,M22794,M,300.8,311.9,1621,28.3,211,0,0,0,0,0,0,11.099999999999966,4.803945462285808
7936,M22795,M,300.8,311.9,1356,44.3,214,0,0,0,0,0,0,11.099999999999966,6.290599465842057
7937,L55116,L,300.8,311.7,1490,46.4,217,0,0,0,0,0,0,10.899999999999977,7.239904989952798
7938,L55117,L,300.8,311.7,1578,31.4,219,0,0,0,0,0,0,10.899999999999977,5.188780090375046
7939,L55118,L,300.8,311.7,1681,31.3,221,0,0,0,0,0,0,10.899999999999977,5.509861331547435
7940,L55119,L,300.8,311.8,1417,43.4,223,0,0,0,0,0,0,11.0,6.440034556397814
7941,M22800,M,300.7,311.7,1532,40.0,0,0,0,0,0,0,0,11.0,6.41722659373275
7942,M22801,M,300.7,311.7,1499,38.9,3,0,0,0,0,0,0,11.0,6.106324112757993
7943,L55122,L,300.8,311.7,1432,45.8,6,0,0,0,0,0,0,10.899999999999977,6.868107971375958
7944,L55123,L,300.8,311.7,1753,29.0,8,0,0,0,0,0,0,10.899999999999977,5.323638191018143
7945,L55124,L,300.8,311.7,1414,49.0,10,0,0,0,0,0,0,10.899999999999977,7.255612953220746
7946,L55125,L,300.8,311.7,1655,32.2,12,0,0,0,0,0,0,10.899999999999977,5.580620470081789
7947,L55126,L,300.8,311.6,1516,35.6,14,0,0,0,0,0,0,10.800000000000011,5.6516832959059915
7948,L55127,L,300.8,311.7,1426,45.5,16,0,0,0,0,0,0,10.899999999999977,6.794531871428885
7949,L55128,L,300.8,311.7,1479,39.4,18,0,0,0,0,0,0,10.899999999999977,6.102292402185887
7950,M22809,M,300.7,311.5,1569,36.4,20,0,0,0,0,0,0,10.800000000000011,5.98071276649196
7951,L55130,L,300.8,311.6,1568,36.0,23,0,0,0,0,0,0,10.800000000000011,5.911220736994554
7952,M22811,M,300.9,311.8,1843,24.5,25,0,0,0,0,0,0,10.900000000000034,4.728463462795556
7953,M22812,M,300.9,311.9,1480,40.9,28,0,0,0,0,0,0,11.0,6.338896216903246
7954,L55133,L,301.0,312.0,1447,36.8,31,0,0,0,0,0,0,11.0,5.576285072219835
7955,L55134,L,301.0,311.9,1454,41.9,33,0,0,0,0,0,0,10.899999999999977,6.379799753252985
7956,M22815,M,300.9,311.9,1310,56.1,35,0,0,0,0,0,0,11.0,7.695959523498916
7957,H37370,H,300.9,311.9,1513,38.0,38,0,0,0,0,0,0,11.0,6.020757600849718
7958,H37371,H,300.9,311.9,2140,16.5,43,0,0,0,0,0,0,11.0,3.6976545532751866
7959,L55138,L,301.0,312.1,1377,49.9,48,0,0,0,0,0,0,11.100000000000023,7.1955352297085975
7960,L55139,L,301.0,312.1,1585,32.3,50,0,0,0,0,0,0,11.100000000000023,5.361180223228541
7961,H37374,H,301.1,312.2,1491,42.6,52,0,0,0,0,0,0,11.099999999999966,6.651442798033383
7962,L55141,L,301.0,312.2,1264,59.0,57,0,0,0,0,0,0,11.199999999999989,7.809580457803746
7963,L55142,L,301.0,312.2,1372,47.0,59,0,0,0,0,0,0,11.199999999999989,6.7527486891361415
7964,L55143,L,301.0,312.2,1510,39.9,61,0,0,0,0,0,0,11.199999999999989,6.3092605262043815
7965,L55144,L,300.9,312.1,1423,40.2,63,0,0,0,0,0,0,11.200000000000045,5.990451703718089
7966,L55145,L,301.1,312.3,1464,35.3,65,0,0,0,0,0,0,11.199999999999989,5.411833168779921
7967,L55146,L,301.0,312.2,1602,35.9,67,0,0,0,0,0,0,11.199999999999989,6.022621612490849
7968,M22827,M,301.0,312.2,1629,32.6,69,0,0,0,0,0,0,11.199999999999989,5.561184483531581
7969,L55148,L,300.9,312.2,1811,23.2,72,0,0,0,0,0,0,11.300000000000011,4.399821455303529
7970,L55149,L,300.9,312.1,1711,28.8,74,0,0,0,0,0,0,11.200000000000045,5.16025442908045
7971,M22830,M,300.9,312.1,1297,48.6,76,0,0,0,0,0,0,11.200000000000045,6.600925988163658
7972,L55151,L,301.0,312.1,1405,46.1,79,0,0,0,0,0,0,11.100000000000023,6.782750898977924
7973,L55152,L,301.1,312.2,1397,54.9,81,0,0,0,0,0,0,11.099999999999966,8.03151303482884
7974,L55153,L,301.1,312.3,1682,29.7,83,0,0,0,0,0,0,11.199999999999989,5.231317254904652
7975,L55154,L,301.2,312.3,1528,38.4,85,0,0,0,0,0,0,11.100000000000023,6.144452575597062
7976,M22835,M,301.2,312.3,1548,38.3,87,0,0,0,0,0,0,11.100000000000023,6.208666729436435
7977,H37390,H,301.2,312.4,1395,47.8,90,0,0,0,0,0,0,11.199999999999989,6.982817991134033
7978,L55157,L,301.2,312.4,1378,59.0,95,0,0,0,0,0,0,11.199999999999989,8.513925530738579
7979,L55158,L,301.2,312.4,1480,53.5,97,0,0,0,0,0,0,11.199999999999989,8.29171021037466
7980,M22839,M,301.2,312.4,1428,36.6,99,0,0,0,0,0,0,11.199999999999989,5.473157057377994
7981,M22840,M,301.2,312.4,1505,39.6,102,0,0,0,0,0,0,11.199999999999989,6.241087965621483
7982,L55161,L,301.0,312.3,1445,36.4,105,0,0,0,0,0,0,11.300000000000011,5.508049679783865
7983,L55162,L,301.0,312.3,1488,42.6,107,0,0,0,0,0,0,11.300000000000011,6.63805961332909
7984,L55163,L,301.0,312.2,1601,33.0,109,0,0,0,0,0,0,11.199999999999989,5.532658822236986
7985,L55164,L,301.0,312.3,1550,34.9,111,0,0,0,0,0,0,11.300000000000011,5.664815153197995
7986,L55165,L,301.0,312.2,1540,34.1,113,0,0,0,0,0,0,11.199999999999989,5.499253220353814
7987,L55166,L,301.1,312.3,1587,34.5,115,0,0,0,0,0,0,11.199999999999989,5.733563672434052
7988,H37401,H,301.0,312.2,1489,40.3,117,0,0,0,0,0,0,11.199999999999989,6.2838869295388875
7989,L55168,L,301.1,312.3,1486,34.9,122,0,0,0,0,0,0,11.199999999999989,5.430913108162723
7990,L55169,L,301.1,312.4,1430,37.9,124,0,0,0,0,0,0,11.299999999999955,5.6754965682202
7991,M22850,M,301.1,312.4,1809,25.1,126,0,0,0,0,0,0,11.299999999999955,4.754894728987759
7992,L55171,L,301.1,312.3,1534,39.0,129,0,0,0,0,0,0,11.199999999999989,6.264964069788765
7993,M22852,M,301.1,312.3,1852,25.9,131,0,0,0,0,0,0,11.199999999999989,5.023071549873696
7994,L55173,L,301.1,312.3,1595,31.9,134,0,0,0,0,0,0,11.199999999999989,5.328193500365848
7995,L55174,L,301.0,312.3,1424,43.5,136,0,0,0,0,0,0,11.300000000000011,6.486760511132204
7996,L55175,L,301.0,312.2,1776,28.8,138,0,0,0,0,0,0,11.199999999999989,5.356289810664454
7997,M22856,M,301.0,312.2,1499,41.5,140,0,0,0,0,0,0,11.199999999999989,6.514458886361356
7998,M22857,M,301.0,312.2,2710,9.7,143,1,0,0,1,0,0,11.199999999999989,2.752768202830496
7999,L55178,L,300.9,312.1,1359,51.7,146,0,0,0,0,0,0,11.200000000000045,7.357641410633833
8000,M22859,M,300.9,312.1,1617,31.0,148,0,0,0,0,0,0,11.200000000000045,5.249287164883185
8001,M22860,M,300.8,312.0,1443,53.3,151,0,0,0,0,0,0,11.199999999999989,8.05419533378776
8002,L55181,L,300.8,312.0,1374,50.2,154,0,0,0,0,0,0,11.199999999999989,7.22302416542751
8003,M22862,M,300.9,312.1,1851,23.0,156,0,0,0,0,0,0,11.200000000000045,4.458234134709275
8004,M22863,M,300.8,312.0,1274,67.3,159,0,0,0,0,0,0,11.199999999999989,8.978692747910653
8005,L55184,L,300.9,312.0,1533,44.0,162,0,0,0,0,0,0,11.100000000000023,7.063556922331291
8006,L55185,L,300.8,312.0,1477,37.3,164,0,0,0,0,0,0,11.199999999999989,5.769231221027808
8007,L55186,L,300.9,312.1,1462,46.0,166,0,0,0,0,0,0,11.200000000000045,7.042612971307359
8008,M22867,M,301.0,312.1,1664,28.4,168,0,0,0,0,0,0,11.100000000000023,4.948804299542834
8009,L55188,L,300.8,311.9,1414,41.1,171,0,0,0,0,0,0,11.099999999999966,6.085830456681076
8010,H37423,H,300.9,312.0,2129,17.8,173,0,0,0,0,0,0,11.100000000000023,3.968480783965651
8011,L55190,L,300.8,311.8,1323,61.1,178,0,0,0,0,0,0,11.0,8.465052821024232
8012,L55191,L,300.8,311.8,1427,43.3,180,0,0,0,0,0,0,11.0,6.470539421064169
8013,M22872,M,300.9,312.0,1375,56.1,182,0,0,0,0,0,0,11.100000000000023,8.077820110542756
8014,M22873,M,300.9,312.0,1402,50.7,185,0,0,0,0,0,0,11.100000000000023,7.4436268015625835
8015,L55194,L,300.9,312.0,1500,44.2,188,0,0,0,0,0,0,11.100000000000023,6.9429197644334435
8016,M22875,M,301.0,312.0,1558,37.5,190,0,0,0,0,0,0,11.0,6.118251692866122
8017,M22876,M,300.9,312.0,1447,41.4,193,0,0,0,0,0,0,11.100000000000023,6.273320706247314
8018,L55197,L,301.0,312.0,1518,39.3,196,0,0,0,0,0,0,11.0,6.247308319075589
8019,L55198,L,301.0,311.9,1889,23.5,198,0,0,0,0,0,0,10.899999999999977,4.648667009394377
8020,L55199,L,301.0,312.1,1675,30.7,200,0,0,0,0,0,0,11.100000000000023,5.384951607640703
8021,H37434,H,300.9,312.0,1720,27.9,202,0,0,0,0,0,0,11.100000000000023,5.025291608682234
8022,M22881,M,301.0,312.0,1499,34.6,207,0,0,0,0,0,0,11.0,5.431331987183203
8023,L55202,L,300.9,312.0,1441,43.8,210,0,0,0,0,0,0,11.100000000000023,6.609471120181421
8024,H37437,H,300.9,312.0,1397,42.7,212,0,0,0,0,0,0,11.100000000000023,6.246732360422433
8025,L55204,L,300.9,312.0,1493,38.7,217,0,0,0,0,0,0,11.100000000000023,6.0506132030343345
8026,M22885,M,300.8,312.0,1422,50.7,219,0,0,0,0,0,0,11.199999999999989,7.54981263325392
8027,L55206,L,300.7,311.9,1399,50.2,222,1,0,0,0,1,0,11.199999999999989,7.354447458102682
8028,L55207,L,300.6,311.9,1425,44.9,224,0,0,0,0,0,0,11.299999999999955,6.700231731943631
8029,L55208,L,300.6,311.8,1501,44.8,226,0,0,0,0,0,0,11.199999999999989,7.041858989070498
8030,M22889,M,300.6,311.9,1629,35.3,0,0,0,0,0,0,0,11.299999999999955,6.021773382474379
8031,L55210,L,300.6,312.0,1490,42.2,3,0,0,0,0,0,0,11.399999999999977,6.5845687624139675
8032,L55211,L,300.7,312.0,1550,32.4,5,0,0,0,0,0,0,11.300000000000011,5.259026102109313
8033,L55212,L,300.8,312.0,1416,46.5,7,0,0,0,0,0,0,11.199999999999989,6.895167556098878
8034,L55213,L,300.7,311.9,1485,38.8,9,0,0,0,0,0,0,11.199999999999989,6.033742850484557
8035,L55214,L,300.7,311.8,1564,36.8,11,0,0,0,0,0,0,11.100000000000023,6.027166449863041
8036,L55215,L,300.7,311.7,1910,19.7,13,0,0,0,0,0,0,11.0,3.9402902258874377
8037,L55216,L,300.7,311.7,1460,46.1,15,0,0,0,0,0,0,11.0,7.04826783808382
8038,L55217,L,300.7,311.8,1603,34.1,17,0,0,0,0,0,0,11.100000000000023,5.724222670277379
8039,L55218,L,300.7,311.8,1486,47.3,19,0,0,0,0,0,0,11.100000000000023,7.360521203899622
8040,L55219,L,300.8,311.9,1560,31.8,21,0,0,0,0,0,0,11.099999999999966,5.194937611976082
8041,L55220,L,300.8,311.9,1498,39.3,23,0,0,0,0,0,0,11.099999999999966,6.164998591551538
8042,H37455,H,300.8,311.9,1431,48.5,25,0,0,0,0,0,0,11.099999999999966,7.267917524447307
8043,L55222,L,300.8,311.9,1486,45.1,30,0,0,0,0,0,0,11.099999999999966,7.018171380462429
8044,L55223,L,300.7,311.9,1486,35.8,32,0,0,0,0,0,0,11.199999999999989,5.570965308659756
8045,L55224,L,300.7,311.8,1441,38.1,34,0,0,0,0,0,0,11.100000000000023,5.749334467555073
8046,M22905,M,300.7,311.9,1366,55.1,36,0,0,0,0,0,0,11.199999999999989,7.881899920689384
8047,L55226,L,300.6,311.8,1471,41.4,39,0,0,0,0,0,0,11.199999999999989,6.377370254934208
8048,L55227,L,300.6,311.9,1463,38.2,41,0,0,0,0,0,0,11.299999999999955,5.852431066470378
8049,L55228,L,300.6,311.9,1413,41.3,43,0,0,0,0,0,0,11.299999999999955,6.111120277542472
8050,H37463,H,300.6,311.9,1604,30.5,45,0,0,0,0,0,0,11.299999999999955,5.123099859963996
8051,L55230,L,300.7,312.0,1401,51.1,50,0,0,0,0,0,0,11.300000000000011,7.497002460747075
8052,L55231,L,300.6,311.8,1652,27.2,52,0,0,0,0,0,0,11.199999999999989,4.70551936444884
8053,L55232,L,300.5,311.9,1403,45.7,54,0,0,0,0,0,0,11.399999999999977,6.714327010982738
8054,L55233,L,300.5,311.9,1887,21.7,56,0,0,0,0,0,0,11.399999999999977,4.288054060664316
8055,L55234,L,300.4,311.8,1405,47.9,58,0,0,0,0,0,0,11.400000000000034,7.047587159675542
8056,H37469,H,300.2,311.6,1496,41.1,60,0,0,0,0,0,0,11.400000000000034,6.438756975385353
8057,L55236,L,300.1,311.5,1499,43.4,65,0,0,0,0,0,0,11.399999999999977,6.812711220917658
8058,L55237,L,300.2,311.5,1549,37.2,67,0,0,0,0,0,0,11.300000000000011,6.034245505309131
8059,L55238,L,300.3,311.6,1515,44.9,69,0,0,0,0,0,0,11.300000000000011,7.123404262382176
8060,L55239,L,300.2,311.6,1540,37.7,71,0,0,0,0,0,0,11.400000000000034,6.079819542737209
8061,H37474,H,300.2,311.5,1426,44.3,73,0,0,0,0,0,0,11.300000000000011,6.615335426468122
8062,M22921,M,300.2,311.6,1465,41.4,78,0,0,0,0,0,0,11.400000000000034,6.351357867762484
8063,M22922,M,300.3,311.6,1359,54.1,81,0,0,0,0,0,0,11.300000000000011,7.699195363932114
8064,M22923,M,300.3,311.7,1551,36.4,84,0,0,0,0,0,0,11.399999999999977,5.91210038293756
8065,L55244,L,300.5,311.8,1596,34.8,87,0,0,0,0,0,0,11.300000000000011,5.816218975149999
8066,M22925,M,300.5,311.9,1670,26.3,89,0,0,0,0,0,0,11.399999999999977,4.599396364610576
8067,L55246,L,300.4,311.9,1868,21.3,92,0,0,0,0,0,0,11.5,4.166631504603071
8068,M22927,M,300.6,312.0,1490,39.8,94,0,0,0,0,0,0,11.399999999999977,6.210090918106064
8069,M22928,M,300.5,311.9,1676,35.2,97,0,0,0,0,0,0,11.399999999999977,6.177962897235353
8070,M22929,M,300.5,311.9,1875,22.1,100,0,0,0,0,0,0,11.399999999999977,4.339324852770902
8071,M22930,M,300.5,312.0,1867,23.0,103,0,0,0,0,0,0,11.5,4.49677100459331
8072,L55251,L,300.5,312.0,1646,29.5,106,0,0,0,0,0,0,11.5,5.08487714934532
8073,H37486,H,300.5,312.0,1375,43.2,108,0,0,0,0,0,0,11.5,6.220353454107791
8074,L55253,L,300.5,312.0,1558,36.7,113,0,0,0,0,0,0,11.5,5.987728990084978
8075,L55254,L,300.4,312.0,1631,34.9,115,0,0,0,0,0,0,11.600000000000023,5.960847428945762
8076,L55255,L,300.4,312.0,1366,43.0,117,0,0,0,0,0,0,11.600000000000023,6.151028976218575
8077,L55256,L,300.3,311.8,1360,48.0,119,0,0,0,0,0,0,11.5,6.83610561421139
8078,L55257,L,300.3,311.8,1547,39.7,121,0,0,0,0,0,0,11.5,6.431458008453513
8079,L55258,L,300.3,311.7,1571,31.2,123,0,0,0,0,0,0,11.399999999999977,5.132859741141147
8080,L55259,L,300.2,311.5,1528,36.1,125,0,0,0,0,0,0,11.300000000000011,5.776425468204528
8081,H37494,H,300.2,311.5,1432,43.6,127,0,0,0,0,0,0,11.300000000000011,6.538198854846982
8082,L55261,L,300.2,311.6,1356,53.5,132,0,0,0,0,0,0,11.400000000000034,7.596999354910838
8083,H37496,H,300.1,311.5,1422,46.2,134,0,0,0,0,0,0,11.399999999999977,6.879710920243216
8084,L55263,L,300.1,311.4,1438,42.2,139,0,0,0,0,0,0,11.299999999999955,6.354771731779386
8085,L55264,L,300.2,311.4,1483,44.4,141,0,0,0,0,0,0,11.199999999999989,6.895293219805021
8086,L55265,L,300.2,311.4,1331,49.8,143,0,0,0,0,0,0,11.199999999999989,6.941223304400506
8087,L55266,L,300.2,311.4,1463,37.5,145,0,0,0,0,0,0,11.199999999999989,5.745187565252334
8088,L55267,L,300.1,311.4,1446,40.6,147,0,0,0,0,0,0,11.299999999999955,6.1478454956629385
8089,L55268,L,300.1,311.4,1356,45.7,149,0,0,0,0,0,0,11.299999999999955,6.489399448961221
8090,L55269,L,300.1,311.3,1676,30.3,151,0,0,0,0,0,0,11.199999999999989,5.317962380290658
8091,L55270,L,300.1,311.4,1910,23.0,153,0,0,0,0,0,0,11.299999999999955,4.600338842406654
8092,L55271,L,300.2,311.6,1375,56.9,155,0,0,0,0,0,0,11.400000000000034,8.19301184117438
8093,M22952,M,300.2,311.6,1513,40.8,157,0,0,0,0,0,0,11.400000000000034,6.464392371438644
8094,L55273,L,300.2,311.6,1511,35.7,160,0,0,0,0,0,0,11.400000000000034,5.648866334493272
8095,H37508,H,300.2,311.6,1662,28.8,162,0,0,0,0,0,0,11.400000000000034,5.012473910655587
8096,L55275,L,300.2,311.7,1493,48.3,167,0,0,0,0,0,0,11.5,7.5515405092133925
8097,M22956,M,300.2,311.7,1555,37.4,169,0,0,0,0,0,0,11.5,6.090186798494052
8098,L55277,L,300.3,311.7,1452,41.5,172,0,0,0,0,0,0,11.399999999999977,6.310203004000459
8099,L55278,L,300.2,311.6,1500,39.0,174,0,0,0,0,0,0,11.400000000000034,6.126105674500096
8100,L55279,L,300.2,311.7,1603,30.5,176,0,0,0,0,0,0,11.5,5.1199059074328455
8101,L55280,L,300.3,311.7,1682,27.8,178,0,0,0,0,0,0,11.399999999999977,4.896653861493243
8102,L55281,L,300.3,311.8,1567,37.7,180,0,0,0,0,0,0,11.5,6.18641378147351
8103,L55282,L,300.3,311.8,1413,46.0,182,0,0,0,0,0,0,11.5,6.806574643267645
8104,M22963,M,300.3,311.9,1429,41.6,184,0,0,0,0,0,0,11.599999999999966,6.225212450745342
8105,L55284,L,300.3,311.9,1692,31.5,187,0,0,0,0,0,0,11.599999999999966,5.581353508367627
8106,L55285,L,300.4,311.9,1476,48.7,189,0,0,0,0,0,0,11.5,7.527381661707288
8107,M22966,M,300.4,312.0,1596,30.4,191,0,0,0,0,0,0,11.600000000000023,5.080834966797701
8108,H37521,H,300.3,311.9,1390,49.0,194,0,0,0,0,0,0,11.599999999999966,7.1324625212000266
8109,M22968,M,300.3,311.8,1607,33.7,199,0,0,0,0,0,0,11.5,5.671192586284784
8110,L55289,L,300.3,311.7,1821,26.3,202,0,0,0,0,0,0,11.399999999999977,5.015269928117282
8111,H37524,H,300.3,311.8,2141,18.5,204,0,0,0,0,0,0,11.5,4.147792420657044
8112,M22971,M,300.4,311.8,1553,33.1,209,1,1,0,0,0,0,11.400000000000034,5.383045708097527
8113,M22972,M,300.4,311.8,1442,45.1,0,0,0,0,0,0,0,11.400000000000034,6.810365498402977
8114,L55293,L,300.4,311.7,1459,45.6,3,0,0,0,0,0,0,11.300000000000011,6.967047196013013
8115,H37528,H,300.4,311.8,2496,13.5,5,0,0,0,0,0,0,11.400000000000034,3.5286368685120557
8116,L55295,L,300.4,311.8,1367,57.2,10,0,0,0,0,0,0,11.400000000000034,8.188288980218486
8117,L55296,L,300.3,311.8,2004,19.6,12,0,0,0,0,0,0,11.5,4.113224429492044
8118,L55297,L,300.3,311.7,1406,47.5,14,0,0,0,0,0,0,11.399999999999977,6.993708845666478
8119,L55298,L,300.3,311.8,1548,33.0,16,0,0,0,0,0,0,11.5,5.349503970532701
8120,L55299,L,300.3,311.7,1333,55.2,18,0,0,0,0,0,0,11.399999999999977,7.705447133312758
8121,L55300,L,300.2,311.6,1767,26.4,20,0,0,0,0,0,0,11.400000000000034,4.885050912625985
8122,L55301,L,300.2,311.6,1827,27.0,22,0,0,0,0,0,0,11.400000000000034,5.165720800297697
8123,M22982,M,300.2,311.6,1533,46.4,24,0,0,0,0,0,0,11.400000000000034,7.448841845367543
8124,H37537,H,300.2,311.5,1515,36.8,27,0,0,0,0,0,0,11.300000000000011,5.83833578743127
8125,L55304,L,300.2,311.4,1568,41.0,32,0,0,0,0,0,0,11.199999999999989,6.732223617132687
8126,L55305,L,300.2,311.4,1452,47.8,34,0,0,0,0,0,0,11.199999999999989,7.268137435933058
8127,L55306,L,300.2,311.4,1433,37.9,36,0,0,0,0,0,0,11.199999999999989,5.687403204377305
8128,M22987,M,300.1,311.3,1650,33.8,38,0,0,0,0,0,0,11.199999999999989,5.8402207430234245
8129,L55308,L,300.1,311.4,1629,31.3,41,0,0,0,0,0,0,11.299999999999955,5.339419458114676
8130,L55309,L,300.0,311.3,1520,39.2,43,0,0,0,0,0,0,11.300000000000011,6.2396218890498085
8131,H37544,H,300.0,311.2,1393,43.1,45,0,0,0,0,0,0,11.199999999999989,6.28719607380067
8132,H37545,H,299.9,311.2,1364,49.6,50,0,0,0,0,0,0,11.300000000000011,7.084752200767511
8133,M22992,M,299.9,311.3,1389,50.0,55,0,0,0,0,0,0,11.400000000000034,7.272786993060372
8134,L55313,L,299.8,311.1,1466,46.1,58,0,0,0,0,0,0,11.300000000000011,7.077233322349919
8135,L55314,L,299.7,311.1,1650,32.4,60,0,0,0,0,0,0,11.400000000000034,5.59831810869701
8136,L55315,L,299.6,311.0,1554,36.3,62,0,0,0,0,0,0,11.399999999999977,5.907262330251031
8137,M22996,M,299.6,310.9,1474,39.7,64,0,0,0,0,0,0,11.299999999999955,6.127969686141227
8138,H37551,H,299.5,310.8,1600,32.4,67,0,0,0,0,0,0,11.300000000000011,5.428672105403162
8139,L55318,L,299.5,310.8,1356,54.9,72,0,0,0,0,0,0,11.300000000000011,7.795799338029999
8140,L55319,L,299.5,310.8,1571,38.2,74,0,0,0,0,0,0,11.300000000000011,6.2844628881920475
8141,L55320,L,299.6,310.9,1658,28.0,76,0,0,0,0,0,0,11.299999999999955,4.861509911675085
8142,L55321,L,299.6,310.8,1393,49.9,78,0,0,0,0,0,0,11.199999999999989,7.279143482196134
8143,M23002,M,299.7,311.0,1448,49.8,80,0,0,0,0,0,0,11.300000000000011,7.5513834295807145
8144,L55323,L,299.7,310.9,1477,40.4,83,0,0,0,0,0,0,11.199999999999989,6.248711563794194
8145,M23004,M,299.7,311.0,1506,42.7,85,0,0,0,0,0,0,11.300000000000011,6.734129516675866
8146,M23005,M,299.7,310.9,1685,32.1,88,0,0,0,0,0,0,11.199999999999989,5.664134474789718
8147,L55326,L,299.6,310.9,1533,31.8,91,0,0,0,0,0,0,11.299999999999955,5.105025230230342
8148,L55327,L,299.5,310.8,1447,41.0,93,0,0,0,0,0,0,11.300000000000011,6.212708911984055
8149,M23008,M,299.5,310.7,1488,39.5,95,0,0,0,0,0,0,11.199999999999989,6.155008326913124
8150,M23009,M,299.6,310.8,1427,50.4,98,0,0,0,0,0,0,11.199999999999989,7.531528564010025
8151,M23010,M,299.5,310.7,1424,41.3,101,0,0,0,0,0,0,11.199999999999989,6.158694462293334
8152,L55331,L,299.5,310.7,1472,40.9,104,0,0,0,0,0,0,11.199999999999989,6.304631913028093
8153,L55332,L,299.5,310.7,1438,45.7,106,0,0,0,0,0,0,11.199999999999989,6.881826259296634
8154,L55333,L,299.6,310.8,1507,42.4,108,0,0,0,0,0,0,11.199999999999989,6.691257248929875
8155,L55334,L,299.6,310.7,1393,52.1,110,0,0,0,0,0,0,11.099999999999966,7.600067643735844
8156,L55335,L,299.5,310.8,1283,52.4,112,0,0,0,0,0,0,11.300000000000011,7.040225360890631
8157,L55336,L,299.6,310.8,1644,30.9,114,0,0,0,0,0,0,11.199999999999989,5.319721672176669
8158,L55337,L,299.6,310.8,1498,46.9,116,0,0,0,0,0,0,11.199999999999989,7.35721205963784
8159,L55338,L,299.6,310.8,1400,40.8,118,0,0,0,0,0,0,11.199999999999989,5.981592412434966
8160,H37573,H,299.6,310.9,1679,31.2,120,0,0,0,0,0,0,11.299999999999955,5.485723427992353
8161,M23020,M,299.7,311.1,1618,30.3,125,0,0,0,0,0,0,11.400000000000034,5.133927882643368
8162,H37575,H,299.6,311.0,1714,30.2,128,0,0,0,0,0,0,11.399999999999977,5.420587740307924
8163,L55342,L,299.6,311.0,1574,35.0,133,0,0,0,0,0,0,11.399999999999977,5.769011309542057
8164,L55343,L,299.7,311.1,1574,36.4,135,0,0,0,0,0,0,11.400000000000034,5.999771761923738
8165,L55344,L,299.6,310.9,1472,40.9,137,0,0,0,0,0,0,11.299999999999955,6.304631913028093
8166,L55345,L,299.6,311.0,1552,33.2,139,0,0,0,0,0,0,11.399999999999977,5.395831990197637
8167,L55346,L,299.7,311.1,1603,31.4,141,0,0,0,0,0,0,11.400000000000034,5.270985098143979
8168,H37581,H,299.7,311.1,1353,47.1,143,0,0,0,0,0,0,11.400000000000034,6.673402530681974
8169,L55348,L,299.7,311.1,1690,30.6,148,0,0,0,0,0,0,11.400000000000034,5.415477416258085
8170,M23029,M,299.8,311.2,1745,26.3,150,0,0,0,0,0,0,11.399999999999977,4.805956081584106
8171,L55350,L,299.9,311.3,1522,45.7,153,0,0,0,0,0,0,11.400000000000034,7.283824455249983
8172,H37585,H,300.0,311.4,1641,34.5,155,0,0,0,0,0,0,11.399999999999977,5.928656576221979
8173,L55352,L,299.9,311.4,1596,28.9,160,0,0,0,0,0,0,11.5,4.830135873041235
8174,H37587,H,299.9,311.4,1497,37.0,162,0,0,0,0,0,0,11.5,5.800322516322836
8175,L55354,L,299.9,311.3,1371,52.3,167,0,0,0,0,0,0,11.400000000000034,7.508752017271499
8176,M23035,M,299.9,311.3,1445,41.2,169,0,0,0,0,0,0,11.400000000000034,6.234385901293826
8177,L55356,L,299.8,311.2,1564,40.0,172,0,0,0,0,0,0,11.399999999999977,6.5512678802859154
8178,L55357,L,299.7,311.1,1439,44.9,174,0,0,0,0,0,0,11.400000000000034,6.766058570011849
8179,L55358,L,299.7,311.2,1352,52.1,176,0,0,0,0,0,0,11.5,7.376375774824739
8180,L55359,L,299.8,311.3,1560,35.4,178,0,0,0,0,0,0,11.5,5.78304375672809
8181,M23040,M,299.7,311.2,1616,42.3,180,0,0,0,0,0,0,11.5,7.158307356763559
8182,L55361,L,299.7,311.2,1835,23.7,183,0,0,0,0,0,0,11.5,4.554209790276443
8183,M23042,M,299.7,311.1,1649,32.7,185,0,0,0,0,0,0,11.400000000000034,5.646730051488831
8184,L55363,L,299.8,311.1,1452,47.3,188,0,0,0,0,0,0,11.300000000000011,7.192110893716185
8185,L55364,L,299.8,311.1,2144,17.7,190,0,0,0,0,0,0,11.300000000000011,3.973989043084944
8186,L55365,L,299.7,311.1,1554,41.0,192,0,0,0,0,0,0,11.400000000000034,6.672114477694002
8187,L55366,L,299.7,311.0,1827,25.4,194,0,0,0,0,0,0,11.300000000000011,4.859604012131907
8188,L55367,L,299.6,310.9,1448,46.3,196,0,0,0,0,0,0,11.299999999999955,7.0206637106342775
8189,M23048,M,299.6,310.9,1530,38.8,198,0,0,0,0,0,0,11.299999999999955,6.216583542923482
8190,L55369,L,299.7,311.0,1983,21.0,201,0,0,0,0,0,0,11.300000000000011,4.360844762447992
8191,M23050,M,299.7,310.9,1620,37.2,203,0,0,0,0,0,0,11.199999999999989,6.310831322531177
8192,M23051,M,299.6,310.9,1630,29.8,206,0,0,0,0,0,0,11.299999999999955,5.086657385182353
8193,L55372,L,299.6,310.9,1229,65.2,209,1,0,0,0,1,0,11.299999999999955,8.391277753542434
8194,L55373,L,299.5,310.8,1873,22.3,211,0,0,0,0,0,0,11.300000000000011,4.373924259862438
8195,L55374,L,299.4,310.7,1426,45.7,213,0,0,0,0,0,0,11.300000000000011,6.824397945589011
8196,L55375,L,299.4,310.8,1376,53.9,215,1,0,0,0,1,0,11.400000000000034,7.766687246106735
8197,L55376,L,299.4,310.8,1622,33.6,217,0,0,0,0,0,0,11.400000000000034,5.707142878217361
8198,M23057,M,299.4,310.7,1492,45.7,219,0,0,0,0,0,0,11.300000000000011,7.14025367098093
8199,M23058,M,299.3,310.7,1374,48.9,222,0,0,0,0,0,0,11.399999999999977,7.035973738832773
8200,L55379,L,299.2,310.7,1737,27.0,225,1,1,0,0,0,0,11.5,4.9112517953569235
8201,L55380,L,299.3,310.8,1426,42.4,0,0,0,0,0,0,0,11.5,6.3316077219469165
8202,M23061,M,299.3,310.9,1826,25.1,2,0,0,0,0,0,0,11.599999999999966,4.799578648497318
8203,L55382,L,299.3,310.9,1669,32.4,5,0,0,0,0,0,0,11.599999999999966,5.662783589948672
8204,M23063,M,299.4,310.9,1473,40.1,7,0,0,0,0,0,0,11.5,6.185513191579479
8205,L55384,L,299.4,310.9,1751,27.8,10,0,0,0,0,0,0,11.5,5.097527295763775
8206,M23065,M,299.4,310.9,1446,47.3,12,0,0,0,0,0,0,11.5,7.162391427213226
8207,L55386,L,299.3,310.8,1483,43.5,15,0,0,0,0,0,0,11.5,6.755523762646812
8208,L55387,L,299.2,310.7,1535,42.6,17,0,0,0,0,0,0,11.5,6.847729507029673
8209,L55388,L,299.2,310.7,1477,44.0,19,0,0,0,0,0,0,11.5,6.805527445716448
8210,L55389,L,299.3,310.8,1391,46.9,21,0,0,0,0,0,0,11.5,6.831696912520853
8211,H37624,H,299.2,310.7,1636,29.4,23,0,0,0,0,0,0,11.5,5.036852669647444
8212,L55391,L,299.2,310.6,1675,33.3,28,0,0,0,0,0,0,11.400000000000034,5.841006141186822
8213,H37626,H,299.2,310.5,1329,48.9,30,0,0,0,0,0,0,11.300000000000011,6.805537917691962
8214,M23073,M,299.2,310.5,1548,33.5,35,0,0,0,0,0,0,11.300000000000011,5.430557060995317
8215,L55394,L,299.2,310.5,1391,45.8,38,0,0,0,0,0,0,11.300000000000011,6.67146521521226
8216,L55395,L,299.1,310.5,1437,43.1,40,0,0,0,0,0,0,11.399999999999977,6.485786617409593
8217,L55396,L,299.2,310.6,1370,61.9,42,0,0,0,0,0,0,11.400000000000034,8.880549393412508
8218,L55397,L,299.1,310.6,1577,37.1,44,0,0,0,0,0,0,11.5,6.126807296859398
8219,L55398,L,299.1,310.5,1485,37.8,46,0,0,0,0,0,0,11.399999999999977,5.878234014131861
8220,L55399,L,299.0,310.4,1504,34.3,48,0,0,0,0,0,0,11.399999999999977,5.402198951308911
8221,M23080,M,298.9,310.3,1551,35.2,50,0,0,0,0,0,0,11.400000000000034,5.717195974708851
8222,M23081,M,299.1,310.5,1428,43.0,53,0,0,0,0,0,0,11.399999999999977,6.430211843367589
8223,L55402,L,299.0,310.5,1755,27.9,56,0,0,0,0,0,0,11.5,5.127550449556581
8224,L55403,L,299.1,310.5,1329,54.9,58,0,0,0,0,0,0,11.399999999999977,7.640573245016127
8225,L55404,L,299.1,310.5,1496,35.2,60,0,0,0,0,0,0,11.399999999999977,5.514458528797189
8226,L55405,L,299.1,310.5,1532,36.6,62,0,0,0,0,0,0,11.399999999999977,5.871762333265467
8227,L55406,L,299.1,310.5,1389,61.4,64,0,0,0,0,0,0,11.399999999999977,8.930982427478135
8228,M23087,M,299.1,310.4,1524,51.4,66,0,0,0,0,0,0,11.299999999999955,8.20307540964138
8229,M23088,M,299.1,310.4,1422,49.3,69,0,0,0,0,0,0,11.299999999999955,7.341336544761699
8230,L55409,L,299.1,310.5,1739,27.4,72,0,0,0,0,0,0,11.399999999999977,4.98974972379462
8231,L55410,L,299.1,310.5,1736,26.9,74,0,0,0,0,0,0,11.399999999999977,4.8902450124799195
8232,L55411,L,299.1,310.5,1419,48.8,76,0,0,0,0,0,0,11.399999999999977,7.251549826722103
8233,L55412,L,299.1,310.6,1326,49.7,78,0,0,0,0,0,0,11.5,6.9012622458468424
8234,M23093,M,299.1,310.6,1449,43.2,80,0,0,0,0,0,0,11.5,6.555121567274318
8235,L55414,L,299.2,310.6,1534,39.7,83,0,0,0,0,0,0,11.400000000000034,6.377412142836257
8236,M23095,M,299.2,310.6,1443,50.9,85,0,0,0,0,0,0,11.400000000000034,7.691529877857354
8237,L55416,L,299.2,310.6,1498,41.1,88,0,0,0,0,0,0,11.400000000000034,6.44736493925619
8238,L55417,L,299.1,310.6,1796,26.0,90,0,0,0,0,0,0,11.5,4.889993685067633
8239,L55418,L,299.1,310.4,1519,45.3,92,0,0,0,0,0,0,11.299999999999955,7.205839653612373
8240,L55419,L,299.0,310.4,1339,49.6,94,0,0,0,0,0,0,11.399999999999977,6.954899704419132
8241,L55420,L,299.0,310.4,1483,41.5,96,0,0,0,0,0,0,11.399999999999977,6.444924968961902
8242,M23101,M,298.9,310.2,2099,20.0,98,0,0,0,0,0,0,11.300000000000011,4.396135319923317
8243,M23102,M,299.0,310.3,1689,29.7,101,0,0,0,0,0,0,11.300000000000011,5.253088491994029
8244,H37657,H,299.1,310.4,1369,54.5,104,0,0,0,0,0,0,11.299999999999955,7.813193289355375
8245,L55424,L,299.0,310.4,1512,38.8,109,0,0,0,0,0,0,11.399999999999977,6.143447265947912
8246,M23105,M,299.0,310.3,1303,68.6,111,1,0,0,1,0,0,11.300000000000011,9.360459087174883
8247,L55426,L,299.0,310.3,1552,39.9,114,0,0,0,0,0,0,11.300000000000011,6.484749891833908
8248,L55427,L,299.0,310.4,1713,28.0,116,0,0,0,0,0,0,11.399999999999977,5.022778334559361
8249,L55428,L,298.9,310.3,1456,44.1,118,0,0,0,0,0,0,11.400000000000034,6.724013588331306
8250,L55429,L,299.0,310.4,1524,39.8,120,0,0,0,0,0,0,11.399999999999977,6.351797690733987
8251,M23110,M,299.0,310.4,1394,45.2,122,0,0,0,0,0,0,11.399999999999977,6.598266106383618
8252,L55431,L,299.0,310.4,1981,21.2,125,0,0,0,0,0,0,11.399999999999977,4.397936499711374
8253,L55432,L,299.0,310.4,1565,36.1,127,0,0,0,0,0,0,11.399999999999977,5.916299645117859
8254,L55433,L,299.1,310.4,1657,31.0,129,0,0,0,0,0,0,11.299999999999955,5.379139661231563
8255,M23114,M,299.0,310.4,1625,37.1,131,0,0,0,0,0,0,11.399999999999977,6.313292236776489
8256,L55435,L,299.0,310.4,1606,31.1,134,0,0,0,0,0,0,11.399999999999977,5.230395721059598
8257,H37670,H,299.0,310.5,1336,56.8,136,0,0,0,0,0,0,11.5,7.946637673304357
8258,M23117,M,299.0,310.6,1587,34.2,141,0,0,0,0,0,0,11.600000000000023,5.683706597021581
8259,L55438,L,299.1,310.6,1602,39.7,144,0,0,0,0,0,0,11.5,6.6601135937572895
8260,L55439,L,299.1,310.5,1471,38.4,146,0,0,0,0,0,0,11.399999999999977,5.91524197559115
8261,H37674,H,299.1,310.6,1332,48.0,148,0,0,0,0,0,0,11.5,6.6953622633305665
8262,H37675,H,299.2,310.6,1434,48.4,153,0,0,0,0,0,0,11.400000000000034,7.26813743593306
8263,L55442,L,299.1,310.6,1921,23.9,158,0,0,0,0,0,0,11.5,4.8078829250783075
8264,H37677,H,299.2,310.6,1704,30.6,160,0,0,0,0,0,0,11.400000000000034,5.460339359351347
8265,M23124,M,299.1,310.6,1397,49.5,165,0,0,0,0,0,0,11.5,7.241528146157153
8266,H37679,H,299.1,310.6,1791,28.0,168,0,0,0,0,0,0,11.5,5.251486279740698
8267,L55446,L,299.1,310.6,1818,24.1,173,0,0,0,0,0,0,11.5,4.58817040686175
8268,L55447,L,299.2,310.7,1540,36.3,175,0,0,0,0,0,0,11.5,5.85404375069922
8269,M23128,M,299.2,310.8,1502,39.8,177,0,0,0,0,0,0,11.600000000000023,6.2601050731512125
8270,H37683,H,299.2,310.8,1761,30.4,180,0,0,0,0,0,0,11.600000000000023,5.606109258477914
8271,M23130,M,299.1,310.8,1517,38.4,185,0,0,0,0,0,0,11.699999999999989,6.100218951034517
8272,L55451,L,299.1,310.7,1309,51.1,188,0,0,0,0,0,0,11.599999999999966,7.004693947978531
8273,L55452,L,298.9,310.6,1363,52.6,190,0,0,0,0,0,0,11.700000000000045,7.507757179597863
8274,M23133,M,299.0,310.6,1787,22.2,192,0,0,0,0,0,0,11.600000000000023,4.15437929325407
8275,L55454,L,298.9,310.5,1640,29.2,195,0,0,0,0,0,0,11.600000000000023,5.014819633170267
8276,M23135,M,298.9,310.6,1720,25.3,197,0,0,0,0,0,0,11.700000000000045,4.5569848637871155
8277,L55456,L,298.8,310.5,1384,52.8,200,0,0,0,0,0,0,11.699999999999989,7.652417049320162
8278,H37691,H,298.8,310.5,1294,55.8,202,0,0,0,0,0,0,11.699999999999989,7.561310862366057
8279,L55458,L,298.8,310.5,1464,46.4,207,0,0,0,0,0,0,11.699999999999989,7.113571077376441
8280,L55459,L,298.8,310.6,1803,25.4,209,0,0,0,0,0,0,11.800000000000011,4.795766849410963
8281,L55460,L,298.8,310.6,1602,39.1,211,0,0,0,0,0,0,11.800000000000011,6.559456965136272
8282,H37695,H,298.9,310.6,1519,38.8,213,0,0,0,0,0,0,11.700000000000045,6.171889151438411
8283,M23142,M,298.9,310.7,1638,33.6,218,0,0,0,0,0,0,11.800000000000011,5.7634402185696905
8284,H37697,H,298.9,310.6,1615,33.0,221,0,0,0,0,0,0,11.700000000000045,5.581039349102268
8285,L55464,L,298.8,310.6,1651,33.3,0,0,0,0,0,0,0,11.800000000000011,5.757314112895191
8286,L55465,L,298.9,310.6,1387,52.7,2,0,0,0,0,0,0,11.700000000000045,7.654480028496019
8287,M23146,M,298.8,310.5,1678,32.8,4,0,0,0,0,0,0,11.699999999999989,5.763607770177881
8288,L55467,L,298.9,310.6,1585,38.1,7,0,0,0,0,0,0,11.700000000000045,6.323868932043575
8289,M23148,M,298.8,310.6,1640,33.8,9,0,0,0,0,0,0,11.800000000000011,5.80482546579298
8290,L55469,L,298.9,310.6,1406,43.8,12,0,0,0,0,0,0,11.700000000000045,6.4489357355829835
8291,M23150,M,298.9,310.6,1679,35.8,14,0,0,0,0,0,0,11.700000000000045,6.2945159846835335
8292,L55471,L,298.9,310.5,1717,26.9,17,0,0,0,0,0,0,11.600000000000023,4.836722745638261
8293,H37706,H,298.9,310.5,1429,39.9,19,0,0,0,0,0,0,11.600000000000023,5.970816749633153
8294,M23153,M,298.9,310.4,1533,44.4,24,0,0,0,0,0,0,11.5,7.127771076170665
8295,M23154,M,298.9,310.5,1525,38.5,27,0,0,0,0,0,0,11.600000000000023,6.148358622463024
8296,L55475,L,298.9,310.4,1739,26.3,30,0,0,0,0,0,0,11.5,4.789431304226223
8297,L55476,L,298.9,310.3,1436,39.0,32,0,0,0,0,0,0,11.400000000000034,5.864725165721426
8298,M23157,M,298.8,310.2,1595,33.1,34,0,0,0,0,0,0,11.399999999999977,5.5286271116648775
8299,H37712,H,298.7,310.1,1435,45.6,37,0,0,0,0,0,0,11.400000000000034,6.852441896010057
8300,L55479,L,298.7,310.0,1637,31.8,42,0,0,0,0,0,0,11.300000000000011,5.45135440436208
8301,L55480,L,298.7,310.1,1558,37.6,44,0,0,0,0,0,0,11.400000000000034,6.134567030713765
8302,M23161,M,298.7,310.1,1644,34.1,46,0,0,0,0,0,0,11.400000000000034,5.870631359910175
8303,L55482,L,298.7,310.1,1641,31.1,49,0,0,0,0,0,0,11.400000000000034,5.344383174507349
8304,L55483,L,298.8,310.2,1504,41.0,51,0,0,0,0,0,0,11.399999999999977,6.457438979698699
8305,M23164,M,298.7,310.1,1506,50.7,53,0,0,0,0,0,0,11.400000000000034,7.995793126357526
8306,H37719,H,298.8,310.1,1380,44.0,56,0,0,0,0,0,0,11.300000000000011,6.358583530865741
8307,M23166,M,298.7,310.1,1549,42.5,61,0,0,0,0,0,0,11.400000000000034,6.893963278915002
8308,M23167,M,298.7,310.1,1402,69.7,64,1,0,0,1,0,0,11.400000000000034,10.233151638440082
8309,L55488,L,298.7,310.1,1401,45.3,67,0,0,0,0,0,0,11.400000000000034,6.646070674595743
8310,M23169,M,298.7,310.0,1459,40.2,69,0,0,0,0,0,0,11.300000000000011,6.142002133327261
8311,L55490,L,298.7,309.9,1465,39.7,72,0,0,0,0,0,0,11.199999999999989,6.090553317636973
8312,M23171,M,298.8,310.0,1295,52.7,74,0,0,0,0,0,0,11.199999999999989,7.14675676777386
8313,M23172,M,298.8,310.0,1529,38.5,77,0,0,0,0,0,0,11.199999999999989,6.164485464751452
8314,M23173,M,298.8,310.0,1484,44.9,80,0,0,0,0,0,0,11.199999999999989,6.977644835231121
8315,L55494,L,298.8,309.9,1739,30.6,83,0,0,0,0,0,0,11.099999999999966,5.572494217084503
8316,H37729,H,298.7,309.8,1422,40.7,85,0,0,0,0,0,0,11.100000000000023,6.060697715452358
8317,L55496,L,298.8,309.8,1463,40.0,90,0,0,0,0,0,0,11.0,6.12820006960249
8318,L55497,L,298.7,309.7,1667,30.4,92,0,0,0,0,0,0,11.0,5.306862086247974
8319,H37732,H,298.7,309.7,1565,39.3,94,0,0,0,0,0,0,11.0,6.440736178757113
8320,L55499,L,298.7,309.7,1393,45.7,99,0,0,0,0,0,0,11.0,6.666470082893053
8321,M23180,M,298.8,309.7,1453,47.7,101,0,0,0,0,0,0,10.899999999999977,7.257927259808891
8322,L55501,L,298.8,309.6,1442,50.0,104,0,0,0,0,0,0,10.800000000000011,7.550294344127471
8323,L55502,L,298.7,309.6,1364,44.9,106,0,0,0,0,0,0,10.900000000000034,6.413414794646394
8324,H37737,H,298.7,309.5,1453,40.4,108,0,0,0,0,0,0,10.800000000000011,6.147175289230172
8325,M23184,M,298.7,309.5,1394,46.0,113,0,0,0,0,0,0,10.800000000000011,6.715049577293063
8326,M23185,M,298.7,309.5,1500,38.8,116,0,0,0,0,0,0,10.800000000000011,6.094689747964198
8327,H37740,H,298.6,309.5,1523,34.2,119,0,0,0,0,0,0,10.899999999999977,5.4544959970156714
8328,M23187,M,298.7,309.6,1254,57.1,124,0,0,0,0,0,0,10.900000000000034,7.498290513735046
8329,L55508,L,298.6,309.5,1325,52.2,127,0,0,0,0,0,0,10.899999999999977,7.242941862851269
8330,L55509,L,298.8,309.7,1424,49.6,129,0,0,0,0,0,0,10.899999999999977,7.396398192003618
8331,L55510,L,298.8,309.7,1505,39.0,131,0,0,0,0,0,0,10.899999999999977,6.14652602674843
8332,M23191,M,298.8,309.7,1392,48.7,133,0,0,0,0,0,0,10.899999999999977,7.098994087463783
8333,L55512,L,298.8,309.7,1529,44.0,136,0,0,0,0,0,0,10.899999999999977,7.045126245430231
8334,M23193,M,298.8,309.7,1477,48.5,138,0,0,0,0,0,0,10.899999999999977,7.501547298119268
8335,M23194,M,298.8,309.7,1459,47.3,141,0,0,0,0,0,0,10.899999999999977,7.226783604636305
8336,M23195,M,299.0,309.8,2240,15.9,144,0,0,0,0,0,0,10.800000000000011,3.729698798341802
8337,L55516,L,298.9,309.7,1449,48.8,147,0,0,0,0,0,0,10.800000000000011,7.404859548217285
8338,M23197,M,298.8,309.7,1589,35.3,149,0,0,0,0,0,0,10.899999999999977,5.873909088245419
8339,L55518,L,298.8,309.7,1740,28.5,152,0,0,0,0,0,0,10.899999999999977,5.193052656383927
8340,M23199,M,298.8,309.7,1499,40.3,154,0,0,0,0,0,0,10.899999999999977,6.32608899085211
8341,M23200,M,298.8,309.7,1480,38.1,157,0,0,0,0,0,0,10.899999999999977,5.904937551687375
8342,L55521,L,298.8,309.7,1751,29.6,160,0,0,0,0,0,0,10.899999999999977,5.4275830199499175
8343,L55522,L,298.7,309.7,1510,40.6,162,0,0,0,0,0,0,11.0,6.4199493073658624
8344,H37757,H,298.8,309.8,1437,48.2,164,0,0,0,0,0,0,11.0,7.253246286755043
8345,L55524,L,298.8,309.7,1609,40.4,169,0,0,0,0,0,0,10.899999999999977,6.8071610738963155
8346,H37759,H,298.8,309.8,1490,35.9,171,0,0,0,0,0,0,11.0,5.601564421105721
8347,L55526,L,298.7,309.7,1601,35.7,176,0,0,0,0,0,0,11.0,5.985330907692739
8348,L55527,L,298.7,309.6,1665,31.1,178,0,0,0,0,0,0,10.900000000000034,5.422545999728663
8349,M23208,M,298.7,309.6,1452,42.7,180,0,0,0,0,0,0,10.900000000000034,6.492666705320954
8350,M23209,M,298.7,309.5,1487,33.6,183,0,0,0,0,0,0,10.800000000000011,5.2321340689945846
8351,M23210,M,298.7,309.6,1382,48.1,186,0,0,0,0,0,0,10.900000000000034,6.961161945775288
8352,M23211,M,298.7,309.6,1686,26.2,189,0,0,0,0,0,0,10.900000000000034,4.625806686851754
8353,L55532,L,298.6,309.6,1491,36.9,192,0,0,0,0,0,0,11.0,5.76146101519793
8354,L55533,L,298.7,309.6,1442,55.6,194,0,0,0,0,0,0,10.900000000000034,8.395927310669746
8355,L55534,L,298.6,309.6,1390,50.3,196,0,0,0,0,0,0,11.0,7.321691118701253
8356,L55535,L,298.7,309.6,1502,46.7,198,0,0,0,0,0,0,10.900000000000034,7.345399671260344
8357,M23216,M,298.6,309.6,1344,59.4,200,0,0,0,0,0,0,11.0,8.36015504232087
8358,L55537,L,298.5,309.5,1385,46.3,203,1,1,0,0,0,0,11.0,6.7152066569257425
8359,L55538,L,298.7,309.7,1547,37.4,0,0,0,0,0,0,0,11.0,6.05885464776225
8360,M23219,M,298.6,309.6,1525,42.4,2,0,0,0,0,0,0,11.0,6.771179366037201
8361,L55540,L,298.6,309.6,1540,35.8,5,0,0,0,0,0,0,11.0,5.773409539257083
8362,L55541,L,298.6,309.5,1450,44.3,7,0,0,0,0,0,0,10.899999999999977,6.726673470111344
8363,L55542,L,298.6,309.6,1353,62.5,9,0,0,0,0,0,0,11.0,8.855364292306227
8364,L55543,L,298.8,309.7,1582,45.0,11,0,0,0,0,0,0,10.899999999999977,7.454999366968579
8365,L55544,L,298.9,309.8,1396,49.0,13,0,0,0,0,0,0,10.900000000000034,7.163250129205206
8366,M23225,M,298.8,309.8,1551,36.6,15,0,0,0,0,0,0,11.0,5.944584450975678
8367,M23226,M,298.9,309.8,1836,22.8,18,0,0,0,0,0,0,10.900000000000034,4.383652725113055
8368,L55547,L,298.9,309.8,1390,49.9,21,0,0,0,0,0,0,10.900000000000034,7.26346693485472
8369,L55548,L,298.9,309.8,1534,42.1,23,0,0,0,0,0,0,10.900000000000034,6.762948393284796
8370,L55549,L,298.8,309.7,1953,20.6,25,0,0,0,0,0,0,10.899999999999977,4.213064244023129
8371,L55550,L,298.8,309.8,1634,33.6,27,0,0,0,0,0,0,11.0,5.749365883481608
8372,L55551,L,298.7,309.7,1881,21.7,29,0,0,0,0,0,0,11.0,4.274419548547737
8373,M23232,M,298.8,309.7,1448,44.8,31,0,0,0,0,0,0,10.899999999999977,6.793212402514377
8374,M23233,M,298.7,309.7,1362,50.5,34,0,0,0,0,0,0,11.0,7.2027294768853185
8375,L55554,L,298.8,309.7,1225,63.4,37,0,0,0,0,0,0,10.899999999999977,8.133059781368376
8376,M23235,M,298.8,309.6,1384,48.2,39,0,0,0,0,0,0,10.800000000000011,6.98572920032636
8377,L55556,L,298.8,309.8,1334,49.3,42,0,0,0,0,0,0,11.0,6.887020359150568
8378,L55557,L,298.8,309.7,1336,50.3,44,0,0,0,0,0,0,10.899999999999977,7.0372513198452324
8379,M23238,M,298.8,309.9,1331,61.6,46,0,0,0,0,0,0,11.099999999999966,8.585930834358859
8380,L55559,L,298.8,309.9,1629,31.9,49,0,0,0,0,0,0,11.099999999999966,5.4417725467686315
8381,L55560,L,298.9,310.0,1776,25.7,51,0,0,0,0,0,0,11.100000000000023,4.779744726877655
8382,H37795,H,298.8,310.0,1530,38.3,53,0,0,0,0,0,0,11.199999999999989,6.136472930256942
8383,L55562,L,298.9,310.0,1719,27.3,58,0,0,0,0,0,0,11.100000000000023,4.914361972083978
8384,M23243,M,298.8,309.9,1495,35.2,60,0,0,0,0,0,0,11.099999999999966,5.5107723934169766
8385,L55564,L,298.8,309.7,1450,43.1,63,0,0,0,0,0,0,10.899999999999977,6.544461096203138
8386,H37799,H,298.8,309.8,1563,38.8,65,0,0,0,0,0,0,11.0,6.350666717378695
8387,M23246,M,298.9,309.9,1501,37.1,70,0,0,0,0,0,0,11.0,5.831539475324006
8388,L55567,L,298.8,309.9,1351,47.2,73,0,0,0,0,0,0,11.099999999999966,6.6776855686663685
8389,L55568,L,298.9,309.9,1365,46.5,75,0,0,0,0,0,0,11.0,6.646824656832604
8390,L55569,L,298.8,309.9,1525,39.7,77,0,0,0,0,0,0,11.099999999999966,6.339995774332002
8391,M23250,M,298.8,309.8,1288,61.9,79,0,0,0,0,0,0,11.0,8.349012860376138
8392,L55571,L,298.6,309.6,1423,42.7,82,0,0,0,0,0,0,11.0,6.362992232556279
8393,M23252,M,298.5,309.6,1502,39.4,84,0,0,0,0,0,0,11.100000000000023,6.197189444275321
8394,L55573,L,298.5,309.5,1428,43.5,87,0,0,0,0,0,0,11.0,6.504981748523025
8395,M23254,M,298.6,309.5,1566,38.1,89,0,0,0,0,0,0,10.899999999999977,6.248062301312453
8396,M23255,M,298.5,309.5,1483,44.8,92,0,0,0,0,0,0,11.0,6.957412978542004
8397,H37810,H,298.6,309.6,1593,33.3,95,0,0,0,0,0,0,11.0,5.555058377857079
8398,L55577,L,298.5,309.6,1724,26.4,100,0,0,0,0,0,0,11.100000000000023,4.766173046614147
8399,L55578,L,298.5,309.7,2617,12.1,102,1,0,0,1,0,0,11.199999999999989,3.3160243496926105
8400,L55579,L,298.6,309.7,1294,59.4,104,0,0,0,0,0,0,11.099999999999966,8.049137369615481
8401,L55580,L,298.6,309.6,1533,40.7,106,0,0,0,0,0,0,11.0,6.533790153156445
8402,H37815,H,298.5,309.4,1671,31.8,108,0,0,0,0,0,0,10.899999999999977,5.564577403597458
8403,L55582,L,298.5,309.5,1370,52.4,113,0,0,0,0,0,0,11.0,7.517621780530136
8404,L55583,L,298.5,309.6,1462,45.1,115,0,0,0,0,0,0,11.100000000000023,6.90482271752091
8405,L55584,L,298.4,309.5,1545,36.6,117,0,0,0,0,0,0,11.100000000000023,5.921587992751402
8406,M23265,M,298.4,309.5,1484,41.7,119,0,0,0,0,0,0,11.100000000000023,6.480351662118882
8407,M23266,M,298.4,309.5,1344,45.3,122,0,0,0,0,0,0,11.100000000000023,6.375673794901269
8408,L55587,L,298.4,309.5,1357,50.1,125,0,0,0,0,0,0,11.100000000000023,7.119445855638652
8409,M23268,M,298.5,309.6,1572,33.0,127,0,0,0,0,0,0,11.100000000000023,5.432442016587471
8410,L55589,L,298.5,309.6,1861,26.9,130,0,0,0,0,0,0,11.100000000000023,5.242365189069775
8411,L55590,L,298.5,309.5,1548,44.5,132,0,0,0,0,0,0,11.0,7.213725051172884
8412,L55591,L,298.6,309.8,1496,37.7,134,0,0,0,0,0,0,11.199999999999989,5.906110412944717
8413,M23272,M,298.6,309.7,1314,49.7,136,0,0,0,0,0,0,11.099999999999966,6.838807383893478
8414,M23273,M,298.6,309.7,1422,49.7,139,0,0,0,0,0,0,11.099999999999966,7.4009011414737635
8415,L55594,L,298.6,309.8,1842,20.1,142,0,0,0,0,0,0,11.199999999999989,3.8771651575013073
8416,M23275,M,298.7,309.9,1434,53.0,144,0,0,0,0,0,0,11.199999999999989,7.958910828604382
8417,M23276,M,298.8,310.1,1585,31.3,147,0,0,0,0,0,0,11.300000000000011,5.195199411363881
8418,H37831,H,298.8,310.1,1704,30.7,150,0,0,0,0,0,0,11.300000000000011,5.478183605623737
8419,L55598,L,298.9,310.2,1971,23.2,155,0,0,0,0,0,0,11.300000000000011,4.788541186307706
8420,L55599,L,299.0,310.3,1431,39.9,157,0,0,0,0,0,0,11.300000000000011,5.979173386091702
8421,L55600,L,298.9,310.4,1546,37.7,159,0,0,0,0,0,0,11.5,6.1035071513452746
8422,L55601,L,298.9,310.3,1496,36.3,161,0,0,0,0,0,0,11.400000000000034,5.6867853578220995
8423,H37836,H,298.9,310.3,1243,63.0,163,0,0,0,0,0,0,11.400000000000034,8.200499303665438
8424,L55603,L,299.0,310.4,1452,46.2,168,0,0,0,0,0,0,11.399999999999977,7.024852500839065
8425,L55604,L,299.1,310.6,1380,44.7,170,0,0,0,0,0,0,11.5,6.459742814311333
8426,L55605,L,299.2,310.6,1567,38.4,172,0,0,0,0,0,0,11.400000000000034,6.301280880864263
8427,L55606,L,299.1,310.5,1628,35.9,174,0,0,0,0,0,0,11.399999999999977,6.120367031919539
8428,L55607,L,299.1,310.4,1505,46.1,176,0,0,0,0,0,0,11.299999999999955,7.265508970079555
8429,M23288,M,299.0,310.3,1827,28.0,178,0,0,0,0,0,0,11.300000000000011,5.357043792901315
8430,L55609,L,299.0,310.3,1577,40.0,181,0,0,0,0,0,0,11.300000000000011,6.605722152948138
8431,L55610,L,298.9,310.2,1304,57.2,183,0,0,0,0,0,0,11.300000000000011,7.810920870669279
8432,H37845,H,298.9,310.1,1324,54.6,185,0,0,0,0,0,0,11.200000000000045,7.570232985502253
8433,L55612,L,298.8,310.0,1537,39.9,190,0,0,0,0,0,0,11.199999999999989,6.42207511839479
8434,M23293,M,298.8,310.1,1501,48.7,192,0,0,0,0,0,0,11.300000000000011,7.654877963565474
8435,M23294,M,298.7,309.9,1654,29.1,195,0,0,0,0,0,0,11.199999999999989,5.040308421566393
8436,M23295,M,298.7,310.0,1519,38.1,198,0,0,0,0,0,0,11.300000000000011,6.060540635819678
8437,L55616,L,298.7,309.9,1371,51.3,201,0,0,0,0,0,0,11.199999999999989,7.3651812330024455
8438,L55617,L,298.7,309.8,1181,65.9,203,1,0,0,0,1,0,11.100000000000023,8.150118629477369
8439,L55618,L,298.6,309.8,1469,42.8,205,0,0,0,0,0,0,11.199999999999989,6.5840661075893925
8440,L55619,L,298.6,309.8,1637,34.6,207,0,0,0,0,0,0,11.199999999999989,5.931347873928553
8441,L55620,L,298.6,309.8,1370,56.0,0,0,0,0,0,0,0,11.199999999999989,8.034099612780297
8442,L55621,L,298.6,309.9,1630,30.6,2,0,0,0,0,0,0,11.299999999999955,5.22321194585839
8443,L55622,L,298.6,310.0,1517,39.0,4,0,0,0,0,0,0,11.399999999999977,6.195534872144431
8444,M23303,M,298.6,309.9,1668,32.3,6,0,0,0,0,0,0,11.299999999999955,5.641923414728837
8445,M23304,M,298.6,309.9,1818,24.9,9,0,0,0,0,0,0,11.299999999999955,4.740474818707782
8446,M23305,M,298.6,310.0,1541,36.9,12,0,0,0,0,0,0,11.399999999999977,5.954668963393702
8447,L55626,L,298.5,309.9,1482,42.1,15,0,0,0,0,0,0,11.399999999999977,6.533695905376836
8448,L55627,L,298.6,310.1,1439,49.9,17,0,0,0,0,0,0,11.5,7.519517208097802
8449,L55628,L,298.5,310.0,1492,41.2,19,0,0,0,0,0,0,11.5,6.437165235107535
8450,L55629,L,298.4,309.9,1725,27.8,21,0,0,0,0,0,0,11.5,5.021835856763284
8451,L55630,L,298.4,310.0,1559,44.2,23,0,0,0,0,0,0,11.600000000000023,7.216007941834493
8452,L55631,L,298.5,310.0,1435,42.5,25,0,0,0,0,0,0,11.5,6.3865960653602505
8453,M23312,M,298.6,310.0,1512,37.5,27,0,0,0,0,0,0,11.399999999999977,5.937610115284708
8454,L55633,L,298.6,309.9,1564,37.1,30,0,0,0,0,0,0,11.299999999999955,6.076300958965187
8455,L55634,L,298.6,310.0,1522,40.3,32,0,0,0,0,0,0,11.399999999999977,6.423153731872523
8456,L55635,L,298.6,309.9,1356,59.5,34,0,0,0,0,0,0,11.299999999999955,8.44899928256439
8457,L55636,L,298.6,309.9,1556,38.6,36,0,0,0,0,0,0,11.299999999999955,6.289636044094957
8458,L55637,L,298.6,309.9,1393,45.5,38,0,0,0,0,0,0,11.299999999999955,6.637295159116715
8459,L55638,L,298.7,309.9,1753,26.8,40,0,0,0,0,0,0,11.199999999999989,4.919775983423664
8460,L55639,L,298.7,309.9,1651,29.5,42,0,0,0,0,0,0,11.199999999999989,5.100323313225469
8461,L55640,L,298.7,309.9,1372,54.7,44,0,0,0,0,0,0,11.199999999999989,7.859050070122276
8462,L55641,L,298.7,309.9,1446,43.3,46,0,0,0,0,0,0,11.199999999999989,6.556692363601114
8463,M23322,M,298.7,309.8,1501,44.7,48,0,0,0,0,0,0,11.100000000000023,7.0261405538270365
8464,M23323,M,298.7,309.9,1411,45.1,51,0,0,0,0,0,0,11.199999999999989,6.663956808770181
8465,H37878,H,298.6,309.7,1672,27.5,54,0,0,0,0,0,0,11.099999999999966,4.815014340401957
8466,M23325,M,298.7,309.8,1475,40.5,59,0,0,0,0,0,0,11.100000000000023,6.255696371460674
8467,L55646,L,298.7,309.8,1469,38.4,62,0,0,0,0,0,0,11.100000000000023,5.90719949839796
8468,L55647,L,298.6,309.8,1704,28.3,64,0,0,0,0,0,0,11.199999999999989,5.049921695086377
8469,H37882,H,298.6,309.7,1463,39.1,66,0,0,0,0,0,0,11.099999999999966,5.990315568036434
8470,M23329,M,298.6,309.7,1280,64.1,71,0,0,0,0,0,0,11.099999999999966,8.592046468057845
8471,L55650,L,298.7,309.9,1464,38.0,74,0,0,0,0,0,0,11.199999999999989,5.825769416816912
8472,L55651,L,298.6,309.8,1332,46.4,76,0,0,0,0,0,0,11.199999999999989,6.472183521219549
8473,L55652,L,298.5,309.7,1634,37.8,78,0,0,0,0,0,0,11.199999999999989,6.468036618916809
8474,M23333,M,298.6,309.8,1430,43.1,80,0,0,0,0,0,0,11.199999999999989,6.454192667289991
8475,M23334,M,298.5,309.7,1523,44.6,83,0,0,0,0,0,0,11.199999999999989,7.1131731423069855
8476,M23335,M,298.5,309.7,1557,37.7,86,0,0,0,0,0,0,11.199999999999989,6.146934433793398
8477,L55656,L,298.5,309.6,1585,32.2,89,0,0,0,0,0,0,11.100000000000023,5.344582142042075
8478,H37891,H,298.5,309.6,1579,33.5,91,0,0,0,0,0,0,11.100000000000023,5.5393085266870825
8479,M23338,M,298.5,309.7,1354,60.8,96,0,0,0,0,0,0,11.199999999999989,8.620865344666775
8480,L55659,L,298.6,309.7,1627,33.4,99,0,0,0,0,0,0,11.099999999999966,5.690659988761528
8481,L55660,L,298.4,309.6,1477,35.6,101,0,0,0,0,0,0,11.200000000000045,5.506290387897855
8482,M23341,M,298.3,309.4,1595,29.0,103,0,0,0,0,0,0,11.099999999999966,4.843812273059863
8483,L55662,L,298.4,309.5,1520,38.1,106,0,0,0,0,0,0,11.100000000000023,6.064530458489737
8484,L55663,L,298.3,309.4,1618,31.5,108,0,0,0,0,0,0,11.099999999999966,5.337251759183699
8485,L55664,L,298.4,309.5,1397,50.3,110,0,0,0,0,0,0,11.100000000000023,7.358562944478884
8486,L55665,L,298.4,309.5,1450,47.9,112,0,0,0,0,0,0,11.100000000000023,7.273310591835969
8487,M23346,M,298.5,309.5,1501,40.2,114,0,0,0,0,0,0,11.0,6.318810967871294
8488,L55667,L,298.4,309.4,1392,50.1,117,0,0,0,0,0,0,11.0,7.303071946240976
8489,L55668,L,298.4,309.4,1385,43.2,119,0,0,0,0,0,0,11.0,6.265592388319483
8490,L55669,L,298.4,309.4,1461,46.3,121,0,0,0,0,0,0,11.0,7.083694531240801
8491,M23350,M,298.5,309.6,1364,58.7,123,0,0,0,0,0,0,11.100000000000023,8.384575689214774
8492,L55671,L,298.5,309.5,1579,38.6,126,0,0,0,0,0,0,11.0,6.3826062426901915
8493,M23352,M,298.4,309.5,1514,38.8,128,0,0,0,0,0,0,11.100000000000023,6.151573518945197
8494,M23353,M,298.3,309.5,1560,36.9,131,0,0,0,0,0,0,11.199999999999989,6.028087983708096
8495,L55674,L,298.3,309.5,1542,36.7,134,0,0,0,0,0,0,11.199999999999989,5.9262375498787145
8496,L55675,L,298.3,309.4,1668,27.1,136,0,0,0,0,0,0,11.099999999999966,4.733626146722957
8497,M23356,M,298.3,309.4,1816,22.6,138,0,0,0,0,0,0,11.099999999999966,4.297866301719028
8498,M23357,M,298.3,309.4,1509,34.2,141,0,0,0,0,0,0,11.099999999999966,5.404356178264378
8499,L55678,L,298.4,309.6,1479,37.8,144,0,0,0,0,0,0,11.200000000000045,5.854483573670722
8500,L55679,L,298.4,309.6,1655,30.2,146,0,0,0,0,0,0,11.200000000000045,5.233998080635716
8501,L55680,L,298.3,309.5,1711,30.3,148,0,0,0,0,0,0,11.199999999999989,5.429017680595058
8502,L55681,L,298.4,309.7,1581,34.6,150,0,0,0,0,0,0,11.300000000000011,5.728442876408701
8503,H37916,H,298.6,309.8,1279,55.9,152,0,0,0,0,0,0,11.199999999999989,7.4870540840107065
8504,L55683,L,298.5,309.8,1468,40.9,157,0,0,0,0,0,0,11.300000000000011,6.2874997610905154
8505,L55684,L,298.4,309.7,1419,41.3,159,0,0,0,0,0,0,11.300000000000011,6.1370698328611235
8506,L55685,L,298.4,309.7,1530,38.6,161,0,0,0,0,0,0,11.300000000000011,6.184539297856867
8507,L55686,L,298.4,309.6,1710,27.3,163,1,0,0,0,0,0,11.200000000000045,4.888632328251076
8508,L55687,L,298.4,309.7,1518,39.8,165,0,0,0,0,0,0,11.300000000000011,6.326790613211412
8509,M23368,M,298.4,309.7,1679,33.3,167,0,0,0,0,0,0,11.300000000000011,5.854954812568761
8510,M23369,M,298.4,309.7,1870,22.5,170,0,0,0,0,0,0,11.300000000000011,4.406083696659685
8511,L55690,L,298.3,309.7,1484,44.3,173,0,0,0,0,0,0,11.399999999999977,6.884402365272575
8512,L55691,L,298.4,309.7,1457,44.2,175,0,0,0,0,0,0,11.300000000000011,6.743889397853018
8513,H37926,H,298.3,309.6,1546,36.2,177,0,0,0,0,0,0,11.300000000000011,5.860662039222783
8514,M23373,M,298.2,309.5,1478,36.5,182,0,0,0,0,0,0,11.300000000000011,5.6493166294402855
8515,L55694,L,298.2,309.4,1447,47.1,185,0,0,0,0,0,0,11.199999999999989,7.137038774498755
8516,L55695,L,298.2,309.4,1443,45.4,187,0,0,0,0,0,0,11.199999999999989,6.860421541350174
8517,L55696,L,298.3,309.6,1527,30.9,189,0,0,0,0,0,0,11.300000000000011,4.941128341492562
8518,M23377,M,298.3,309.6,1469,54.8,191,0,0,0,0,0,0,11.300000000000011,8.430065950838754
8519,M23378,M,298.3,309.6,1681,27.1,194,0,0,0,0,0,0,11.300000000000011,4.770518916451613
8520,L55699,L,298.3,309.6,1420,44.1,197,0,0,0,0,0,0,11.300000000000011,6.557760505103334
8521,M23380,M,298.3,309.5,1543,49.9,199,0,0,0,0,0,0,11.199999999999989,8.062970849266787
8522,L55701,L,298.4,309.5,1376,50.4,202,0,0,0,0,0,0,11.100000000000023,7.262356905450452
8523,H37936,H,298.3,309.4,1631,29.8,0,0,0,0,0,0,0,11.099999999999966,5.08977803388492
8524,H37937,H,298.3,309.3,1529,41.7,5,0,0,0,0,0,0,11.0,6.676858282600924
8525,L55704,L,298.3,309.4,1468,46.2,10,0,0,0,0,0,0,11.099999999999966,7.102261343823517
8526,L55705,L,298.3,309.4,1378,52.3,12,0,0,0,0,0,0,11.099999999999966,7.547089919620807
8527,L55706,L,298.3,309.3,1401,51.9,14,0,0,0,0,0,0,11.0,7.614372362285189
8528,L55707,L,298.4,309.3,1531,37.4,16,0,0,0,0,0,0,10.900000000000034,5.996190346298646
8529,L55708,L,298.4,309.3,1512,35.8,18,0,0,0,0,0,0,10.900000000000034,5.668438456725135
8530,M23389,M,298.5,309.4,1522,47.4,20,0,0,0,0,0,0,10.899999999999977,7.55477634964659
8531,M23390,M,298.5,309.3,1615,31.8,23,0,0,0,0,0,0,10.800000000000011,5.378092463680367
8532,L55711,L,298.6,309.3,1449,46.5,26,0,0,0,0,0,0,10.699999999999989,7.0558600203299955
8533,L55712,L,298.6,309.4,1315,55.5,28,0,0,0,0,0,0,10.799999999999955,7.6427095280205695
8534,M23393,M,298.6,309.4,1465,41.1,30,0,0,0,0,0,0,10.799999999999955,6.305333535387394
8535,M23394,M,298.6,309.5,1404,43.3,33,0,0,0,0,0,0,10.899999999999977,6.3662490169405
8536,L55715,L,298.6,309.5,1547,44.8,36,0,0,0,0,0,0,10.899999999999977,7.257665460421093
8537,M23396,M,298.6,309.5,1426,45.4,38,0,0,0,0,0,0,10.899999999999977,6.779598834348819
8538,L55717,L,298.6,309.5,1730,30.2,41,0,0,0,0,0,0,10.899999999999977,5.471188325981744
8539,L55718,L,298.5,309.4,1548,37.7,43,0,0,0,0,0,0,10.899999999999977,6.111403020881297
8540,L55719,L,298.5,309.4,1517,40.2,45,0,0,0,0,0,0,10.899999999999977,6.3861667143642595
8541,L55720,L,298.6,309.5,1687,29.3,47,0,0,0,0,0,0,10.899999999999977,5.176203247785176
8542,L55721,L,298.5,309.5,1738,25.2,49,0,0,0,0,0,0,11.0,4.586473946828811
8543,H37956,H,298.4,309.4,1512,35.3,51,0,0,0,0,0,0,11.0,5.589270321854672
8544,M23403,M,298.5,309.4,1365,48.7,56,0,0,0,0,0,0,10.899999999999977,6.961298081456943
8545,H37958,H,298.5,309.4,2011,21.0,59,0,0,0,0,0,0,10.899999999999977,4.422419978458351
8546,L55725,L,298.4,309.3,1806,27.6,64,0,0,0,0,0,0,10.900000000000034,5.219819025792513
8547,L55726,L,298.4,309.3,1716,28.4,66,0,0,0,0,0,0,10.900000000000034,5.103454433903546
8548,M23407,M,298.4,309.4,1666,24.3,68,0,0,0,0,0,0,11.0,4.239453622313283
8549,L55728,L,298.5,309.4,1578,36.3,71,0,0,0,0,0,0,10.899999999999977,5.998494180911279
8550,L55729,L,298.3,309.3,1558,37.2,73,0,0,0,0,0,0,11.0,6.069305679323193
8551,L55730,L,298.3,309.2,1456,45.5,75,0,0,0,0,0,0,10.899999999999977,6.93747433716722
8552,M23411,M,298.2,309.1,1457,49.0,77,0,0,0,0,0,0,10.900000000000034,7.476257477257869
8553,L55732,L,298.2,309.1,1467,44.5,80,0,0,0,0,0,0,10.900000000000034,6.83626269384407
8554,M23413,M,298.1,309.0,1661,38.2,82,0,0,0,0,0,0,10.899999999999977,6.644489406293436
8555,L55734,L,298.1,309.0,1592,33.9,85,0,0,0,0,0,0,10.899999999999977,5.651599520101894
8556,L55735,L,298.2,309.0,1596,37.2,87,0,0,0,0,0,0,10.800000000000011,6.217337525160345
8557,L55736,L,298.2,309.0,1489,40.6,89,0,0,0,0,0,0,10.800000000000011,6.330665244150841
8558,L55737,L,298.3,309.0,1471,48.3,91,0,0,0,0,0,0,10.699999999999989,7.4402652974232435
8559,M23418,M,298.3,309.0,1505,41.3,93,0,0,0,0,0,0,10.699999999999989,6.509013459095132
8560,L55739,L,298.3,309.0,1519,40.0,96,0,0,0,0,0,0,10.699999999999989,6.362772321070528
8561,L55740,L,298.3,309.0,1408,45.4,98,0,0,0,0,0,0,10.699999999999989,6.694021850465035
8562,L55741,L,298.2,308.9,1332,44.4,100,0,0,0,0,0,0,10.699999999999989,6.193210093580774
8563,L55742,L,298.1,308.9,1351,52.4,102,0,0,0,0,0,0,10.799999999999955,7.413362792333002
8564,L55743,L,298.0,308.9,1500,36.7,104,0,0,0,0,0,0,10.899999999999977,5.7648225193372715
8565,M23424,M,298.0,308.7,1614,30.7,106,0,0,0,0,0,0,10.699999999999989,5.188842922228116
8566,L55745,L,298.0,308.8,1489,36.5,109,0,0,0,0,0,0,10.800000000000011,5.691361611120828
8567,M23426,M,297.9,308.7,1751,26.6,111,0,0,0,0,0,0,10.800000000000011,4.877490146306346
8568,L55747,L,298.0,308.7,1511,45.8,114,0,0,0,0,0,0,10.699999999999989,7.24700498934991
8569,L55748,L,297.9,308.6,1691,29.6,116,0,0,0,0,0,0,10.700000000000045,5.2416007348574025
8570,L55749,L,297.9,308.6,1757,27.5,118,0,0,0,0,0,0,10.700000000000045,5.059796767994161
8571,H37984,H,297.9,308.7,1545,35.9,120,0,0,0,0,0,0,10.800000000000011,5.808333577589489
8572,L55751,L,297.9,308.6,2262,15.7,125,0,0,0,0,0,0,10.700000000000045,3.7189545514665245
8573,M23432,M,297.7,308.5,1559,35.2,127,0,0,0,0,0,0,10.800000000000011,5.746685057750546
8574,L55753,L,297.6,308.4,1626,32.4,130,0,0,0,0,0,0,10.799999999999955,5.5168880271159635
8575,L55754,L,297.6,308.3,1424,53.9,132,0,0,0,0,0,0,10.699999999999989,8.037618196552318
8576,M23435,M,297.6,308.3,1648,29.1,134,0,0,0,0,0,0,10.699999999999989,5.022024352322501
8577,L55756,L,297.6,308.3,1523,39.5,137,0,0,0,0,0,0,10.699999999999989,6.299783388366053
8578,L55757,L,297.6,308.3,1502,43.2,139,0,0,0,0,0,0,10.699999999999989,6.794887918596292
8579,L55758,L,297.5,308.2,1489,40.7,141,0,0,0,0,0,0,10.699999999999989,6.346258015688158
8580,M23439,M,297.4,308.1,1620,31.2,143,0,0,0,0,0,0,10.700000000000045,5.292955302768084
8581,L55760,L,297.5,308.1,1631,30.6,146,0,0,0,0,0,0,10.600000000000023,5.226416370365052
8582,M23441,M,297.5,308.0,1429,45.8,148,0,0,0,0,0,0,10.5,6.853719477022516
8583,M23442,M,297.5,308.1,1334,72.0,151,1,0,0,1,0,0,10.600000000000023,10.058123039733083
8584,L55763,L,297.4,308.0,1423,38.0,154,0,0,0,0,0,0,10.600000000000023,5.662616038340482
8585,L55764,L,297.4,307.9,1390,47.7,156,0,0,0,0,0,0,10.5,6.943233923698803
8586,M23445,M,297.4,307.9,1338,48.5,158,0,0,0,0,0,0,10.5,6.79557906898008
8587,H38000,H,297.3,307.9,1461,37.5,161,0,0,0,0,0,0,10.599999999999966,5.737333583618359
8588,M23447,M,297.4,307.9,1627,34.3,166,0,0,0,0,0,0,10.5,5.844001126183244
8589,L55768,L,297.3,307.8,1385,44.4,169,0,0,0,0,0,0,10.5,6.439636621328358
8590,M23449,M,297.3,307.8,1538,48.0,171,0,0,0,0,0,0,10.5,7.730831201953763
8591,L55770,L,297.4,307.9,1557,35.5,174,0,0,0,0,0,0,10.5,5.7882273846065155
8592,L55771,L,297.4,307.9,1606,33.4,176,0,0,0,0,0,0,10.5,5.617209552520598
8593,M23452,M,297.5,308.0,1430,44.5,178,0,0,0,0,0,0,10.5,6.663841617039551
8594,M23453,M,297.4,308.0,1601,34.6,181,0,0,0,0,0,0,10.600000000000023,5.8009089469515045
8595,L55774,L,297.4,308.0,1356,51.9,184,0,0,0,0,0,0,10.600000000000023,7.369799374203224
8596,M23455,M,297.5,308.2,1624,30.9,186,0,0,0,0,0,0,10.699999999999989,5.255004863512719
8597,L55776,L,297.5,308.2,1327,56.5,189,0,0,0,0,0,0,10.699999999999989,7.851415999974051
8598,L55777,L,297.6,308.3,1410,47.0,191,0,0,0,0,0,0,10.699999999999989,6.939778171779853
8599,L55778,L,297.6,308.3,1478,42.3,193,0,0,0,0,0,0,10.699999999999989,6.547016258228057
8600,L55779,L,297.6,308.4,1460,40.3,195,0,0,0,0,0,0,10.799999999999955,6.161500951730542
8601,L55780,L,297.5,308.3,1435,40.3,197,0,0,0,0,0,0,10.800000000000011,6.055995798447484
8602,H38015,H,297.4,308.2,1359,46.9,199,0,0,0,0,0,0,10.800000000000011,6.6745335040372655
8603,L55782,L,297.4,308.1,1729,31.7,204,0,0,0,0,0,0,10.700000000000045,5.739616474279968
8604,H38017,H,297.3,308.0,1384,49.1,206,0,0,0,0,0,0,10.699999999999989,7.116168127303408
8605,L55784,L,297.4,308.2,1297,52.1,211,0,0,0,0,0,0,10.800000000000011,7.076301316529353
8606,L55785,L,297.5,308.4,1633,33.3,213,0,0,0,0,0,0,10.899999999999977,5.694545091676467
8607,M23466,M,297.5,308.4,1505,37.2,215,0,0,0,0,0,0,10.899999999999977,5.8628402101292725
8608,L55787,L,297.5,308.4,1433,50.0,218,0,0,0,0,0,0,10.899999999999977,7.503170454323623
8609,L55788,L,297.4,308.4,1369,50.6,220,1,0,0,0,1,0,11.0,7.254084044796
8610,L55789,L,297.4,308.3,1475,40.5,222,1,1,0,0,0,0,10.900000000000034,6.255696371460674
8611,L55790,L,297.4,308.3,1561,38.3,0,0,0,0,0,0,0,10.900000000000034,6.260806695510514
8612,L55791,L,297.4,308.3,1472,45.5,2,0,0,0,0,0,0,10.900000000000034,7.013710318894333
8613,L55792,L,297.5,308.4,1441,44.5,4,0,0,0,0,0,0,10.899999999999977,6.7151019371706235
8614,M23473,M,297.5,308.5,1401,50.5,6,0,0,0,0,0,0,11.0,7.408975034593489
8615,L55794,L,297.5,308.5,1691,33.1,9,0,0,0,0,0,0,11.0,5.861384605533109
8616,L55795,L,297.6,308.6,1382,47.1,11,0,0,0,0,0,0,11.0,6.816439244199918
8617,L55796,L,297.6,308.6,1355,46.4,13,0,0,0,0,0,0,11.0,6.5839404438832485
8618,L55797,L,297.6,308.6,1529,45.3,15,0,0,0,0,0,0,11.0,7.2532777026815785
8619,L55798,L,297.7,308.7,1829,24.9,17,0,0,0,0,0,0,11.0,4.769157559635057
8620,H38033,H,297.6,308.6,1480,39.8,19,0,0,0,0,0,0,11.0,6.168412455568439
8621,L55800,L,297.6,308.5,1475,42.4,24,0,0,0,0,0,0,10.899999999999977,6.5491734851835215
8622,M23481,M,297.6,308.5,1431,52.6,26,0,0,0,0,0,0,10.899999999999977,7.8823187997098625
8623,L55802,L,297.5,308.3,1437,42.3,29,0,0,0,0,0,0,10.800000000000011,6.365400786924031
8624,M23483,M,297.5,308.3,1476,45.6,31,0,0,0,0,0,0,10.800000000000011,7.048225950181774
8625,H38038,H,297.5,308.4,1490,39.7,34,0,0,0,0,0,0,10.899999999999977,6.194487674593235
8626,L55805,L,297.4,308.3,1632,33.5,39,0,0,0,0,0,0,10.900000000000034,5.7252384519020385
8627,L55806,L,297.4,308.2,1402,49.7,41,0,0,0,0,0,0,10.800000000000011,7.296809704884822
8628,L55807,L,297.4,308.3,1347,45.8,43,0,0,0,0,0,0,10.900000000000034,6.460433964695122
8629,L55808,L,297.5,308.4,1747,31.0,45,0,0,0,0,0,0,10.899999999999977,5.6713077780154135
8630,H38043,H,297.5,308.5,1557,39.1,47,0,0,0,0,0,0,11.0,6.375202556003232
8631,L55810,L,297.4,308.4,1371,57.4,52,0,0,0,0,0,0,11.0,8.240963017043674
8632,H38045,H,297.3,308.3,1506,37.0,54,0,0,0,0,0,0,11.0,5.8351941947776815
8633,L55812,L,297.3,308.3,1590,35.5,59,0,0,0,0,0,0,11.0,5.910906577729196
8634,L55813,L,297.4,308.3,1336,53.7,61,0,0,0,0,0,0,10.900000000000034,7.5129303355007755
8635,L55814,L,297.3,308.3,1411,43.2,63,0,0,0,0,0,0,11.0,6.383213617269885
8636,L55815,L,297.4,308.3,1704,27.3,65,0,0,0,0,0,0,10.900000000000034,4.871479232362477
8637,L55816,L,297.5,308.4,1723,27.3,67,0,0,0,0,0,0,10.899999999999977,4.925797369343044
8638,L55817,L,297.5,308.5,1459,39.7,69,0,0,0,0,0,0,11.0,6.06560907196747
8639,L55818,L,297.6,308.5,1572,35.9,71,0,0,0,0,0,0,10.899999999999977,5.909838436226975
8640,L55819,L,297.5,308.4,1384,56.0,73,0,0,0,0,0,0,10.899999999999977,8.116199900794111
8641,L55820,L,297.6,308.6,1383,47.5,75,0,0,0,0,0,0,11.0,6.879302513198249
8642,M23501,M,297.6,308.5,1360,48.6,77,0,0,0,0,0,0,10.899999999999977,6.921556934389033
8643,M23502,M,297.5,308.4,1596,36.6,80,0,0,0,0,0,0,10.899999999999977,6.117057887657759
8644,L55823,L,297.5,308.5,1448,54.3,83,0,0,0,0,0,0,11.0,8.233737353940416
8645,M23504,M,297.6,308.5,1443,38.2,85,0,0,0,0,0,0,10.899999999999977,5.7724251735589585
8646,M23505,M,297.6,308.6,1492,35.5,88,0,0,0,0,0,0,11.0,5.5465865496679
8647,L55826,L,297.5,308.6,1497,43.9,91,0,0,0,0,0,0,11.100000000000023,6.882004282880337
8648,L55827,L,297.5,308.5,1530,38.5,93,0,0,0,0,0,0,11.0,6.168517175323559
8649,M23508,M,297.4,308.4,1478,46.2,95,0,0,0,0,0,0,11.0,7.150641870688799
8650,L55829,L,297.4,308.4,1328,61.8,98,0,0,0,0,0,0,11.0,8.594392190572524
8651,H38064,H,297.4,308.3,1771,27.4,100,0,0,0,0,0,0,10.900000000000034,5.081568005083537
8652,M23511,M,297.4,308.4,1564,35.0,105,0,0,0,0,0,0,11.0,5.7323593952501755
8653,H38066,H,297.3,308.3,1461,41.5,108,0,0,0,0,0,0,11.0,6.349315832537653
8654,M23513,M,297.4,308.3,1335,57.9,113,0,0,0,0,0,0,10.900000000000034,8.094470551606781
8655,M23514,M,297.4,308.4,1441,46.8,116,0,0,0,0,0,0,11.0,7.0621746215637105
8656,L55835,L,297.3,308.3,1268,60.6,119,0,0,0,0,0,0,11.0,8.046749759198752
8657,M23516,M,297.3,308.3,1697,27.4,121,0,0,0,0,0,0,11.0,4.8692382296029155
8658,L55837,L,297.4,308.4,1421,46.0,124,0,0,0,0,0,0,11.0,6.84511151315168
8659,L55838,L,297.4,308.5,1496,36.4,126,0,0,0,0,0,0,11.100000000000023,5.702451433188001
8660,L55839,L,297.5,308.5,1375,55.6,128,0,0,0,0,0,0,11.0,8.005825278897989
8661,L55840,L,297.4,308.5,1295,52.1,130,0,0,0,0,0,0,11.100000000000023,7.065389518045885
8662,L55841,L,297.4,308.5,1643,33.8,132,0,0,0,0,0,0,11.100000000000023,5.815444048962114
8663,L55842,L,297.5,308.6,1514,36.9,134,0,0,0,0,0,0,11.100000000000023,5.850336671367985
8664,L55843,L,297.5,308.6,1671,29.4,136,0,0,0,0,0,0,11.100000000000023,5.144609297665574
8665,H38078,H,297.5,308.6,1355,58.9,138,0,0,0,0,0,0,11.100000000000023,8.357631296222488
8666,L55845,L,297.6,308.7,1365,50.6,143,0,0,0,0,0,0,11.099999999999966,7.232888766359782
8667,L55846,L,297.5,308.7,1407,42.5,145,0,0,0,0,0,0,11.199999999999989,6.261979556767855
8668,M23527,M,297.5,308.8,1455,46.1,147,0,0,0,0,0,0,11.300000000000011,7.02412993452874
8669,L55848,L,297.5,308.8,1502,45.9,150,0,0,0,0,0,0,11.300000000000011,7.2195684135085605
8670,M23529,M,297.5,308.8,1471,52.3,152,0,0,0,0,0,0,11.300000000000011,8.05643633654732
8671,L55850,L,297.5,308.9,1581,30.4,155,0,0,0,0,0,0,11.399999999999977,5.033082758463135
8672,L55851,L,297.5,308.8,1530,37.8,157,0,0,0,0,0,0,11.300000000000011,6.056362317590403
8673,L55852,L,297.5,308.8,1312,50.3,159,0,0,0,0,0,0,11.300000000000011,6.9108336314647785
8674,L55853,L,297.4,308.6,1494,42.6,161,0,0,0,0,0,0,11.200000000000045,6.664825982737675
8675,M23534,M,297.4,308.6,1528,29.1,163,0,0,0,0,0,0,11.200000000000045,4.6563429674446475
8676,H38089,H,297.3,308.6,1688,29.4,166,0,0,0,0,0,0,11.300000000000011,5.196948231274379
8677,M23536,M,297.3,308.5,1520,42.4,171,0,0,0,0,0,0,11.199999999999989,6.748978777951833
8678,M23537,M,297.3,308.5,1664,28.9,174,0,0,0,0,0,0,11.199999999999989,5.03593113580239
8679,L55858,L,297.3,308.5,1514,44.5,177,0,0,0,0,0,0,11.199999999999989,7.055284061676838
8680,L55859,L,297.3,308.5,1456,54.2,179,0,0,0,0,0,0,11.199999999999989,8.263980419218974
8681,L55860,L,297.2,308.5,1494,39.6,181,0,0,0,0,0,0,11.300000000000011,6.19547204029136
8682,L55861,L,297.2,308.4,1605,30.0,183,0,0,0,0,0,0,11.199999999999989,5.042256209011617
8683,M23542,M,297.2,308.5,1353,46.5,185,0,0,0,0,0,0,11.300000000000011,6.588391033475835
8684,L55863,L,297.2,308.5,1447,47.9,188,0,0,0,0,0,0,11.300000000000011,7.258262363025274
8685,L55864,L,297.2,308.5,1588,40.4,190,0,0,0,0,0,0,11.300000000000011,6.718316833652797
8686,H38099,H,297.2,308.5,1524,41.4,192,0,0,0,0,0,0,11.300000000000011,6.607146341617765
8687,M23546,M,297.2,308.5,1611,31.6,197,0,0,0,0,0,0,11.300000000000011,5.3310314057295916
8688,M23547,M,297.2,308.5,1604,34.9,200,0,0,0,0,0,0,11.300000000000011,5.862170003696506
8689,L55868,L,297.1,308.5,1483,46.9,203,0,0,0,0,0,0,11.399999999999977,7.28354171191116
8690,L55869,L,297.1,308.4,1543,39.6,205,0,0,0,0,0,0,11.299999999999955,6.398670253125547
8691,L55870,L,297.1,308.5,1323,44.4,207,1,1,0,0,0,0,11.399999999999977,6.151364079434958
8692,L55871,L,297.1,308.5,1555,36.2,0,0,0,0,0,0,0,11.399999999999977,5.8947797354407685
8693,L55872,L,297.1,308.4,1583,31.9,2,0,0,0,0,0,0,11.299999999999955,5.288106778106043
8694,M23553,M,297.2,308.5,1584,40.0,4,0,0,0,0,0,0,11.300000000000011,6.635043684381643
8695,L55874,L,297.2,308.5,1766,25.8,7,0,0,0,0,0,0,11.300000000000011,4.771325258566034
8696,M23555,M,297.2,308.6,1498,44.4,9,0,0,0,0,0,0,11.400000000000034,6.965036576714715
8697,L55876,L,297.2,308.6,1413,49.8,12,0,0,0,0,0,0,11.400000000000034,7.368856896407148
8698,L55877,L,297.3,308.6,1505,33.5,14,0,0,0,0,0,0,11.300000000000011,5.279708253745446
8699,H38112,H,297.3,308.7,1438,46.2,16,0,0,0,0,0,0,11.399999999999977,6.957119763227669
8700,M23559,M,297.3,308.7,1655,34.1,21,0,0,0,0,0,0,11.399999999999977,5.909911740055559
8701,M23560,M,297.3,308.7,1451,43.8,24,0,0,0,0,0,0,11.399999999999977,6.655338372923832
8702,M23561,M,297.3,308.7,1466,38.4,27,0,0,0,0,0,0,11.399999999999977,5.895135782608175
8703,L55882,L,297.2,308.6,1774,23.0,30,0,0,0,0,0,0,11.400000000000034,4.272775448392358
8704,M23563,M,297.2,308.6,1284,51.3,32,0,0,0,0,0,0,11.400000000000034,6.897806493927893
8705,L55884,L,297.1,308.5,1425,40.0,35,0,0,0,0,0,0,11.399999999999977,5.969026041820606
8706,L55885,L,297.2,308.6,1437,52.4,37,0,0,0,0,0,0,11.400000000000034,7.885271896804237
8707,L55886,L,297.2,308.6,1335,53.0,39,0,0,0,0,0,0,11.400000000000034,7.409446273491527
8708,L55887,L,297.2,308.5,1471,41.7,41,0,0,0,0,0,0,11.300000000000011,6.4235830828685145
8709,M23568,M,297.2,308.5,1364,54.0,43,0,0,0,0,0,0,11.300000000000011,7.713238283093659
8710,L55889,L,297.1,308.5,1578,35.6,46,0,0,0,0,0,0,11.399999999999977,5.882820739406104
8711,L55890,L,297.1,308.5,1712,32.1,48,0,0,0,0,0,0,11.399999999999977,5.754895086551928
8712,L55891,L,297.1,308.5,1733,28.7,50,0,0,0,0,0,0,11.399999999999977,5.20845693236203
8713,L55892,L,297.2,308.6,1652,32.1,52,0,0,0,0,0,0,11.400000000000034,5.553204838191462
8714,L55893,L,297.2,308.6,1917,24.1,54,0,0,0,0,0,0,11.400000000000034,4.838021270601746
8715,M23574,M,297.2,308.6,1444,41.1,56,0,0,0,0,0,0,11.400000000000034,6.214949914743617
8716,L55895,L,297.1,308.6,1442,37.1,59,0,0,0,0,0,0,11.5,5.602318403342582
8717,M23576,M,297.1,308.6,1717,31.3,61,0,0,0,0,0,0,11.5,5.627859551616266
8718,L55897,L,297.1,308.7,1474,42.3,64,0,0,0,0,0,0,11.599999999999966,6.529297675661811
8719,L55898,L,297.2,308.7,1509,39.3,66,0,0,0,0,0,0,11.5,6.210268941689766
8720,L55899,L,297.2,308.8,1451,43.1,68,0,0,0,0,0,0,11.600000000000023,6.548974517648795
8721,L55900,L,297.3,308.8,1554,36.1,70,0,0,0,0,0,0,11.5,5.874715430359841
8722,L55901,L,297.2,308.7,1669,30.7,72,0,0,0,0,0,0,11.5,5.365662228747663
8723,L55902,L,297.2,308.6,1366,50.4,74,0,0,0,0,0,0,11.400000000000034,7.209578148870144
8724,L55903,L,297.2,308.6,1578,34.4,76,0,0,0,0,0,0,11.400000000000034,5.684523411111515
8725,M23584,M,297.2,308.6,1513,39.0,78,0,0,0,0,0,0,11.400000000000034,6.179198590345765
8726,M23585,M,297.1,308.5,1515,42.1,81,0,0,0,0,0,0,11.399999999999977,6.67918306116458
8727,L55906,L,297.2,308.6,1562,33.0,84,0,0,0,0,0,0,11.400000000000034,5.397884497397983
8728,L55907,L,297.2,308.7,1501,38.5,86,0,0,0,0,0,0,11.5,6.051597568732458
8729,M23588,M,297.2,308.7,1398,38.1,88,0,0,0,0,0,0,11.5,5.577772092742535
8730,L55909,L,297.3,308.7,1352,53.8,91,0,0,0,0,0,0,11.399999999999977,7.617063659991764
8731,H38144,H,297.3,308.7,1569,33.9,93,0,0,0,0,0,0,11.399999999999977,5.569949527035094
8732,H38145,H,297.2,308.6,1486,46.6,98,0,0,0,0,0,0,11.400000000000034,7.251591714624153
8733,L55912,L,297.2,308.6,1864,23.6,103,0,0,0,0,0,0,11.400000000000034,4.606663915615882
8734,M23593,M,297.3,308.7,1447,44.5,105,0,0,0,0,0,0,11.399999999999977,6.743062111787572
8735,L55914,L,297.2,308.6,1392,41.5,108,0,0,0,0,0,0,11.400000000000034,6.0494508137525065
8736,L55915,L,297.3,308.6,1358,47.6,110,0,0,0,0,0,0,11.300000000000011,6.769168746738903
8737,L55916,L,297.3,308.7,1491,40.2,112,0,0,0,0,0,0,11.399999999999977,6.2767136263131915
8738,L55917,L,297.3,308.7,1556,36.7,114,0,0,0,0,0,0,11.399999999999977,5.980042560059196
8739,L55918,L,297.3,308.7,1531,36.7,116,0,0,0,0,0,0,11.399999999999977,5.883962184736908
8740,H38153,H,297.4,308.7,1429,37.6,118,0,0,0,0,0,0,11.300000000000011,5.626634330481367
8741,M23600,M,297.4,308.8,1573,33.9,123,0,0,0,0,0,0,11.400000000000034,5.584149525829321
8742,L55921,L,297.4,308.8,1538,41.2,126,0,0,0,0,0,0,11.400000000000034,6.635630115010313
8743,L55922,L,297.4,308.8,1467,39.0,128,0,0,0,0,0,0,11.400000000000034,5.9913313496610945
8744,H38157,H,297.4,308.7,1323,51.1,130,0,0,0,0,0,0,11.300000000000011,7.079610460791136
8745,M23604,M,297.4,308.7,1798,23.0,135,0,0,0,0,0,0,11.300000000000011,4.33058075321841
8746,L55925,L,297.4,308.6,1411,46.3,138,0,0,0,0,0,0,11.200000000000045,6.841268298138789
8747,L55926,L,297.3,308.5,1528,44.5,140,0,0,0,0,0,0,11.199999999999989,7.120524469116386
8748,L55927,L,297.3,308.5,1504,42.0,142,0,0,0,0,0,0,11.199999999999989,6.614937491398669
8749,L55928,L,297.3,308.5,1384,39.6,144,0,0,0,0,0,0,11.199999999999989,5.739312786990122
8750,L55929,L,297.2,308.4,1677,26.4,146,0,0,0,0,0,0,11.199999999999989,4.636236774461673
8751,L55930,L,297.3,308.5,1764,30.8,148,0,0,0,0,0,0,11.199999999999989,5.68954995935726
8752,M23611,M,297.4,308.5,1472,42.0,150,0,0,0,0,0,0,11.100000000000023,6.474194140517846
8753,M23612,M,297.4,308.5,1465,55.9,153,0,0,0,0,0,0,11.100000000000023,8.575867265891857
8754,M23613,M,297.4,308.6,1657,33.1,156,0,0,0,0,0,0,11.200000000000045,5.743532993121445
8755,L55934,L,297.4,308.6,1635,30.5,159,0,0,0,0,0,0,11.200000000000045,5.222112388429634
8756,M23615,M,297.4,308.7,1582,31.9,161,0,0,0,0,0,0,11.300000000000011,5.284766217917726
8757,L55936,L,297.5,308.7,1761,26.2,164,0,0,0,0,0,0,11.199999999999989,4.831581005661886
8758,L55937,L,297.5,308.8,1587,34.9,166,0,0,0,0,0,0,11.300000000000011,5.800039772984013
8759,M23618,M,297.5,308.7,1446,53.0,168,0,0,0,0,0,0,11.199999999999989,8.025512592860485
8760,M23619,M,297.5,308.7,1352,53.0,171,0,0,0,0,0,0,11.199999999999989,7.50379877285434
8761,M23620,M,297.4,308.7,1392,46.4,174,0,0,0,0,0,0,11.300000000000011,6.763723319472682
8762,L55941,L,297.5,308.8,1417,49.8,177,0,0,0,0,0,0,11.300000000000011,7.3897170716269835
8763,H38176,H,297.5,308.8,1824,24.0,179,0,0,0,0,0,0,11.300000000000011,4.584212000118225
8764,L55943,L,297.5,308.8,1603,36.7,184,0,0,0,0,0,0,11.300000000000011,6.160673665665096
8765,L55944,L,297.4,308.8,1620,33.4,186,0,0,0,0,0,0,11.400000000000034,5.666176510014552
8766,L55945,L,297.4,308.8,1353,49.4,188,0,0,0,0,0,0,11.400000000000034,6.999279936638843
8767,L55946,L,297.5,308.8,1360,50.7,190,0,0,0,0,0,0,11.300000000000011,7.220636555010781
8768,L55947,L,297.5,308.6,1380,53.5,192,0,0,0,0,0,0,11.100000000000023,7.7314595204844805
8769,M23628,M,297.5,308.7,1363,53.6,194,0,0,0,0,0,0,11.199999999999989,7.65049020582596
8770,M23629,M,297.4,308.6,1452,41.2,197,0,0,0,0,0,0,11.200000000000045,6.264587078670336
8771,L55950,L,297.4,308.6,1680,32.8,200,0,0,0,0,0,0,11.200000000000045,5.770477386113732
8772,L55951,L,297.5,308.6,1536,39.0,202,0,0,0,0,0,0,11.100000000000023,6.2731322106880985
8773,L55952,L,297.5,308.6,1621,28.9,0,0,0,0,0,0,0,11.100000000000023,4.905795896115189
8774,L55953,L,297.5,308.6,1585,37.6,2,0,0,0,0,0,0,11.100000000000023,6.240878526111245
8775,M23634,M,297.6,308.7,1408,51.5,4,0,0,0,0,0,0,11.099999999999966,7.593438883236769
8776,H38189,H,297.5,308.6,1536,38.7,7,0,0,0,0,0,0,11.100000000000023,6.22487734752896
8777,L55956,L,297.5,308.6,1352,52.6,12,0,0,0,0,0,0,11.100000000000023,7.447166329285628
8778,H38191,H,297.5,308.6,1481,38.8,14,0,0,0,0,0,0,11.100000000000023,6.0174903444899845
8779,L55958,L,297.5,308.7,1454,45.0,19,0,0,0,0,0,0,11.199999999999989,6.851813577479339
8780,M23639,M,297.5,308.6,1349,51.5,21,0,0,0,0,0,0,11.100000000000023,7.275247907305683
8781,M23640,M,297.5,308.6,1327,52.1,24,0,0,0,0,0,0,11.100000000000023,7.239978293781382
8782,L55961,L,297.6,308.7,1552,42.3,27,0,0,0,0,0,0,11.099999999999966,6.874810035703616
8783,L55962,L,297.5,308.7,1456,44.7,29,0,0,0,0,0,0,11.199999999999989,6.815496766403841
8784,M23643,M,297.6,308.6,1254,45.8,31,0,0,0,0,0,0,11.0,6.014390639738442
8785,L55964,L,297.5,308.6,1437,43.3,34,0,0,0,0,0,0,11.100000000000023,6.515883075030982
8786,L55965,L,297.5,308.6,1694,27.1,36,0,0,0,0,0,0,11.100000000000023,4.807411686180269
8787,L55966,L,297.5,308.5,1306,50.7,38,0,0,0,0,0,0,11.0,6.933934809444176
8788,M23647,M,297.5,308.5,1699,30.1,40,0,0,0,0,0,0,11.0,5.355357804843889
8789,L55968,L,297.4,308.5,1369,53.2,43,0,0,0,0,0,0,11.100000000000023,7.626823541168918
8790,L55969,L,297.4,308.5,1471,43.9,45,0,0,0,0,0,0,11.100000000000023,6.762477154386756
8791,L55970,L,297.4,308.5,1410,43.9,47,0,0,0,0,0,0,11.100000000000023,6.482048122151819
8792,M23651,M,297.4,308.5,1412,45.5,49,0,0,0,0,0,0,11.100000000000023,6.727825387417662
8793,L55972,L,297.4,308.5,1418,51.2,52,0,0,0,0,0,0,11.100000000000023,7.602821773295491
8794,L55973,L,297.4,308.5,1782,25.9,54,0,0,0,0,0,0,11.100000000000023,4.833214633841752
8795,M23654,M,297.4,308.5,1497,36.4,56,0,0,0,0,0,0,11.100000000000023,5.706263232274357
8796,L55975,L,297.3,308.4,1459,39.4,59,0,0,0,0,0,0,11.099999999999966,6.019773235151593
8797,L55976,L,297.2,308.3,1796,23.8,61,0,0,0,0,0,0,11.100000000000023,4.476224988638832
8798,L55977,L,297.2,308.3,1569,31.2,63,0,0,0,0,0,0,11.100000000000023,5.126325228421681
8799,L55978,L,297.3,308.4,1469,46.7,65,0,0,0,0,0,0,11.099999999999966,7.1840160566454365
8800,L55979,L,297.3,308.4,1472,41.3,67,0,0,0,0,0,0,11.099999999999966,6.366290904842547
8801,L55980,L,297.4,308.5,1475,47.2,69,0,0,0,0,0,0,11.100000000000023,7.290589351430714
8802,L55981,L,297.4,308.6,1488,36.4,71,0,0,0,0,0,0,11.200000000000045,5.671957040497157
8803,L55982,L,297.4,308.6,1524,43.1,73,0,0,0,0,0,0,11.200000000000045,6.878454283181781
8804,L55983,L,297.4,308.5,1486,48.6,75,0,0,0,0,0,0,11.100000000000023,7.562818826839781
8805,M23664,M,297.5,308.6,1255,60.7,77,0,0,0,0,0,0,11.100000000000023,7.977393865383002
8806,M23665,M,297.4,308.6,1469,42.6,80,0,0,0,0,0,0,11.200000000000045,6.553299443535237
8807,L55986,L,297.4,308.5,1692,34.3,83,0,0,0,0,0,0,11.100000000000023,6.077473820222525
8808,M23667,M,297.4,308.6,1604,32.8,85,0,0,0,0,0,0,11.200000000000045,5.509431980551443
8809,L55988,L,297.4,308.6,1446,48.1,88,0,0,0,0,0,0,11.200000000000045,7.283531239935649
8810,L55989,L,297.3,308.5,1503,43.3,90,0,0,0,0,0,0,11.199999999999989,6.815151191211945
8811,M23670,M,297.3,308.5,1625,32.8,92,0,0,0,0,0,0,11.199999999999989,5.581562947877866
8812,L55991,L,297.2,308.5,1574,35.8,95,0,0,0,0,0,0,11.300000000000011,5.900874425188732
8813,M23672,M,297.2,308.4,1378,41.9,97,0,0,0,0,0,0,11.199999999999989,6.046330165049939
8814,L55993,L,297.1,308.4,1693,29.5,100,0,0,0,0,0,0,11.299999999999955,5.230071089818727
8815,L55994,L,297.2,308.4,1462,51.2,102,0,0,0,0,0,0,11.199999999999989,7.838734437629061
8816,H38229,H,297.3,308.5,1435,55.0,104,0,0,0,0,0,0,11.199999999999989,8.26500667281915
8817,M23676,M,297.2,308.5,1425,45.8,109,0,0,0,0,0,0,11.300000000000011,6.834534817884594
8818,H38231,H,297.3,308.6,1376,53.5,112,0,0,0,0,0,0,11.300000000000011,7.709049492888874
8819,M23678,M,297.4,308.7,1481,48.0,117,0,0,0,0,0,0,11.300000000000011,7.444317951946374
8820,H38233,H,297.4,308.7,1349,48.9,120,0,0,0,0,0,0,11.300000000000011,6.907953838198988
8821,L56000,L,297.3,308.7,1551,40.0,125,0,0,0,0,0,0,11.399999999999977,6.496813607623692
8822,H38235,H,297.4,308.7,1623,33.8,127,0,0,0,0,0,0,11.300000000000011,5.7446534945012235
8823,L56002,L,297.4,308.8,1462,49.7,132,0,0,0,0,0,0,11.400000000000034,7.609084014651646
8824,M23683,M,297.3,308.8,1447,57.4,134,0,0,0,0,0,0,11.5,8.697792476777677
8825,M23684,M,297.3,308.9,1799,24.5,137,0,0,0,0,0,0,11.599999999999966,4.615575566776563
8826,M23685,M,297.3,308.8,1548,41.3,140,0,0,0,0,0,0,11.5,6.694985272212135
8827,M23686,M,297.2,308.8,1485,47.9,143,0,0,0,0,0,0,11.600000000000023,7.448873261294079
8828,L56007,L,297.2,308.7,1463,49.9,146,0,0,0,0,0,0,11.5,7.644929586829106
8829,L56008,L,297.3,308.7,1587,35.8,148,0,0,0,0,0,0,11.399999999999977,5.949610999221422
8830,M23689,M,297.3,308.8,1469,44.1,150,0,0,0,0,0,0,11.5,6.784049423941408
8831,H38244,H,297.3,308.7,1430,42.8,153,0,0,0,0,0,0,11.399999999999977,6.409267892343657
8832,H38245,H,297.4,308.7,1726,26.8,158,0,0,0,0,0,0,11.300000000000011,4.844000768619078
8833,L56012,L,297.4,308.8,1651,34.1,163,0,0,0,0,0,0,11.400000000000034,5.895627965457238
8834,L56013,L,297.4,308.8,1529,41.3,165,0,0,0,0,0,0,11.400000000000034,6.612811680369737
8835,L56014,L,297.4,308.8,1473,46.2,167,0,0,0,0,0,0,11.400000000000034,7.126451607256159
8836,H38249,H,297.4,308.8,1324,53.5,169,0,0,0,0,0,0,11.400000000000034,7.4177191341459805
8837,L56016,L,297.4,308.9,1708,28.8,174,0,0,0,0,0,0,11.5,5.151206642238112
8838,M23697,M,297.5,309.1,1540,38.5,176,0,0,0,0,0,0,11.600000000000023,6.208834281044628
8839,L56018,L,297.5,309.0,1320,54.7,179,0,0,0,0,0,0,11.5,7.561185198659915
8840,M23699,M,297.4,308.9,1376,39.0,181,0,0,0,0,0,0,11.5,5.619680938741422
8841,M23700,M,297.3,308.7,1542,37.0,184,0,0,0,0,0,0,11.399999999999977,5.974680908597069
8842,L56021,L,297.3,308.7,1506,39.3,187,0,0,0,0,0,0,11.399999999999977,6.197922482561159
8843,L56022,L,297.3,308.7,1492,43.6,189,0,0,0,0,0,0,11.399999999999977,6.812145734240012
8844,H38257,H,297.3,308.8,1564,38.0,191,0,0,0,0,0,0,11.5,6.223704486271618
8845,H38258,H,297.4,308.9,1645,30.8,196,0,0,0,0,0,0,11.5,5.3057311128926825
8846,M23705,M,297.4,308.9,1348,59.1,201,0,0,0,0,0,0,11.5,8.342687787166911
8847,M23706,M,297.4,308.8,1325,62.4,204,1,1,0,0,1,0,11.400000000000034,8.65822935329347
8848,L56027,L,297.5,308.9,1443,43.5,0,0,0,0,0,0,0,11.399999999999977,6.5733113887386025
8849,M23708,M,297.5,308.9,1436,44.8,2,0,0,0,0,0,0,11.399999999999977,6.736915062162049
8850,L56029,L,297.5,308.9,1596,30.7,5,0,0,0,0,0,0,11.399999999999977,5.130974785548993
8851,L56030,L,297.6,309.0,1491,43.2,7,0,0,0,0,0,0,11.399999999999977,6.7451250909634295
8852,M23711,M,297.7,308.9,1573,35.1,9,0,0,0,0,0,0,11.199999999999989,5.781818535593191
8853,L56032,L,297.7,308.9,1575,39.9,12,0,0,0,0,0,0,11.199999999999989,6.580851211107219
8854,L56033,L,297.7,308.9,1458,41.1,14,0,0,0,0,0,0,11.199999999999989,6.275205661839468
8855,M23714,M,297.7,309.0,1433,41.8,16,0,0,0,0,0,0,11.300000000000011,6.272650499814549
8856,L56035,L,297.7,308.9,1662,28.1,19,0,0,0,0,0,0,11.199999999999989,4.890642947549375
8857,M23716,M,297.7,308.9,1327,63.7,21,0,0,0,0,0,0,11.199999999999989,8.851950428289328
8858,L56037,L,297.7,308.9,1742,26.3,24,0,0,0,0,0,0,11.199999999999989,4.797693692905164
8859,L56038,L,297.8,308.9,1506,33.5,26,0,0,0,0,0,0,11.099999999999966,5.283216365541955
8860,L56039,L,297.9,309.1,1457,44.4,28,0,0,0,0,0,0,11.200000000000045,6.774404734494887
8861,M23720,M,297.9,309.1,1488,37.3,30,0,0,0,0,0,0,11.200000000000045,5.812197736553405
8862,L56041,L,297.9,309.1,1619,34.7,33,0,0,0,0,0,0,11.200000000000045,5.883082538793902
8863,M23722,M,298.0,309.2,1558,41.7,35,0,0,0,0,0,0,11.199999999999989,6.803495882467129
8864,L56043,L,298.0,309.2,1731,28.7,38,0,0,0,0,0,0,11.199999999999989,5.202446018418161
8865,M23724,M,298.0,309.1,1574,34.8,40,0,0,0,0,0,0,11.100000000000023,5.7360455306303875
8866,L56045,L,297.9,309.0,1290,49.8,43,0,0,0,0,0,0,11.100000000000023,6.727406508397182
8867,H38280,H,297.9,308.9,1416,39.6,45,0,0,0,0,0,0,11.0,5.872013660677754
8868,L56047,L,297.9,308.9,1566,41.9,50,0,0,0,0,0,0,11.0,6.871228620078523
8869,L56048,L,297.9,309.0,1456,46.5,52,0,0,0,0,0,0,11.100000000000023,7.0899463006214445
8870,L56049,L,297.9,309.0,1528,37.5,54,0,0,0,0,0,0,11.100000000000023,6.000441968356505
8871,M23730,M,297.9,309.1,1338,49.6,56,0,0,0,0,0,0,11.200000000000045,6.949705604565197
8872,M23731,M,297.9,309.1,1558,39.2,59,0,0,0,0,0,0,11.200000000000045,6.395612436276054
8873,M23732,M,297.9,309.1,1614,38.1,62,0,0,0,0,0,0,11.200000000000045,6.439573789475286
8874,H38287,H,298.0,309.1,1557,36.4,65,0,0,0,0,0,0,11.100000000000023,5.934971177455694
8875,L56054,L,298.1,309.3,1443,45.3,70,0,0,0,0,0,0,11.199999999999989,6.8453104806864085
8876,H38289,H,298.1,309.3,1332,51.0,72,0,0,0,0,0,0,11.199999999999989,7.113822404788728
8877,M23736,M,298.1,309.3,1752,25.2,77,0,0,0,0,0,0,11.199999999999989,4.623419076435026
8878,M23737,M,298.1,309.2,1460,45.8,80,0,0,0,0,0,0,11.099999999999966,7.002400585341409
8879,L56058,L,298.1,309.2,1802,26.9,83,0,0,0,0,0,0,11.099999999999966,5.076164465719364
8880,L56059,L,298.0,309.2,1527,39.5,85,0,0,0,0,0,0,11.199999999999989,6.316329109674959
8881,L56060,L,298.0,309.2,1458,39.8,87,0,0,0,0,0,0,11.199999999999989,6.0767198379856655
8882,H38295,H,298.0,309.2,1520,37.9,89,0,0,0,0,0,0,11.199999999999989,6.032695652933359
8883,L56062,L,298.0,309.2,1378,49.7,94,0,0,0,0,0,0,11.199999999999989,7.1718999809780914
8884,M23743,M,297.9,309.2,1529,38.1,96,0,0,0,0,0,0,11.300000000000011,6.100438862520268
8885,L56064,L,298.0,309.2,1527,32.4,99,0,0,0,0,0,0,11.199999999999989,5.180988940594142
8886,M23745,M,298.0,309.2,1438,42.9,101,0,0,0,0,0,0,11.199999999999989,6.460182637282835
8887,L56066,L,297.9,309.0,1583,36.7,104,0,0,0,0,0,0,11.100000000000023,6.083809365407268
8888,L56067,L,297.8,308.9,1530,37.6,106,0,0,0,0,0,0,11.099999999999966,6.024318072523787
8889,M23748,M,297.7,308.9,1530,39.1,108,0,0,0,0,0,0,11.199999999999989,6.264649910523407
8890,M23749,M,297.7,308.8,2089,19.1,111,0,0,0,0,0,0,11.100000000000023,4.178307757298914
8891,L56070,L,297.7,308.8,1616,34.2,114,0,0,0,0,0,0,11.100000000000023,5.787567650149261
8892,M23751,M,297.7,308.9,1681,28.3,116,0,0,0,0,0,0,11.199999999999989,4.981759606478992
8893,L56072,L,297.6,308.8,1475,43.0,119,0,0,0,0,0,0,11.199999999999989,6.64185046846442
8894,L56073,L,297.5,308.7,1371,46.5,121,0,0,0,0,0,0,11.199999999999989,6.676041468510989
8895,M23754,M,297.5,308.7,1546,38.0,123,0,0,0,0,0,0,11.199999999999989,6.152076173769772
8896,H38309,H,297.4,308.6,1461,40.1,126,0,0,0,0,0,0,11.200000000000045,6.1351220454158994
8897,L56076,L,297.4,308.7,1638,31.9,131,0,0,0,0,0,0,11.300000000000011,5.471837588463486
8898,M23757,M,297.3,308.7,1577,35.6,133,0,0,0,0,0,0,11.399999999999977,5.879092716123844
8899,L56078,L,297.4,308.6,1532,38.7,136,0,0,0,0,0,0,11.200000000000045,6.208666729436436
8900,M23759,M,297.3,308.5,1710,27.7,138,0,0,0,0,0,0,11.199999999999989,4.9602606407529235
8901,M23760,M,297.3,308.6,1584,29.4,141,0,0,0,0,0,0,11.300000000000011,4.876757108020508
8902,L56081,L,297.3,308.6,1446,50.1,144,0,0,0,0,0,0,11.300000000000011,7.5863807717417036
8903,H38316,H,297.4,308.7,1522,46.3,146,0,0,0,0,0,0,11.300000000000011,7.379454535625255
8904,M23763,M,297.4,308.7,1382,49.9,151,0,0,0,0,0,0,11.300000000000011,7.221662808610953
8905,L56084,L,297.4,308.7,1584,38.2,154,0,0,0,0,0,0,11.300000000000011,6.33646671858447
8906,L56085,L,297.3,308.6,1385,55.2,156,0,0,0,0,0,0,11.300000000000011,8.00603471840823
8907,L56086,L,297.3,308.7,1592,34.4,158,0,0,0,0,0,0,11.399999999999977,5.734956445177143
8908,M23767,M,297.2,308.6,1404,43.7,160,0,0,0,0,0,0,11.400000000000034,6.425059631415702
8909,L56088,L,297.2,308.5,1518,44.3,163,0,0,0,0,0,0,11.300000000000011,7.042131260433807
8910,L56089,L,297.1,308.4,1529,40.4,165,0,0,0,0,0,0,11.299999999999955,6.468706825349575
8911,L56090,L,297.1,308.4,1550,37.0,167,0,0,0,0,0,0,11.299999999999955,6.005677956112487
8912,L56091,L,297.1,308.3,1773,23.8,169,0,0,0,0,0,0,11.199999999999989,4.418901394686331
8913,L56092,L,297.2,308.5,1446,43.7,171,0,0,0,0,0,0,11.300000000000011,6.6172622699623265
8914,M23773,M,297.2,308.5,1487,46.9,173,0,0,0,0,0,0,11.300000000000011,7.303187137971608
8915,M23774,M,297.3,308.5,1524,49.3,176,0,0,0,0,0,0,11.199999999999989,7.8679303053564205
8916,L56095,L,297.1,308.3,1403,54.1,179,0,0,0,0,0,0,11.199999999999989,7.948470269018952
8917,L56096,L,297.1,308.2,2267,15.7,181,0,0,0,0,0,0,11.099999999999966,3.727175052243418
8918,M23777,M,297.1,308.2,1529,37.9,183,0,0,0,0,0,0,11.099999999999966,6.0684155614046755
8919,L56098,L,297.1,308.2,1402,51.2,186,0,0,0,0,0,0,11.099999999999966,7.517035349901465
8920,L56099,L,297.2,308.3,1693,28.0,188,0,0,0,0,0,0,11.100000000000023,4.964135271692352
8921,L56100,L,297.1,308.3,1496,45.8,190,0,0,0,0,0,0,11.199999999999989,7.175062517582703
8922,L56101,L,297.1,308.1,1633,33.3,192,0,0,0,0,0,0,11.0,5.694545091676467
8923,L56102,L,297.1,308.2,1399,42.6,194,0,0,0,0,0,0,11.099999999999966,6.241025133768412
8924,M23783,M,297.0,308.1,1363,45.3,196,0,0,0,0,0,0,11.100000000000023,6.46580608813276
8925,H38338,H,297.1,308.2,1527,42.2,199,0,0,0,0,0,0,11.099999999999966,6.7480781880578045
8926,M23785,M,297.2,308.2,1405,42.5,204,0,0,0,0,0,0,11.0,6.253078377582684
8927,M23786,M,297.3,308.3,1459,59.6,207,1,0,0,1,1,0,11.0,9.106052914087185
8928,M23787,M,297.4,308.4,1789,25.0,210,0,0,0,0,0,0,11.0,4.683591047726783
8929,L56108,L,297.4,308.4,1531,41.5,213,0,0,0,0,0,0,11.0,6.653526721160263
8930,M23789,M,297.4,308.4,1620,35.8,215,0,0,0,0,0,0,11.0,6.073326917919788
8931,L56110,L,297.4,308.4,1571,39.4,0,0,0,0,0,0,0,11.0,6.481880570543628
8932,L56111,L,297.4,308.4,1434,39.9,2,0,0,0,0,0,0,11.0,5.9917083407795255
8933,L56112,L,297.4,308.4,1474,43.6,4,0,0,0,0,0,0,11.0,6.729961670422102
8934,M23793,M,297.3,308.3,1544,41.7,6,0,0,0,0,0,0,11.0,6.742360489428272
8935,L56114,L,297.3,308.2,1601,35.7,9,0,0,0,0,0,0,10.899999999999977,5.985330907692739
8936,L56115,L,297.4,308.3,1801,26.9,11,0,0,0,0,0,0,10.900000000000034,5.0733475043066445
8937,L56116,L,297.4,308.3,1465,42.0,13,0,0,0,0,0,0,10.900000000000034,6.443406532512666
8938,M23797,M,297.4,308.4,1340,52.6,15,0,0,0,0,0,0,11.0,7.381067219854099
8939,M23798,M,297.4,308.4,1517,41.0,18,0,0,0,0,0,0,11.0,6.513254609177477
8940,M23799,M,297.3,308.4,1434,44.8,21,0,0,0,0,0,0,11.099999999999966,6.727532172103326
8941,H38354,H,297.3,308.3,1935,19.3,24,0,0,0,0,0,0,11.0,3.910811614821254
8942,M23801,M,297.3,308.3,1595,32.2,29,0,0,0,0,0,0,11.0,5.378301903190606
8943,L56122,L,297.3,308.3,2188,17.0,32,0,0,0,0,0,0,11.0,3.8951560114308648
8944,M23803,M,297.3,308.4,1449,44.4,34,0,0,0,0,0,0,11.099999999999966,6.737208277476383
8945,L56124,L,297.3,308.3,1471,38.2,37,0,0,0,0,0,0,11.0,5.884433423634947
8946,L56125,L,297.4,308.2,1639,33.8,39,0,0,0,0,0,0,10.800000000000011,5.8012859380699355
8947,M23806,M,297.3,308.2,1846,24.5,41,0,0,0,0,0,0,10.899999999999977,4.736160364796852
8948,M23807,M,297.3,308.2,1452,38.2,44,0,0,0,0,0,0,10.899999999999977,5.8084278253690975
8949,M23808,M,297.4,308.3,1483,41.9,47,0,0,0,0,0,0,10.900000000000034,6.507044727698882
8950,L56129,L,297.4,308.3,1284,60.3,50,0,0,0,0,0,0,10.900000000000034,8.10794798409068
8951,L56130,L,297.4,308.2,1419,50.0,52,0,0,0,0,0,0,10.800000000000011,7.4298666257398605
8952,L56131,L,297.3,308.1,1763,28.4,54,0,0,0,0,0,0,10.800000000000011,5.243234363037268
8953,M23812,M,297.2,308.0,1478,42.5,56,0,0,0,0,0,0,10.800000000000011,6.577971417841429
8954,L56133,L,297.3,308.0,1518,36.0,59,0,0,0,0,0,0,10.699999999999989,5.722725177779167
8955,L56134,L,297.3,308.0,1447,49.0,61,0,0,0,0,0,0,10.699999999999989,7.424944797249236
8956,M23815,M,297.4,308.0,1355,55.1,63,0,0,0,0,0,0,10.600000000000023,7.818429277111358
8957,L56136,L,297.4,308.1,1348,57.4,66,0,0,0,0,0,0,10.700000000000045,8.102711996334698
8958,L56137,L,297.4,308.1,1348,53.7,68,0,0,0,0,0,0,10.700000000000045,7.580411745699884
8959,M23818,M,297.4,308.1,1734,27.7,70,0,0,0,0,0,0,10.700000000000045,5.029878333956473
8960,L56139,L,297.3,308.0,1420,46.5,73,0,0,0,0,0,0,10.699999999999989,6.914645430551134
8961,L56140,L,297.3,307.9,1797,24.7,75,0,0,0,0,0,0,10.599999999999966,4.648080578765707
8962,M23821,M,297.3,308.0,1403,45.0,77,0,0,0,0,0,0,10.699999999999989,6.61148173947972
8963,L56142,L,297.3,307.9,1628,30.2,80,0,0,0,0,0,0,10.599999999999966,5.148609592311145
8964,M23823,M,297.2,307.9,1687,30.4,82,0,0,0,0,0,0,10.699999999999989,5.370531697360727
8965,M23824,M,297.2,307.9,1456,44.9,85,0,0,0,0,0,0,10.699999999999989,6.845991159094685
8966,L56145,L,297.1,307.9,1496,44.7,88,0,0,0,0,0,0,10.799999999999955,7.0027356885577925
8967,L56146,L,297.1,307.8,1636,30.3,90,0,0,0,0,0,0,10.699999999999989,5.19104203708563
8968,L56147,L,297.1,307.8,1536,40.4,92,0,0,0,0,0,0,10.699999999999989,6.498321572097415
8969,L56148,L,297.1,307.8,1454,50.6,94,0,0,0,0,0,0,10.699999999999989,7.704483711565658
8970,L56149,L,297.0,307.8,1396,50.0,96,0,0,0,0,0,0,10.800000000000011,7.309438907352251
8971,L56150,L,297.0,307.6,1575,37.4,98,0,0,0,0,0,0,10.600000000000023,6.168517175323559
8972,L56151,L,296.9,307.6,1514,35.7,100,0,0,0,0,0,0,10.700000000000045,5.660081820266587
8973,M23832,M,296.8,307.4,1455,49.9,102,0,0,0,0,0,0,10.599999999999966,7.603125460585337
8974,L56153,L,296.8,307.4,1549,48.3,105,0,0,0,0,0,0,10.599999999999966,7.834786502861048
8975,L56154,L,296.8,307.5,1474,42.4,107,0,0,0,0,0,0,10.699999999999989,6.544733367566447
8976,H38389,H,296.7,307.4,1661,34.2,109,0,0,0,0,0,0,10.699999999999989,5.948731353278418
8977,L56156,L,296.7,307.4,1535,34.6,114,0,0,0,0,0,0,10.699999999999989,5.561770914160251
8978,M23837,M,296.9,307.5,1556,31.2,116,0,0,0,0,0,0,10.600000000000023,5.0838508957451465
8979,L56158,L,296.9,307.6,1435,45.0,119,0,0,0,0,0,0,10.700000000000045,6.76227818685203
8980,M23839,M,296.9,307.5,1332,51.1,121,0,0,0,0,0,0,10.600000000000023,7.127771076170666
8981,L56160,L,297.0,307.6,1513,42.4,124,0,0,0,0,0,0,10.600000000000023,6.717897954632318
8982,L56161,L,297.0,307.7,1502,39.4,126,0,0,0,0,0,0,10.699999999999989,6.197189444275321
8983,L56162,L,297.0,307.7,1315,60.1,128,0,0,0,0,0,0,10.699999999999989,8.276159326739391
8984,M23843,M,297.0,307.7,1261,51.1,130,0,0,0,0,0,0,10.699999999999989,6.747837332621029
8985,L56164,L,297.1,307.8,1406,60.4,133,0,0,0,0,0,0,10.699999999999989,8.893052932173793
8986,L56165,L,297.1,307.8,1584,42.3,135,0,0,0,0,0,0,10.699999999999989,7.016558696233588
8987,M23846,M,297.1,307.8,1443,43.9,137,0,0,0,0,0,0,10.699999999999989,6.633755631393671
8988,L56167,L,297.2,307.9,1580,35.8,140,0,0,0,0,0,0,10.699999999999989,5.923368228588434
8989,L56168,L,297.2,307.9,1825,24.6,142,0,0,0,0,0,0,10.699999999999989,4.701393406097126
8990,L56169,L,297.2,307.9,1469,48.2,144,0,0,0,0,0,0,10.699999999999989,7.4147660370516055
8991,L56170,L,297.2,307.9,1493,38.4,146,0,0,0,0,0,0,10.699999999999989,6.003709224716238
8992,M23851,M,297.3,308.0,1598,29.4,148,0,0,0,0,0,0,10.699999999999989,4.91985975922776
8993,H38406,H,297.2,307.9,1450,37.2,151,0,0,0,0,0,0,10.699999999999989,5.648583591154448
8994,M23853,M,297.2,307.9,1632,37.5,156,0,0,0,0,0,0,10.699999999999989,6.408849013323178
8995,M23854,M,297.1,307.9,1980,20.3,159,0,0,0,0,0,0,10.799999999999955,4.209105837279605
8996,L56175,L,297.2,308.0,1474,43.7,162,0,0,0,0,0,0,10.800000000000011,6.745397362326741
8997,L56176,L,297.2,307.9,1540,37.1,164,0,0,0,0,0,0,10.699999999999989,5.983058489006641
8998,M23857,M,297.1,307.9,1609,38.9,166,0,0,0,0,0,0,10.799999999999955,6.554419944915017
8999,L56178,L,297.1,308.0,1467,42.8,169,0,0,0,0,0,0,10.899999999999977,6.5751020965511495
9000,L56179,L,297.1,307.9,1492,39.4,171,0,0,0,0,0,0,10.799999999999955,6.155929860758175
9001,L56180,L,297.0,307.9,1493,46.1,173,0,0,0,0,0,0,10.899999999999977,7.207578001547359
9002,L56181,L,297.0,307.8,1500,39.9,175,0,0,0,0,0,0,10.800000000000011,6.267477343911637
9003,L56182,L,297.1,307.8,1477,36.6,177,0,0,0,0,0,0,10.699999999999989,5.660961466209593
9004,L56183,L,297.1,307.9,1342,49.1,179,0,0,0,0,0,0,10.799999999999955,6.900215048295646
9005,M23864,M,297.1,307.8,1538,34.3,181,0,0,0,0,0,0,10.699999999999989,5.524323129729459
9006,L56185,L,297.2,307.9,1337,58.1,184,0,0,0,0,0,0,10.699999999999989,8.134599161768636
9007,L56186,L,297.3,307.9,1417,41.8,186,0,0,0,0,0,0,10.599999999999966,6.202613927590519
9008,L56187,L,297.4,308.0,1383,46.2,188,0,0,0,0,0,0,10.600000000000023,6.691026865468612
9009,M23868,M,297.4,308.0,1440,42.4,190,0,0,0,0,0,0,10.600000000000023,6.393769368585946
9010,L56189,L,297.3,307.9,1579,34.4,193,0,0,0,0,0,0,10.599999999999966,5.688125770687632
9011,L56190,L,297.2,307.9,1441,40.0,195,0,0,0,0,0,0,10.699999999999989,6.036046685097189
9012,M23871,M,297.2,307.9,1530,35.9,197,0,0,0,0,0,0,10.699999999999989,5.751941989457552
9013,L56192,L,297.2,308.0,1705,26.0,200,0,0,0,0,0,0,10.800000000000011,4.6422267444545176
9014,H38427,H,297.2,308.0,1435,43.0,202,0,0,0,0,0,0,10.800000000000011,6.461732489658606
9015,M23874,M,297.2,308.1,1340,61.3,207,1,0,0,0,1,0,10.900000000000034,8.601890125039093
9016,L56195,L,297.2,308.1,1431,49.7,210,1,0,0,0,0,0,10.900000000000034,7.447742287938787
9017,L56196,L,297.3,308.2,1396,52.7,212,1,0,0,0,1,0,10.899999999999977,7.704148608349275
9018,M23877,M,297.3,308.1,1369,52.0,214,0,0,0,0,0,0,10.800000000000011,7.45478992745834
9019,L56198,L,297.3,308.1,1615,35.4,217,1,1,0,0,0,0,10.800000000000011,5.986933119946069
9020,L56199,L,297.2,308.1,1662,31.3,0,0,0,0,0,0,0,10.900000000000034,5.447584493177773
9021,L56200,L,297.3,308.2,1553,33.5,2,0,0,0,0,0,0,10.899999999999977,5.448097619977859
9022,M23881,M,297.4,308.2,1536,34.6,4,0,0,0,0,0,0,10.800000000000011,5.56539421768739
9023,L56202,L,297.4,308.3,1548,46.6,7,0,0,0,0,0,0,10.900000000000034,7.554148031115873
9024,L56203,L,297.4,308.3,1706,30.9,9,0,0,0,0,0,0,10.900000000000034,5.520343779034913
9025,L56204,L,297.4,308.3,1366,45.5,11,0,0,0,0,0,0,10.900000000000034,6.5086469399522136
9026,L56205,L,297.5,308.4,1440,35.9,13,0,0,0,0,0,0,10.899999999999977,5.413592460665931
9027,M23886,M,297.5,308.4,1685,28.1,15,0,0,0,0,0,0,10.899999999999977,4.95832332528321
9028,M23887,M,297.4,308.3,1444,44.0,18,0,0,0,0,0,0,10.900000000000034,6.6534743612827025
9029,L56208,L,297.4,308.3,1395,48.7,21,0,0,0,0,0,0,10.900000000000034,7.114293643686766
9030,L56209,L,297.4,308.3,1483,38.8,23,0,0,0,0,0,0,10.900000000000034,6.025616597487271
9031,M23890,M,297.5,308.4,1403,44.3,25,0,0,0,0,0,0,10.899999999999977,6.5086364679767
9032,H38445,H,297.5,308.4,1793,23.9,28,0,0,0,0,0,0,10.899999999999977,4.487524250216244
9033,L56212,L,297.4,308.3,1723,28.8,33,0,0,0,0,0,0,10.900000000000034,5.196445576449804
9034,L56213,L,297.4,308.2,1386,41.0,35,0,0,0,0,0,0,10.800000000000011,5.950804804429786
9035,H38448,H,297.4,308.2,1585,46.2,37,0,0,0,0,0,0,10.800000000000011,7.668313508147326
9036,M23895,M,297.3,308.1,1731,27.7,42,0,0,0,0,0,0,10.800000000000011,5.02117612230603
9037,L56216,L,297.3,308.3,1519,37.7,45,0,0,0,0,0,0,11.0,5.996912912608973
9038,L56217,L,297.3,308.2,1896,24.4,47,0,0,0,0,0,0,10.899999999999977,4.844587199247748
9039,L56218,L,297.3,308.3,2358,14.9,49,0,0,0,0,0,0,11.0,3.67924482032515
9040,M23899,M,297.3,308.3,1341,51.9,51,0,0,0,0,0,0,11.0,7.288275044842568
9041,L56220,L,297.3,308.3,1550,37.0,54,0,0,0,0,0,0,11.0,6.005677956112487
9042,L56221,L,297.3,308.3,1309,61.5,56,0,0,0,0,0,0,11.0,8.43030680627553
9043,M23902,M,297.3,308.4,1599,32.9,58,0,0,0,0,0,0,11.099999999999966,5.509002629555454
9044,L56223,L,297.4,308.4,1343,40.0,61,0,0,0,0,0,0,11.0,5.625545245028124
9045,L56224,L,297.4,308.4,1378,39.9,63,0,0,0,0,0,0,11.0,5.757722519940157
9046,L56225,L,297.4,308.4,1603,34.6,65,0,0,0,0,0,0,11.0,5.808155554005786
9047,L56226,L,297.4,308.4,1664,28.1,67,0,0,0,0,0,0,11.0,4.8965281977871
9048,L56227,L,297.3,308.4,1488,37.4,69,0,0,0,0,0,0,11.099999999999966,5.827780036115209
9049,M23908,M,297.3,308.4,1370,50.5,71,0,0,0,0,0,0,11.099999999999966,7.245036257953661
9050,L56229,L,297.3,308.5,1545,34.3,74,0,0,0,0,0,0,11.199999999999989,5.54946634293369
9051,M23910,M,297.4,308.5,1566,31.4,76,0,0,0,0,0,0,11.100000000000023,5.149321686645957
9052,L56231,L,297.4,308.6,1820,24.6,79,0,0,0,0,0,0,11.200000000000045,4.688512876217408
9053,M23912,M,297.4,308.6,1901,22.1,81,0,0,0,0,0,0,11.200000000000045,4.399496824062659
9054,M23913,M,297.4,308.5,1638,32.2,84,0,0,0,0,0,0,11.100000000000023,5.523296876129287
9055,M23914,M,297.3,308.4,1521,38.2,87,0,0,0,0,0,0,11.099999999999966,6.084448155913496
9056,H38469,H,297.3,308.4,1864,23.1,90,0,0,0,0,0,0,11.099999999999966,4.5090651038443585
9057,L56236,L,297.3,308.3,1430,41.9,95,0,0,0,0,0,0,11.0,6.2744935675046545
9058,M23917,M,297.3,308.4,1686,34.5,97,0,0,0,0,0,0,11.099999999999966,6.09123399604525
9059,M23918,M,297.2,308.3,1326,57.2,100,0,0,0,0,0,0,11.100000000000023,7.942700210511859
9060,L56239,L,297.2,308.3,1805,25.6,103,0,0,0,0,0,0,11.100000000000023,4.838890444569238
9061,H38474,H,297.2,308.3,1453,45.8,105,0,0,0,0,0,0,11.100000000000023,6.9688274318500465
9062,M23921,M,297.2,308.4,1863,26.0,110,0,0,0,0,0,0,11.199999999999989,5.07241549848608
9063,L56242,L,297.2,308.3,1576,35.3,113,0,0,0,0,0,0,11.100000000000023,5.825853192621008
9064,L56243,L,297.2,308.3,1419,39.7,115,0,0,0,0,0,0,11.100000000000023,5.89931410083745
9065,L56244,L,297.2,308.4,1833,25.2,117,0,0,0,0,0,0,11.199999999999989,4.8371730405852755
9066,H38479,H,297.2,308.4,2182,17.3,119,0,0,0,0,0,0,11.199999999999989,3.953024148109989
9067,L56246,L,297.2,308.3,1656,30.3,124,0,0,0,0,0,0,11.100000000000023,5.2545022086881445
9068,L56247,L,297.1,308.2,1351,56.6,126,0,0,0,0,0,0,11.099999999999966,8.007563626832976
9069,H38482,H,297.1,308.2,1790,30.3,128,0,0,0,0,0,0,11.099999999999966,5.679685358424988
9070,M23929,M,297.2,308.2,1678,28.1,133,0,0,0,0,0,0,11.0,4.937724949451174
9071,L56250,L,297.1,308.2,1427,45.2,136,0,0,0,0,0,0,11.099999999999966,6.7544660931201035
9072,L56251,L,297.0,308.1,1429,54.0,138,0,0,0,0,0,0,11.100000000000023,8.080804623563665
9073,H38486,H,297.2,308.1,1770,27.2,140,0,0,0,0,0,0,10.900000000000034,5.0416278904809
9074,L56253,L,297.2,308.1,1689,31.2,145,0,0,0,0,0,0,10.900000000000034,5.518395991589687
9075,M23934,M,297.2,308.1,1554,41.3,147,0,0,0,0,0,0,10.900000000000034,6.720934827530787
9076,L56255,L,297.3,308.1,1506,36.0,150,0,0,0,0,0,0,10.800000000000011,5.677486243567474
9077,L56256,L,297.2,308.1,1474,44.3,152,0,0,0,0,0,0,10.900000000000034,6.838011513754567
9078,L56257,L,297.3,308.1,1762,26.1,154,0,0,0,0,0,0,10.800000000000011,4.815873042393938
9079,L56258,L,297.3,308.1,1566,35.7,156,0,0,0,0,0,0,10.800000000000011,5.854483573670723
9080,H38493,H,297.3,308.1,1554,42.4,158,0,0,0,0,0,0,10.800000000000011,6.899942776932334
9081,L56260,L,297.2,308.0,1869,25.4,163,0,0,0,0,0,0,10.800000000000011,4.971319046893561
9082,L56261,L,297.3,308.0,1527,35.1,165,0,0,0,0,0,0,10.699999999999989,5.612738018976988
9083,L56262,L,297.2,307.9,1309,49.6,167,0,0,0,0,0,0,10.699999999999989,6.799076708801078
9084,M23943,M,297.2,307.9,1541,35.7,169,0,0,0,0,0,0,10.699999999999989,5.761021192226427
9085,L56264,L,297.2,307.9,1326,75.4,172,1,0,0,1,1,0,10.699999999999989,10.469923004765635
9086,H38499,H,297.1,307.9,1365,54.0,174,0,0,0,0,0,0,10.799999999999955,7.718893149870121
9087,L56266,L,297.1,307.8,1428,43.7,179,0,0,0,0,0,0,10.699999999999989,6.534889710585202
9088,L56267,L,297.1,307.8,1681,27.6,181,0,0,0,0,0,0,10.699999999999989,4.858535870629686
9089,M23948,M,297.1,307.9,1662,26.9,183,0,0,0,0,0,0,10.799999999999955,4.6817898679387255
9090,L56269,L,297.2,307.9,1989,20.3,186,0,0,0,0,0,0,10.699999999999989,4.228238136539967
9091,M23950,M,297.2,307.9,1747,29.0,188,0,0,0,0,0,0,10.699999999999989,5.305416953627323
9092,M23951,M,297.2,308.0,1765,31.1,191,0,0,0,0,0,0,10.800000000000011,5.748224438150804
9093,L56272,L,297.3,308.1,1568,34.4,194,0,0,0,0,0,0,10.800000000000011,5.648499815350352
9094,M23953,M,297.3,308.1,1709,30.6,196,0,0,0,0,0,0,10.800000000000011,5.4763614818846555
9095,M23954,M,297.3,308.1,1370,58.8,199,0,0,0,0,0,0,10.800000000000011,8.435804593419313
9096,L56275,L,297.3,308.1,1458,45.7,202,0,0,0,0,0,0,10.800000000000011,6.977540115476002
9097,L56276,L,297.2,308.1,1712,30.9,204,0,0,0,0,0,0,10.900000000000034,5.539758821634098
9098,L56277,L,297.3,308.1,1642,36.9,206,0,0,0,0,0,0,10.800000000000011,6.344949018749162
9099,L56278,L,297.3,308.1,1468,49.8,0,0,0,0,0,0,0,10.800000000000011,7.6556843056798956
9100,H38513,H,297.3,308.1,1477,52.3,2,0,0,0,0,0,0,10.800000000000011,8.089297395703868
9101,L56280,L,297.3,308.2,1446,53.5,7,0,0,0,0,0,0,10.899999999999977,8.101224975812
9102,H38515,H,297.3,308.2,1653,31.4,9,0,0,0,0,0,0,10.899999999999977,5.435395113681844
9103,L56282,L,297.3,308.3,1494,38.2,14,0,0,0,0,0,0,11.0,5.976440200483079
9104,L56283,L,297.3,308.2,1490,41.0,16,0,0,0,0,0,0,10.899999999999977,6.3973298402600145
9105,M23964,M,297.4,308.3,1550,47.8,18,0,0,0,0,0,0,10.900000000000034,7.758686656815593
9106,M23965,M,297.3,308.2,1677,34.9,21,0,0,0,0,0,0,10.899999999999977,6.128964523814863
9107,L56286,L,297.4,308.3,1854,21.8,24,0,0,0,0,0,0,10.900000000000034,4.232479286622313
9108,M23967,M,297.5,308.5,1662,30.3,26,0,0,0,0,0,0,11.0,5.2735402601688985
9109,M23968,M,297.5,308.6,1440,38.8,29,0,0,0,0,0,0,11.100000000000023,5.85090215804563
9110,L56289,L,297.5,308.6,1513,39.7,32,0,0,0,0,0,0,11.100000000000023,6.290107282992996
9111,M23970,M,297.6,308.6,1389,49.0,34,0,0,0,0,0,0,11.0,7.127331253199163
9112,L56291,L,297.6,308.6,1351,51.0,37,0,0,0,0,0,0,11.0,7.215295847499679
9113,M23972,M,297.6,308.6,1482,38.3,39,0,0,0,0,0,0,11.0,5.94395613244496
9114,L56293,L,297.6,308.6,1744,28.5,42,0,0,0,0,0,0,11.0,5.204990708467569
9115,L56294,L,297.6,308.7,1476,39.0,44,0,0,0,0,0,0,11.099999999999966,6.028087983708096
9116,M23975,M,297.6,308.6,1444,48.2,46,0,0,0,0,0,0,11.0,7.288578732132416
9117,H38530,H,297.6,308.7,1659,32.1,49,0,0,0,0,0,0,11.099999999999966,5.57673536716685
9118,M23977,M,297.6,308.7,1475,46.6,54,0,0,0,0,0,0,11.099999999999966,7.197912368149815
9119,L56298,L,297.6,308.6,1526,42.1,57,0,0,0,0,0,0,11.0,6.7276787797604936
9120,M23979,M,297.4,308.4,1675,29.5,59,0,0,0,0,0,0,11.0,5.1744648998501885
9121,L56300,L,297.4,308.4,1525,38.7,62,0,0,0,0,0,0,11.0,6.18029814777452
9122,L56301,L,297.3,308.3,1396,45.9,64,0,0,0,0,0,0,11.0,6.710064916949368
9123,L56302,L,297.4,308.4,1580,41.2,66,0,0,0,0,0,0,11.0,6.816837179269374
9124,L56303,L,297.4,308.5,1462,42.8,68,0,0,0,0,0,0,11.100000000000023,6.552692068955542
9125,L56304,L,297.4,308.4,1426,50.4,70,0,0,0,0,0,0,11.0,7.526250688351994
9126,L56305,L,297.4,308.5,1569,34.2,72,0,0,0,0,0,0,11.100000000000023,5.61924111576992
9127,L56306,L,297.4,308.5,1477,40.7,74,0,0,0,0,0,0,11.100000000000023,6.295112887287716
9128,L56307,L,297.4,308.5,1761,27.2,76,0,0,0,0,0,0,11.100000000000023,5.015992494427608
9129,M23988,M,297.5,308.6,1486,45.9,78,0,0,0,0,0,0,11.100000000000023,7.1426622253486824
9130,L56309,L,297.6,308.6,1664,30.1,81,0,0,0,0,0,0,11.0,5.2450355428253275
9131,L56310,L,297.6,308.6,1576,32.7,83,0,0,0,0,0,0,11.0,5.396753524042691
9132,H38545,H,297.6,308.6,1463,46.7,85,0,0,0,0,0,0,11.0,7.154673581260908
9133,M23992,M,297.6,308.6,1585,42.0,90,0,0,0,0,0,0,11.0,6.971194098315752
9134,L56313,L,297.7,308.7,1479,45.7,93,0,0,0,0,0,0,11.0,7.07803966446434
9135,L56314,L,297.7,308.7,1449,40.2,95,0,0,0,0,0,0,11.0,6.099904791769159
9136,H38549,H,297.7,308.8,1404,50.3,97,0,0,0,0,0,0,11.100000000000023,7.395434770256516
9137,L56316,L,297.7,308.7,1694,29.1,102,0,0,0,0,0,0,11.0,5.162202216525677
9138,L56317,L,297.7,308.7,1731,28.4,104,0,0,0,0,0,0,11.0,5.148065049584521
9139,L56318,L,297.6,308.6,1522,37.0,106,0,0,0,0,0,0,11.0,5.89718828980852
9140,L56319,L,297.5,308.5,1536,36.9,108,0,0,0,0,0,0,11.0,5.935348168574125
9141,L56320,L,297.5,308.5,1373,39.9,110,0,0,0,0,0,0,11.0,5.736830928793785
9142,L56321,L,297.5,308.5,1597,36.4,112,0,0,0,0,0,0,11.0,6.087443140909918
9143,L56322,L,297.6,308.5,1678,34.2,114,0,0,0,0,0,0,10.899999999999977,6.009615418904987
9144,L56323,L,297.6,308.5,1452,42.6,116,0,0,0,0,0,0,10.899999999999977,6.4774613968775805
9145,M24004,M,297.5,308.5,1447,41.6,118,0,0,0,0,0,0,11.0,6.303626603378944
9146,L56325,L,297.6,308.5,1574,37.1,121,0,0,0,0,0,0,10.899999999999977,6.11515198811458
9147,L56326,L,297.6,308.6,1528,40.0,123,0,0,0,0,0,0,11.0,6.400471432913605
9148,L56327,L,297.7,308.7,1688,27.2,125,0,0,0,0,0,0,11.0,4.8080609486620105
9149,L56328,L,297.6,308.6,1393,40.4,127,0,0,0,0,0,0,11.0,5.893334602820117
9150,M24009,M,297.5,308.6,1429,50.5,129,0,0,0,0,0,0,11.100000000000023,7.557048768332688
9151,M24010,M,297.5,308.6,1347,57.0,132,0,0,0,0,0,0,11.100000000000023,8.040278078332356
9152,L56331,L,297.6,308.6,1553,40.5,135,0,0,0,0,0,0,11.0,6.586506077883681
9153,L56332,L,297.5,308.6,1260,53.6,137,0,0,0,0,0,0,11.100000000000023,7.072353381761343
9154,L56333,L,297.5,308.6,1546,33.8,139,0,0,0,0,0,0,11.100000000000023,5.472109859826797
9155,L56334,L,297.5,308.6,1596,36.0,141,0,0,0,0,0,0,11.100000000000023,6.016778250155172
9156,L56335,L,297.5,308.5,1340,57.4,143,0,0,0,0,0,0,11.0,8.05462468478375
9157,M24016,M,297.5,308.4,1369,54.8,145,0,0,0,0,0,0,10.899999999999977,7.856201692783018
9158,L56337,L,297.5,308.5,1462,52.3,148,0,0,0,0,0,0,11.0,8.007144747812495
9159,H38572,H,297.4,308.4,1487,46.2,150,0,0,0,0,0,0,11.0,7.194184344867554
9160,M24019,M,297.5,308.6,1510,35.5,155,0,0,0,0,0,0,11.100000000000023,5.613502473189363
9161,H38574,H,297.5,308.5,1671,28.0,158,0,0,0,0,0,0,11.0,4.899627902538642
9162,M24021,M,297.5,308.5,1612,30.0,163,0,0,0,0,0,0,11.0,5.064247357586746
9163,M24022,M,297.6,308.6,1509,39.7,166,0,0,0,0,0,0,11.0,6.273477785879995
9164,L56343,L,297.6,308.6,1415,47.3,169,0,0,0,0,0,0,11.0,7.008840850281269
9165,L56344,L,297.6,308.6,2384,14.4,171,0,0,0,0,0,0,11.0,3.594987305355872
9166,L56345,L,297.6,308.6,1326,62.4,173,0,0,0,0,0,0,11.0,8.664763866012937
9167,M24026,M,297.6,308.6,1390,53.4,175,0,0,0,0,0,0,11.0,7.772928543511865
9168,M24027,M,297.6,308.7,1392,41.2,178,0,0,0,0,0,0,11.099999999999966,6.005719844014537
9169,H38582,H,297.6,308.8,1385,44.4,181,0,0,0,0,0,0,11.199999999999989,6.439636621328358
9170,L56349,L,297.7,308.8,1896,24.5,186,0,0,0,0,0,0,11.100000000000023,4.864442064818435
9171,L56350,L,297.7,308.7,1474,46.8,188,0,0,0,0,0,0,11.0,7.223903811370513
9172,M24031,M,297.7,308.8,1388,45.6,190,0,0,0,0,0,0,11.100000000000023,6.628006516837602
9173,L56352,L,297.7,308.9,1715,27.2,193,0,0,0,0,0,0,11.199999999999989,4.8849671368218885
9174,H38587,H,297.8,308.9,1650,32.2,195,0,0,0,0,0,0,11.099999999999966,5.563760589507524
9175,L56354,L,297.8,308.9,1871,25.6,200,1,1,0,0,0,0,11.099999999999966,5.015824942819416
9176,L56355,L,297.8,309.0,1403,64.2,0,1,0,0,1,0,0,11.199999999999989,9.432380614991066
9177,L56356,L,297.8,308.9,1518,40.4,2,0,0,0,0,0,0,11.099999999999966,6.422169366174398
9178,L56357,L,297.9,309.1,1504,43.0,4,0,0,0,0,0,0,11.200000000000045,6.772436003098637
9179,L56358,L,297.8,309.0,1340,56.9,6,0,0,0,0,0,0,11.199999999999989,7.984462448853579
9180,H38593,H,297.9,309.1,1435,44.7,8,0,0,0,0,0,0,11.200000000000045,6.7171963322730175
9181,L56360,L,297.9,309.1,1507,36.9,13,0,0,0,0,0,0,11.200000000000045,5.823287558620576
9182,L56361,L,297.9,309.1,1521,36.1,15,0,0,0,0,0,0,11.200000000000045,5.749962786085791
9183,M24042,M,297.8,309.0,1576,45.0,17,0,0,0,0,0,0,11.199999999999989,7.426725033086272
9184,L56363,L,297.9,309.1,1543,36.6,20,0,0,0,0,0,0,11.200000000000045,5.913922506676642
9185,L56364,L,298.0,309.2,1665,36.6,22,0,0,0,0,0,0,11.199999999999989,6.381517157236948
9186,L56365,L,297.9,309.1,1442,50.3,24,0,0,0,0,0,0,11.200000000000045,7.595596110192234
9187,L56366,L,297.9,309.0,1629,29.0,26,0,0,0,0,0,0,11.100000000000023,4.947065951607848
9188,L56367,L,297.9,309.0,1379,47.3,28,0,0,0,0,0,0,11.100000000000023,6.830524051263512
9189,L56368,L,297.9,309.0,1502,40.2,30,0,0,0,0,0,0,11.100000000000023,6.3230207020271045
9190,L56369,L,297.9,309.1,1595,32.0,32,0,0,0,0,0,0,11.200000000000045,5.344896301307435
9191,M24050,M,298.0,309.0,1439,38.5,34,0,0,0,0,0,0,11.0,5.801631513261831
9192,M24051,M,297.9,309.0,1970,21.6,37,0,0,0,0,0,0,11.100000000000023,4.456035019851762
9193,L56372,L,297.9,309.0,1562,35.8,40,0,0,0,0,0,0,11.100000000000023,5.855886818389326
9194,M24053,M,297.9,309.0,1530,40.9,42,0,0,0,0,0,0,11.100000000000023,6.55304811612295
9195,L56374,L,297.9,308.9,1393,40.6,45,0,0,0,0,0,0,11.0,5.922509526596453
9196,L56375,L,297.9,309.0,1532,37.6,47,0,0,0,0,0,0,11.100000000000023,6.032192998108786
9197,L56376,L,298.0,308.9,1607,37.7,49,0,0,0,0,0,0,10.899999999999977,6.344331172193956
9198,M24057,M,297.9,308.8,1469,49.0,51,0,0,0,0,0,0,10.900000000000034,7.537832693268229
9199,M24058,M,297.9,308.8,1538,37.6,54,0,0,0,0,0,0,10.900000000000034,6.0558177748637805
9200,L56379,L,297.9,308.8,1613,31.4,57,0,0,0,0,0,0,10.900000000000034,5.3038671012515515
9201,M24060,M,297.9,308.8,1602,32.1,59,0,0,0,0,0,0,10.900000000000034,5.385129631224409
9202,L56381,L,297.8,308.7,1404,44.2,62,0,0,0,0,0,0,10.899999999999977,6.498572899509703
9203,L56382,L,297.8,308.8,1548,36.9,64,0,0,0,0,0,0,11.0,5.98171807614111
9204,L56383,L,297.8,308.8,1559,35.2,66,0,0,0,0,0,0,11.0,5.746685057750546
9205,L56384,L,297.8,308.8,1621,36.1,68,0,0,0,0,0,0,11.0,6.128001102067763
9206,L56385,L,297.8,308.8,1579,32.9,70,0,0,0,0,0,0,11.0,5.440097030686718
9207,M24066,M,297.9,308.9,1547,44.0,72,0,0,0,0,0,0,11.0,7.128064291485001
9208,L56387,L,297.9,308.8,1386,48.6,75,0,0,0,0,0,0,10.900000000000034,7.053880816958235
9209,L56388,L,298.0,308.9,1406,40.9,77,0,0,0,0,0,0,10.899999999999977,6.021951406058083
9210,M24069,M,298.0,309.0,1393,55.9,79,0,0,0,0,0,0,11.0,8.15439119548625
9211,M24070,M,297.9,309.0,2456,13.9,82,0,0,0,0,0,0,11.100000000000023,3.5749648881769924
9212,M24071,M,298.0,309.0,1409,49.1,85,0,0,0,0,0,0,11.0,7.244711626712791
9213,L56392,L,298.0,308.9,1390,53.9,88,0,0,0,0,0,0,10.899999999999977,7.8457087733200295
9214,L56393,L,298.0,309.0,1679,32.4,90,0,0,0,0,0,0,11.0,5.696712790607444
9215,L56394,L,298.0,308.9,1508,37.1,92,0,0,0,0,0,0,10.899999999999977,5.858735195728582
9216,L56395,L,297.9,308.8,1681,31.7,94,0,0,0,0,0,0,10.900000000000034,5.580274894889893
9217,H38630,H,297.7,308.8,1469,43.7,96,0,0,0,0,0,0,11.100000000000023,6.722516095833096
9218,L56397,L,297.8,308.8,1421,49.6,101,0,0,0,0,0,0,11.0,7.380815892441812
9219,L56398,L,297.7,308.8,1354,50.2,103,0,0,0,0,0,0,11.100000000000023,7.11788553128737
9220,M24079,M,297.7,308.8,1350,57.0,105,0,0,0,0,0,0,11.100000000000023,8.058185156457819
9221,L56400,L,297.8,308.9,1282,58.1,108,0,0,0,0,0,0,11.099999999999966,7.799967184283761
9222,M24081,M,297.8,309.0,1675,30.0,110,0,0,0,0,0,0,11.199999999999989,5.262167694762903
9223,M24082,M,297.9,309.0,1525,38.5,113,0,0,0,0,0,0,11.100000000000023,6.148358622463024
9224,L56403,L,297.9,309.0,1382,43.9,116,0,0,0,0,0,0,11.100000000000023,6.353326599158735
9225,L56404,L,297.9,309.0,1450,46.8,118,0,0,0,0,0,0,11.100000000000023,7.106282582420111
9226,L56405,L,298.0,309.1,1820,23.6,120,0,0,0,0,0,0,11.100000000000023,4.497922921899627
9227,L56406,L,298.0,309.1,1822,23.5,122,0,0,0,0,0,0,11.100000000000023,4.483785754958473
9228,L56407,L,298.0,309.1,1473,44.3,124,0,0,0,0,0,0,11.100000000000023,6.833372428602766
9229,M24088,M,298.1,309.1,1572,37.5,126,0,0,0,0,0,0,11.0,6.173229564303943
9230,M24089,M,298.1,309.0,2042,17.8,129,0,0,0,0,0,0,10.899999999999977,3.806311771187346
9231,L56410,L,298.2,309.2,1922,22.6,132,0,0,0,0,0,0,11.0,4.5487329470836855
9232,L56411,L,298.2,309.1,1539,36.5,134,0,0,0,0,0,0,10.900000000000034,5.882475164214208
9233,L56412,L,298.2,309.1,1350,52.0,136,0,0,0,0,0,0,10.900000000000034,7.351326809400116
9234,L56413,L,298.3,309.1,1403,45.1,138,0,0,0,0,0,0,10.800000000000011,6.626173921123007
9235,L56414,L,298.3,309.1,1904,20.3,140,0,0,0,0,0,0,10.800000000000011,4.047544199080994
9236,M24095,M,298.2,308.9,1592,35.2,142,0,0,0,0,0,0,10.699999999999989,5.868327525297543
9237,L56416,L,298.1,308.7,1556,31.6,145,0,0,0,0,0,0,10.599999999999966,5.149028471331623
9238,M24097,M,298.1,308.8,1811,25.4,147,0,0,0,0,0,0,10.699999999999989,4.817045903651278
9239,M24098,M,298.2,308.8,1456,41.2,150,0,0,0,0,0,0,10.600000000000023,6.281844894314055
9240,H38653,H,298.2,308.8,1436,51.9,153,0,0,0,0,0,0,10.600000000000023,7.804595797460051
9241,M24100,M,298.1,308.7,1362,49.6,158,0,0,0,0,0,0,10.599999999999966,7.0743640010596405
9242,L56421,L,298.1,308.7,1683,29.1,161,0,0,0,0,0,0,10.599999999999966,5.128681422911874
9243,M24102,M,298.2,308.7,1269,60.9,163,0,0,0,0,0,0,10.5,8.092962587133059
9244,L56423,L,298.3,308.8,1454,49.0,166,0,0,0,0,0,0,10.5,7.46086367325528
9245,L56424,L,298.3,308.8,1767,27.3,168,0,0,0,0,0,0,10.5,5.051586739192779
9246,L56425,L,298.3,308.9,1708,27.3,170,0,0,0,0,0,0,10.599999999999966,4.882914629621544
9247,L56426,L,298.3,308.9,1862,27.0,172,0,0,0,0,0,0,10.599999999999966,5.2646809688857745
9248,L56427,L,298.3,308.9,1695,30.7,174,0,0,0,0,0,0,10.599999999999966,5.449249537284176
9249,M24108,M,298.3,309.1,1488,40.6,176,0,0,0,0,0,0,10.800000000000011,6.326413622092982
9250,L56429,L,298.3,309.0,1657,32.2,179,0,0,0,0,0,0,10.699999999999989,5.587364422311495
9251,H38664,H,298.3,309.0,1823,25.9,181,0,0,0,0,0,0,10.699999999999989,4.94441654180332
9252,M24111,M,298.2,309.1,1651,28.8,186,0,0,0,0,0,0,10.900000000000034,4.9792986922336775
9253,M24112,M,298.1,309.0,1533,36.1,189,0,0,0,0,0,0,10.899999999999977,5.7953273840036275
9254,M24113,M,298.2,309.0,1508,40.5,192,0,0,0,0,0,0,10.800000000000011,6.395654324178101
9255,L56434,L,298.3,309.1,1616,31.1,195,0,0,0,0,0,0,10.800000000000011,5.2629635649018125
9256,L56435,L,298.2,309.0,1651,31.5,197,0,0,0,0,0,0,10.800000000000011,5.446107944630586
9257,L56436,L,298.2,309.1,1569,35.2,199,0,0,0,0,0,0,10.900000000000034,5.783546411552667
9258,M24117,M,298.3,309.1,1296,58.7,201,0,0,0,0,0,0,10.800000000000011,7.966576314679141
9259,H38672,H,298.3,309.0,1379,43.2,0,0,0,0,0,0,0,10.699999999999989,6.238449027792467
9260,M24119,M,298.2,309.0,1694,28.0,5,0,0,0,0,0,0,10.800000000000011,4.967067424835702
9261,L56440,L,298.2,309.0,1377,57.8,8,0,0,0,0,0,0,10.800000000000011,8.334708141826793
9262,H38675,H,298.3,309.0,1470,38.4,10,0,0,0,0,0,0,10.699999999999989,5.911220736994554
9263,M24122,M,298.3,309.1,1404,47.0,15,0,0,0,0,0,0,10.800000000000011,6.9102472008361095
9264,L56443,L,298.3,309.1,1593,40.1,18,0,0,0,0,0,0,10.800000000000011,6.689424653215282
9265,M24124,M,298.3,309.0,1526,36.9,20,0,0,0,0,0,0,10.699999999999989,5.89670657893497
9266,M24125,M,298.3,308.9,1390,49.7,23,0,0,0,0,0,0,10.599999999999966,7.234354842931457
9267,L56446,L,298.2,308.9,1737,25.5,26,0,0,0,0,0,0,10.699999999999989,4.63840447339265
9268,L56447,L,298.2,308.8,1362,57.3,28,0,0,0,0,0,0,10.600000000000023,8.17260196090156
9269,L56448,L,298.2,308.8,1666,31.5,30,0,0,0,0,0,0,10.600000000000023,5.495588028924625
9270,L56449,L,298.2,308.8,1354,60.9,32,0,0,0,0,0,0,10.600000000000023,8.635044399509976
9271,L56450,L,298.2,308.8,1302,60.4,34,0,0,0,0,0,0,10.600000000000023,8.23524531841414
9272,L56451,L,298.2,308.7,1991,20.5,36,0,0,0,0,0,0,10.5,4.274189165086472
9273,L56452,L,298.2,308.6,1353,54.1,38,0,0,0,0,0,0,10.400000000000034,7.6652033314202725
9274,H38687,H,298.2,308.7,1520,35.7,40,0,0,0,0,0,0,10.5,5.6825127918132186
9275,L56454,L,298.2,308.7,1428,54.9,45,0,0,0,0,0,0,10.5,8.20973558606699
9276,L56455,L,298.2,308.7,1605,29.4,47,0,0,0,0,0,0,10.5,4.941411084831386
9277,L56456,L,298.1,308.7,1691,30.3,49,0,0,0,0,0,0,10.599999999999966,5.365557508992543
9278,L56457,L,298.2,308.7,1447,48.4,51,0,0,0,0,0,0,10.5,7.334027105854348
9279,H38692,H,298.2,308.8,1606,39.9,53,0,0,0,0,0,0,10.600000000000023,6.710379076214727
9280,M24139,M,298.2,308.8,1645,28.2,58,0,0,0,0,0,0,10.600000000000023,4.857844720245898
9281,H38694,H,298.2,308.8,1470,43.3,61,0,0,0,0,0,0,10.600000000000023,6.6655171331214635
9282,L56461,L,298.2,308.9,1336,45.0,66,0,0,0,0,0,0,10.699999999999989,6.2957516777939455
9283,M24142,M,298.2,308.9,1414,44.3,68,0,0,0,0,0,0,10.699999999999989,6.559666404646511
9284,M24143,M,298.3,309.0,1802,27.5,71,0,0,0,0,0,0,10.699999999999989,5.18938746495474
9285,L56464,L,298.2,308.9,1683,31.7,74,0,0,0,0,0,0,10.699999999999989,5.58691412736448
9286,M24145,M,298.2,309.0,1410,47.6,76,0,0,0,0,0,0,10.800000000000011,7.028371084611085
9287,L56466,L,298.2,308.9,1605,32.0,79,0,0,0,0,0,0,10.699999999999989,5.378406622945726
9288,L56467,L,298.2,308.9,1709,28.1,81,0,0,0,0,0,0,10.699999999999989,5.028946328135909
9289,L56468,L,298.2,308.9,1444,53.1,83,0,0,0,0,0,0,10.699999999999989,8.02953383145708
9290,L56469,L,298.2,308.9,1367,45.0,85,0,0,0,0,0,0,10.699999999999989,6.441835736185871
9291,L56470,L,298.2,309.0,1418,44.2,87,0,0,0,0,0,0,10.800000000000011,6.563373483977749
9292,L56471,L,298.2,309.0,1353,57.8,89,0,0,0,0,0,0,10.800000000000011,8.189440897524802
9293,L56472,L,298.2,309.0,1643,34.1,91,0,0,0,0,0,0,10.800000000000011,5.867060416260594
9294,L56473,L,298.3,309.1,1437,38.0,93,0,0,0,0,0,0,10.800000000000011,5.718326948064141
9295,L56474,L,298.1,309.0,1437,36.2,95,0,0,0,0,0,0,10.899999999999977,5.447458829471629
9296,M24155,M,298.2,309.0,1413,47.9,97,0,0,0,0,0,0,10.800000000000011,7.087715769837396
9297,H38710,H,298.2,309.0,1524,39.1,100,0,0,0,0,0,0,10.800000000000011,6.240082655972334
9298,M24157,M,298.1,308.9,1479,43.4,105,0,0,0,0,0,0,10.799999999999955,6.721814473473793
9299,L56478,L,298.1,308.9,1313,50.6,108,0,0,0,0,0,0,10.799999999999955,6.957350146688932
9300,M24159,M,298.1,308.9,1335,50.4,110,0,0,0,0,0,0,10.799999999999955,7.0459640034711875
9301,L56480,L,298.1,308.9,1367,41.9,113,0,0,0,0,0,0,10.799999999999955,5.998064829915288
9302,M24161,M,298.1,308.9,1459,50.3,115,0,0,0,0,0,0,10.799999999999955,7.685141972795055
9303,M24162,M,298.1,308.9,1804,25.1,118,0,0,0,0,0,0,10.799999999999955,4.741752399720243
9304,L56483,L,298.2,309.0,1491,38.3,121,0,0,0,0,0,0,10.800000000000011,5.980053032034706
9305,L56484,L,298.3,309.1,1537,43.0,123,0,0,0,0,0,0,10.800000000000011,6.921033335613434
9306,H38719,H,298.3,309.1,1646,30.2,125,0,0,0,0,0,0,10.800000000000011,5.205535251194191
9307,M24166,M,298.3,309.2,1783,28.3,130,0,0,0,0,0,0,10.899999999999977,5.2840436516074005
9308,L56487,L,298.3,309.1,1395,49.8,133,0,0,0,0,0,0,10.800000000000011,7.274986107917884
9309,L56488,L,298.4,309.1,1423,48.0,135,0,0,0,0,0,0,10.700000000000045,7.152778153693242
9310,L56489,L,298.3,309.2,1562,37.6,137,0,0,0,0,0,0,10.899999999999977,6.150316881883762
9311,L56490,L,298.4,309.3,1549,40.8,139,0,0,0,0,0,0,10.900000000000034,6.618204747758401
9312,L56491,L,298.4,309.4,1540,43.2,141,0,0,0,0,0,0,11.0,6.966795868600725
9313,H38726,H,298.5,309.4,1573,33.6,143,0,0,0,0,0,0,10.899999999999977,5.534732273388354
9314,L56493,L,298.5,309.4,1418,45.1,148,0,0,0,0,0,0,10.899999999999977,6.697016835461457
9315,M24174,M,298.5,309.4,1565,33.7,150,0,0,0,0,0,0,10.899999999999977,5.522972244888416
9316,L56495,L,298.5,309.5,1569,41.0,153,0,0,0,0,0,0,11.0,6.736517127092593
9317,H38730,H,298.5,309.4,1417,41.2,155,0,0,0,0,0,0,10.899999999999977,6.1135811917877865
9318,L56497,L,298.5,309.5,1480,38.1,160,0,0,0,0,0,0,11.0,5.904937551687375
9319,L56498,L,298.5,309.4,1364,44.5,162,0,0,0,0,0,0,10.899999999999977,6.356279696253109
9320,L56499,L,298.5,309.4,1911,21.5,164,0,0,0,0,0,0,10.899999999999977,4.302568218723901
9321,L56500,L,298.4,309.3,1409,43.1,166,0,0,0,0,0,0,10.900000000000034,6.359410816931186
9322,L56501,L,298.4,309.2,1335,53.5,168,0,0,0,0,0,0,10.800000000000011,7.479346710033901
9323,M24182,M,298.5,309.3,1512,38.1,170,0,0,0,0,0,0,10.800000000000011,6.0326118771292645
9324,L56503,L,298.6,309.4,1447,40.2,173,0,0,0,0,0,0,10.799999999999955,6.091485323457538
9325,L56504,L,298.6,309.3,1537,37.6,175,0,0,0,0,0,0,10.699999999999989,6.051880312071282
9326,M24185,M,298.6,309.3,1510,40.8,177,0,0,0,0,0,0,10.699999999999989,6.451574673411998
9327,L56506,L,298.6,309.3,1677,31.2,180,0,0,0,0,0,0,10.699999999999989,5.4791889152728865
9328,L56507,L,298.5,309.2,1504,33.7,182,0,0,0,0,0,0,10.699999999999989,5.3076998442889325
9329,H38742,H,298.5,309.1,2051,19.0,184,0,0,0,0,0,0,10.600000000000023,4.080824137258022
9330,L56509,L,298.5,309.1,1474,41.3,189,0,0,0,0,0,0,10.600000000000023,6.37494075661543
9331,M24190,M,298.4,309.0,1507,36.1,191,0,0,0,0,0,0,10.600000000000023,5.697037421848314
9332,L56511,L,298.4,308.9,1496,37.9,194,0,0,0,0,0,0,10.5,5.937442563676517
9333,M24192,M,298.5,309.0,1921,22.0,196,0,0,0,0,0,0,10.5,4.425666290867061
9334,L56513,L,298.5,309.0,1450,40.5,199,0,0,0,0,0,0,10.5,6.14966761940202
9335,L56514,L,298.4,308.9,1402,44.8,201,0,0,0,0,0,0,10.5,6.577405931163782
9336,L56515,L,298.4,308.9,1501,50.0,203,0,0,0,0,0,0,10.5,7.859217621730466
9337,L56516,L,298.5,308.9,1725,31.9,205,0,0,0,0,0,0,10.399999999999977,5.762466324847078
9338,H38751,H,298.5,308.9,1500,40.3,207,0,0,0,0,0,0,10.399999999999977,6.330309196983433
9339,H38752,H,298.5,309.0,1531,30.8,212,0,0,0,0,0,0,10.5,4.9380391087165325
9340,L56519,L,298.5,309.0,1458,44.8,217,0,0,0,0,0,0,10.5,6.840126852807985
9341,H38754,H,298.4,308.9,1577,37.1,0,0,0,0,0,0,0,10.5,6.126807296859398
9342,M24201,M,298.3,308.9,1363,46.1,5,0,0,0,0,0,0,10.599999999999966,6.579992509115238
9343,H38756,H,298.3,308.9,1706,31.8,8,0,0,0,0,0,0,10.599999999999966,5.681130491045638
9344,M24203,M,298.3,308.8,1391,50.4,13,0,0,0,0,0,0,10.5,7.341525040320915
9345,L56524,L,298.2,308.8,1616,33.7,16,0,0,0,0,0,0,10.600000000000023,5.702954088012576
9346,L56525,L,298.2,308.8,1442,47.0,18,0,0,0,0,0,0,10.600000000000023,7.097276683479822
9347,M24206,M,298.2,308.8,1626,40.4,20,0,0,0,0,0,0,10.600000000000023,6.879082601712497
9348,M24207,M,298.2,308.7,1426,42.6,23,0,0,0,0,0,0,10.5,6.361473796107045
9349,L56528,L,298.2,308.7,1436,49.1,26,0,0,0,0,0,0,10.5,7.383538606074924
9350,M24209,M,298.2,308.7,1599,36.2,28,0,0,0,0,0,0,10.5,6.061577361395362
9351,L56530,L,298.2,308.7,2186,17.8,31,0,0,0,0,0,0,10.5,4.074729447510058
9352,L56531,L,298.3,308.8,1645,30.4,33,0,0,0,0,0,0,10.5,5.236825514023947
9353,L56532,L,298.2,308.7,1780,27.9,35,0,0,0,0,0,0,10.5,5.200592478752544
9354,L56533,L,298.2,308.8,1345,44.3,37,0,0,0,0,0,0,10.600000000000023,6.239569529172247
9355,M24214,M,298.2,308.8,1607,31.9,39,0,0,0,0,0,0,10.600000000000023,5.368280222625655
9356,L56535,L,298.3,308.9,1708,28.0,42,0,0,0,0,0,0,10.599999999999966,5.008117568842609
9357,L56536,L,298.3,308.9,1270,52.7,44,0,0,0,0,0,0,10.599999999999966,7.008788490403709
9358,M24217,M,298.3,308.9,1646,25.4,46,0,0,0,0,0,0,10.599999999999966,4.378165409944783
9359,L56538,L,298.2,308.7,1407,45.1,49,0,0,0,0,0,0,10.5,6.645065364946594
9360,M24219,M,298.1,308.7,1581,47.4,51,0,0,0,0,0,0,10.599999999999966,7.847635616814231
9361,L56540,L,298.0,308.6,1532,42.6,54,0,0,0,0,0,0,10.600000000000023,6.834346322325381
9362,L56541,L,298.0,308.6,1610,33.1,56,0,0,0,0,0,0,10.600000000000023,5.580620470081789
9363,M24222,M,298.0,308.5,1682,33.0,58,0,0,0,0,0,0,10.5,5.8125747276718345
9364,L56543,L,297.9,308.5,1519,34.3,61,0,0,0,0,0,0,10.600000000000023,5.456077265317976
9365,L56544,L,297.9,308.5,1683,28.5,63,0,0,0,0,0,0,10.600000000000023,5.02293541419204
9366,M24225,M,298.0,308.6,1254,55.8,65,0,0,0,0,0,0,10.600000000000023,7.327576368938977
9367,L56546,L,298.0,308.5,1461,48.0,68,0,0,0,0,0,0,10.5,7.343786987031501
9368,L56547,L,297.9,308.5,1472,45.1,70,0,0,0,0,0,0,10.600000000000023,6.952051327079878
9369,L56548,L,297.7,308.4,1510,38.6,72,0,0,0,0,0,0,10.699999999999989,6.10369564690449
9370,M24229,M,297.7,308.3,1547,36.8,74,0,0,0,0,0,0,10.600000000000023,5.961653771060182
9371,H38784,H,297.7,308.4,1418,51.9,77,0,0,0,0,0,0,10.699999999999989,7.706766602227265
9372,L56551,L,297.7,308.4,1289,51.3,82,0,0,0,0,0,0,10.699999999999989,6.924667111116086
9373,L56552,L,297.7,308.4,1487,41.4,84,0,0,0,0,0,0,10.699999999999989,6.446736620725471
9374,L56553,L,297.7,308.5,1453,45.5,86,0,0,0,0,0,0,10.800000000000011,6.923180090593387
9375,M24234,M,297.8,308.5,1466,44.7,88,0,0,0,0,0,0,10.699999999999989,6.862306496942329
9376,H38789,H,297.7,308.4,1288,49.5,91,0,0,0,0,0,0,10.699999999999989,6.676512707409029
9377,H38790,H,297.7,308.4,1738,27.7,96,0,0,0,0,0,0,10.699999999999989,5.041481282823732
9378,H38791,H,297.7,308.3,1488,41.0,101,0,0,0,0,0,0,10.600000000000023,6.3887428203402035
9379,L56558,L,297.6,308.3,1816,28.8,106,0,0,0,0,0,0,10.699999999999989,5.476926968562301
9380,L56559,L,297.5,308.2,1419,48.5,108,0,0,0,0,0,0,10.699999999999989,7.2069706269676646
9381,L56560,L,297.4,308.1,1435,45.7,110,0,0,0,0,0,0,10.700000000000045,6.867469180869728
9382,M24241,M,297.5,308.1,1480,42.4,112,0,0,0,0,0,0,10.600000000000023,6.571374073268889
9383,L56562,L,297.5,308.2,1610,33.6,115,0,0,0,0,0,0,10.699999999999989,5.664919872953115
9384,H38797,H,297.5,308.1,1548,38.2,117,0,0,0,0,0,0,10.600000000000023,6.192456111343913
9385,M24244,M,297.6,308.1,1379,57.4,122,0,0,0,0,0,0,10.5,8.289050328594621
9386,M24245,M,297.5,308.1,1907,23.5,125,0,0,0,0,0,0,10.600000000000023,4.692963465809993
9387,M24246,M,297.5,308.0,2033,16.7,128,0,0,0,0,0,0,10.5,3.5553508780430807
9388,H38801,H,297.4,307.9,1390,52.0,131,0,0,0,0,0,0,10.5,7.569143900049009
9389,M24248,M,297.5,307.9,1544,37.9,136,0,0,0,0,0,0,10.399999999999977,6.127948742190203
9390,L56569,L,297.6,308.0,1258,57.4,139,0,0,0,0,0,0,10.399999999999977,7.561729741386536
9391,M24250,M,297.5,308.0,1560,39.0,141,0,0,0,0,0,0,10.5,6.3711499014801
9392,H38805,H,297.6,308.2,2071,18.5,144,0,0,0,0,0,0,10.599999999999966,4.012180337777084
9393,L56572,L,297.6,308.1,1437,46.3,149,0,0,0,0,0,0,10.5,6.967329939351835
9394,H38807,H,297.7,308.2,1489,43.0,151,0,0,0,0,0,0,10.5,6.704891761046456
9395,L56574,L,297.7,308.2,1334,53.0,156,0,0,0,0,0,0,10.5,7.403896126470185
9396,L56575,L,297.7,308.2,1500,39.9,158,0,0,0,0,0,0,10.5,6.267477343911637
9397,L56576,L,297.8,308.3,1498,47.3,160,0,0,0,0,0,0,10.5,7.419960136905541
9398,M24257,M,297.7,308.2,1370,53.4,162,0,0,0,0,0,0,10.5,7.661087845044069
9399,H38812,H,297.7,308.2,1526,40.1,165,0,0,0,0,0,0,10.5,6.408074087135293
9400,L56579,L,297.8,308.3,1477,44.8,170,0,0,0,0,0,0,10.5,6.9292643083658385
9401,L56580,L,297.7,308.2,1446,43.9,172,0,0,0,0,0,0,10.5,6.64754722314293
9402,M24261,M,297.7,308.2,1720,25.6,174,0,0,0,0,0,0,10.5,4.611020257428859
9403,L56582,L,297.7,308.1,1734,30.7,177,0,0,0,0,0,0,10.400000000000034,5.574630500088944
9404,L56583,L,297.7,308.1,1697,29.1,179,0,0,0,0,0,0,10.400000000000034,5.171344251147622
9405,L56584,L,297.7,308.2,2007,19.3,181,0,0,0,0,0,0,10.5,4.056330186535534
9406,M24265,M,297.7,308.1,1469,48.8,183,0,0,0,0,0,0,10.400000000000034,7.507066029214073
9407,M24266,M,297.7,308.1,2189,15.6,186,0,0,0,0,0,0,10.400000000000034,3.5760120857281894
9408,L56587,L,297.8,308.3,1435,50.1,189,0,0,0,0,0,0,10.5,7.52866971469526
9409,H38822,H,297.9,308.4,1637,34.5,191,0,0,0,0,0,0,10.5,5.914205250015465
9410,L56589,L,298.0,308.5,1664,28.3,196,0,0,0,0,0,0,10.5,4.931378932290922
9411,M24270,M,298.0,308.5,1666,31.0,198,0,0,0,0,0,0,10.5,5.408356472909948
9412,L56591,L,298.0,308.5,1404,46.6,201,0,0,0,0,0,0,10.5,6.851436586360908
9413,L56592,L,298.0,308.5,1702,26.7,203,0,0,0,0,0,0,10.5,4.758821719804747
9414,L56593,L,298.1,308.6,1439,44.9,205,0,0,0,0,0,0,10.5,6.766058570011849
9415,L56594,L,298.1,308.6,1354,53.9,207,1,0,0,0,1,0,10.5,7.642510560485841
9416,M24275,M,298.2,308.7,1361,44.2,0,0,0,0,0,0,0,10.5,6.299542532929277
9417,M24276,M,298.1,308.5,1463,45.9,3,0,0,0,0,0,0,10.399999999999977,7.032109579868857
9418,H38831,H,298.1,308.4,1515,43.8,6,0,0,0,0,0,0,10.299999999999955,6.948888790475263
9419,L56598,L,298.0,308.4,1432,46.2,11,0,0,0,0,0,0,10.399999999999977,6.928091447108499
9420,L56599,L,298.0,308.4,1911,22.0,13,0,0,0,0,0,0,10.399999999999977,4.402627944740735
9421,L56600,L,298.0,308.4,1472,42.0,15,0,0,0,0,0,0,10.399999999999977,6.474194140517846
9422,M24281,M,298.1,308.5,1382,54.5,17,0,0,0,0,0,0,10.399999999999977,7.887387235857654
9423,L56602,L,298.1,308.5,1665,29.6,20,0,0,0,0,0,0,10.399999999999977,5.161008411317312
9424,L56603,L,298.1,308.5,1676,30.5,22,0,0,0,0,0,0,10.399999999999977,5.353064442206768
9425,M24284,M,298.0,308.5,1585,33.0,24,0,0,0,0,0,0,10.5,5.477366791533805
9426,M24285,M,298.1,308.6,1415,46.3,27,0,0,0,0,0,0,10.5,6.860662396786949
9427,L56606,L,298.1,308.7,1341,55.7,30,0,0,0,0,0,0,10.599999999999966,7.821905972981332
9428,L56607,L,298.2,308.8,1540,34.8,32,0,0,0,0,0,0,10.600000000000023,5.612141116372806
9429,H38842,H,298.2,308.8,1837,28.4,34,0,0,0,0,0,0,10.600000000000023,5.463313400396745
9430,L56609,L,298.2,308.8,1498,36.0,39,0,0,0,0,0,0,10.600000000000023,5.647326954093011
9431,L56610,L,298.1,308.7,1671,28.8,41,0,0,0,0,0,0,10.599999999999966,5.039617271182603
9432,L56611,L,298.0,308.6,1430,57.0,43,0,0,0,0,0,0,10.600000000000023,8.535707239803466
9433,L56612,L,298.0,308.7,1619,40.1,45,0,0,0,0,0,0,10.699999999999989,6.798605469903039
9434,M24293,M,298.0,308.7,1430,51.9,47,0,0,0,0,0,0,10.699999999999989,7.771986065715788
9435,L56614,L,298.0,308.6,1626,33.3,50,0,0,0,0,0,0,10.600000000000023,5.670134916758074
9436,L56615,L,298.0,308.7,1443,49.3,52,0,0,0,0,0,0,10.699999999999989,7.449752907237084
9437,L56616,L,298.0,308.6,1481,42.5,54,0,0,0,0,0,0,10.600000000000023,6.591323186619184
9438,M24297,M,298.1,308.7,1527,43.0,56,0,0,0,0,0,0,10.599999999999966,6.87600384091198
9439,M24298,M,298.1,308.7,1315,56.8,59,0,0,0,0,0,0,10.599999999999966,7.821727949397626
9440,M24299,M,298.1,308.8,1433,48.2,62,0,0,0,0,0,0,10.699999999999989,7.233056317967972
9441,M24300,M,298.1,308.8,1378,53.5,65,0,0,0,0,0,0,10.699999999999989,7.720254506686677
9442,L56621,L,298.1,308.8,1432,43.4,68,0,0,0,0,0,0,10.699999999999989,6.508207116980711
9443,M24302,M,298.1,308.8,1394,47.9,70,0,0,0,0,0,0,10.699999999999989,6.9924103207029935
9444,H38857,H,298.0,308.8,1411,53.8,73,0,0,0,0,0,0,10.800000000000011,7.949465106692588
9445,L56624,L,298.1,308.9,2136,15.9,78,0,0,0,0,0,0,10.799999999999955,3.556534211275933
9446,M24305,M,298.2,309.0,1446,45.8,80,0,0,0,0,0,0,10.800000000000011,6.935254278358683
9447,H38860,H,298.1,308.9,1388,53.5,83,0,0,0,0,0,0,10.799999999999955,7.776279575675695
9448,M24307,M,298.1,308.9,1323,51.7,88,0,0,0,0,0,0,10.799999999999955,7.162737002405121
9449,L56628,L,298.2,309.0,1780,29.3,91,0,0,0,0,0,0,10.800000000000011,5.461554108510736
9450,M24309,M,298.1,308.8,1434,41.8,93,0,0,0,0,0,0,10.699999999999989,6.277027785578551
9451,M24310,M,298.0,308.7,1494,42.6,96,0,0,0,0,0,0,10.699999999999989,6.664825982737675
9452,H38865,H,298.0,308.7,1536,39.6,99,0,0,0,0,0,0,10.699999999999989,6.369641937006378
9453,M24312,M,298.0,308.7,1392,53.4,104,0,0,0,0,0,0,10.699999999999989,7.784112613358645
9454,H38867,H,298.2,309.0,1360,56.8,107,0,0,0,0,0,0,10.800000000000011,8.089391643483477
9455,L56634,L,298.4,309.2,1583,35.4,112,0,0,0,0,0,0,10.800000000000011,5.868306581346518
9456,L56635,L,298.5,309.2,1983,20.2,114,0,0,0,0,0,0,10.699999999999989,4.194717342926163
9457,L56636,L,298.5,309.3,1630,33.3,116,0,0,0,0,0,0,10.800000000000011,5.6840835881400125
9458,M24317,M,298.5,309.3,1692,26.7,118,0,0,0,0,0,0,10.800000000000011,4.730861545187798
9459,L56638,L,298.4,309.1,1417,40.6,121,0,0,0,0,0,0,10.700000000000045,6.024548455985051
9460,L56639,L,298.4,309.1,1579,36.1,123,0,0,0,0,0,0,10.700000000000045,5.969225009355334
9461,M24320,M,298.4,309.2,1399,45.2,125,0,0,0,0,0,0,10.800000000000011,6.621932771040663
9462,M24321,M,298.4,309.2,1414,46.4,128,0,0,0,0,0,0,10.800000000000011,6.87062124549883
9463,L56642,L,298.5,309.3,1570,40.1,131,0,0,0,0,0,0,10.800000000000011,6.592841623068421
9464,M24323,M,298.5,309.3,1552,36.8,133,0,0,0,0,0,0,10.800000000000011,5.980922206002199
9465,L56644,L,298.6,309.4,1440,48.2,136,0,0,0,0,0,0,10.799999999999955,7.268388763345345
9466,M24325,M,298.6,309.4,1460,43.8,138,0,0,0,0,0,0,10.799999999999955,6.696618900392002
9467,L56646,L,298.6,309.4,1471,48.0,141,0,0,0,0,0,0,10.799999999999955,7.394052469488936
9468,L56647,L,298.6,309.3,1702,27.6,143,0,0,0,0,0,0,10.699999999999989,4.919231440697041
9469,L56648,L,298.6,309.4,1375,55.4,145,0,0,0,0,0,0,10.799999999999955,7.9770273462400825
9470,L56649,L,298.6,309.4,1698,33.2,147,0,0,0,0,0,0,10.799999999999955,5.903429587213653
9471,H38884,H,298.6,309.4,1439,47.1,149,0,0,0,0,0,0,10.799999999999955,7.097580370769668
9472,M24331,M,298.6,309.4,1774,27.5,154,0,0,0,0,0,0,10.799999999999955,5.108753253512603
9473,M24332,M,298.7,309.4,1375,48.3,157,0,0,0,0,0,0,10.699999999999989,6.954700736884404
9474,L56653,L,298.7,309.5,1446,40.0,160,0,0,0,0,0,0,10.800000000000011,6.056990636121121
9475,M24334,M,298.7,309.6,1455,46.8,162,0,0,0,0,0,0,10.900000000000034,7.130787005118112
9476,L56655,L,298.8,309.6,1523,41.9,165,0,0,0,0,0,0,10.800000000000011,6.682555037279433
9477,M24336,M,298.8,309.6,1692,31.9,167,0,0,0,0,0,0,10.800000000000011,5.652227838632611
9478,M24337,M,298.8,309.6,1693,33.3,170,0,0,0,0,0,0,10.800000000000011,5.903775162405547
9479,L56658,L,298.8,309.6,1890,24.0,173,0,0,0,0,0,0,10.800000000000011,4.7500880922277675
9480,H38893,H,298.9,309.6,1600,33.5,175,0,0,0,0,0,0,10.700000000000045,5.612978874413763
9481,M24340,M,298.9,309.6,1434,43.8,180,0,0,0,0,0,0,10.700000000000045,6.577364043261734
9482,L56661,L,298.9,309.6,1365,50.9,183,0,0,0,0,0,0,10.700000000000045,7.2757715060812815
9483,H38896,H,298.8,309.6,1309,57.4,185,0,0,0,0,0,0,10.800000000000011,7.868286352523829
9484,H38897,H,298.9,309.6,1546,35.3,190,0,0,0,0,0,0,10.700000000000045,5.714954971949288
9485,L56664,L,298.9,309.6,1663,33.7,195,0,0,0,0,0,0,10.700000000000045,5.868819708146605
9486,L56665,L,298.9,309.6,1589,34.2,197,0,0,0,0,0,0,10.700000000000045,5.690869428271767
9487,M24346,M,298.9,309.6,1472,46.0,199,0,0,0,0,0,0,10.700000000000045,7.090784058662402
9488,L56667,L,298.9,309.6,1583,39.8,202,0,0,0,0,0,0,10.700000000000045,6.5977006197059715
9489,M24348,M,298.9,309.6,1567,34.5,204,0,0,0,0,0,0,10.700000000000045,5.6613070414014866
9490,L56669,L,298.9,309.7,1407,41.9,207,0,0,0,0,0,0,10.800000000000011,6.173575139495838
9491,M24350,M,299.0,309.7,1418,44.7,209,0,0,0,0,0,0,10.699999999999989,6.637619790357586
9492,M24351,M,299.0,309.7,1489,40.7,212,0,0,0,0,0,0,10.699999999999989,6.346258015688158
9493,L56672,L,299.1,309.9,1586,36.6,215,0,0,0,0,0,0,10.799999999999955,6.078730457283963
9494,L56673,L,299.1,309.8,1398,55.4,217,1,0,0,0,1,0,10.699999999999989,8.110461258213553
9495,L56674,L,299.2,309.9,1516,41.4,219,0,0,0,0,0,0,10.699999999999989,6.572463158722135
9496,H38909,H,299.3,310.0,1373,44.8,221,0,0,0,0,0,0,10.699999999999989,6.44135402531232
9497,M24356,M,299.2,310.0,1349,50.4,226,0,0,0,0,0,0,10.800000000000011,7.119854262683619
9498,H38911,H,299.1,309.9,1443,40.3,0,0,0,0,0,0,0,10.799999999999955,6.089757447498062
9499,H38912,H,299.2,310.1,1542,36.1,5,0,0,0,0,0,0,10.900000000000034,5.829350832442006
9500,L56679,L,299.2,310.1,1534,37.7,10,0,0,0,0,0,0,10.900000000000034,6.056131934129141
9501,L56680,L,299.2,310.2,1697,30.6,12,0,0,0,0,0,0,11.0,5.437908387804716
9502,L56681,L,299.3,310.3,1396,47.4,14,0,0,0,0,0,0,11.0,6.929348084169935
9503,L56682,L,299.3,310.2,1495,49.2,16,0,0,0,0,0,0,10.899999999999977,7.702556868071455
9504,M24363,M,299.2,310.3,1551,44.8,18,0,0,0,0,0,0,11.100000000000023,7.2764312405385345
9505,L56684,L,299.2,310.3,1440,47.0,21,0,0,0,0,0,0,11.100000000000023,7.087433026498574
9506,L56685,L,299.2,310.3,1429,40.1,23,0,0,0,0,0,0,11.100000000000023,6.0007456556463525
9507,H38920,H,299.3,310.4,1548,41.6,25,0,0,0,0,0,0,11.099999999999966,6.743617126489706
9508,L56687,L,299.3,310.5,1505,38.8,30,0,0,0,0,0,0,11.199999999999989,6.115005380457412
9509,L56688,L,299.2,310.4,1611,36.4,32,0,0,0,0,0,0,11.199999999999989,6.140808328118896
9510,M24369,M,299.2,310.4,1502,39.8,34,0,0,0,0,0,0,11.199999999999989,6.2601050731512125
9511,M24370,M,299.2,310.4,1504,43.3,37,0,0,0,0,0,0,11.199999999999989,6.8196855566086265
9512,L56691,L,299.1,310.3,1449,40.7,40,0,0,0,0,0,0,11.199999999999989,6.175774254353352
9513,L56692,L,299.0,310.2,1575,37.8,42,0,0,0,0,0,0,11.199999999999989,6.234490621048943
9514,M24373,M,299.0,310.2,1598,33.4,44,0,0,0,0,0,0,11.199999999999989,5.589228433952625
9515,L56694,L,299.0,310.1,1416,45.9,47,0,0,0,0,0,0,11.100000000000023,6.806197652149216
9516,L56695,L,299.0,310.2,1682,28.8,49,0,0,0,0,0,0,11.199999999999989,5.0727924896045105
9517,L56696,L,298.9,310.1,1341,54.5,51,0,0,0,0,0,0,11.200000000000045,7.653390943042774
9518,L56697,L,298.9,310.1,1523,39.1,53,0,0,0,0,0,0,11.200000000000045,6.235988113547155
9519,L56698,L,299.0,310.1,1580,41.9,55,0,0,0,0,0,0,11.100000000000023,6.932657228431716
9520,L56699,L,299.0,310.1,1531,36.0,57,0,0,0,0,0,0,11.100000000000023,5.771734023175169
9521,L56700,L,299.0,310.1,1375,48.9,59,0,0,0,0,0,0,11.100000000000023,7.041094534858124
9522,M24381,M,298.9,310.1,1484,40.4,61,0,0,0,0,0,0,11.200000000000045,6.278326310542034
9523,M24382,M,299.0,310.2,1657,32.3,64,0,0,0,0,0,0,11.199999999999989,5.604716485734823
9524,L56703,L,299.0,310.2,1494,40.6,67,0,0,0,0,0,0,11.199999999999989,6.351923354440132
9525,H38938,H,299.0,310.3,1658,27.6,69,0,0,0,0,0,0,11.300000000000011,4.792059770079727
9526,L56705,L,299.1,310.3,1411,42.1,74,0,0,0,0,0,0,11.199999999999989,6.220678085348661
9527,M24386,M,299.2,310.4,1395,55.4,76,0,0,0,0,0,0,11.199999999999989,8.093056834912666
9528,L56707,L,299.1,310.4,1550,43.9,79,0,0,0,0,0,0,11.299999999999955,7.125655737117249
9529,M24388,M,299.1,310.3,1233,59.0,81,0,0,0,0,0,0,11.199999999999989,7.618048025689889
9530,L56709,L,299.1,310.3,1459,46.7,84,0,0,0,0,0,0,11.199999999999989,7.135111931004556
9531,H38944,H,299.1,310.4,1405,53.6,86,0,0,0,0,0,0,11.299999999999955,7.886235318551338
9532,L56711,L,299.2,310.5,1458,44.1,91,0,0,0,0,0,0,11.300000000000011,6.733249870732861
9533,L56712,L,299.2,310.5,1384,48.7,93,0,0,0,0,0,0,11.300000000000011,7.058195270869164
9534,L56713,L,299.2,310.5,1705,29.5,95,0,0,0,0,0,0,11.300000000000011,5.267141883131088
9535,L56714,L,299.3,310.6,1443,45.7,97,0,0,0,0,0,0,11.300000000000011,6.905754723341476
9536,M24395,M,299.3,310.6,1609,31.4,99,0,0,0,0,0,0,11.300000000000011,5.2907143000085215
9537,L56716,L,299.3,310.5,1818,26.0,102,0,0,0,0,0,0,11.199999999999989,4.949893384996079
9538,M24397,M,299.3,310.6,1457,42.1,104,0,0,0,0,0,0,11.300000000000011,6.423478363113394
9539,L56718,L,299.3,310.6,1480,45.1,107,0,0,0,0,0,0,11.300000000000011,6.98983421472705
9540,L56719,L,299.4,310.8,1424,47.7,109,0,0,0,0,0,0,11.400000000000034,7.1130684225518666
9541,M24400,M,299.4,310.8,1628,40.2,111,0,0,0,0,0,0,11.400000000000034,6.853447205659206
9542,M24401,M,299.5,310.8,1754,31.3,114,0,0,0,0,0,0,11.300000000000011,5.749135500020346
9543,L56722,L,299.6,310.9,1716,28.5,117,0,0,0,0,0,0,11.299999999999955,5.12142434388208
9544,M24403,M,299.5,310.9,1378,48.7,119,0,0,0,0,0,0,11.399999999999977,7.0275961584232
9545,L56724,L,299.6,311.0,1708,31.0,122,0,0,0,0,0,0,11.399999999999977,5.544701594075745
9546,L56725,L,299.6,311.0,1430,38.3,124,0,0,0,0,0,0,11.399999999999977,5.735396268148645
9547,M24406,M,299.7,311.2,1560,43.9,126,0,0,0,0,0,0,11.5,7.171627709614779
9548,L56727,L,299.6,311.1,1679,30.7,129,0,0,0,0,0,0,11.5,5.397811193569399
9549,L56728,L,299.6,311.1,1521,37.2,131,0,0,0,0,0,0,11.5,5.925169408376493
9550,M24409,M,299.6,311.1,1649,33.8,133,0,0,0,0,0,0,11.5,5.836681215300381
9551,M24410,M,299.5,311.0,1451,43.3,136,0,0,0,0,0,0,11.5,6.579364190584519
9552,L56731,L,299.4,310.8,1391,48.9,139,0,0,0,0,0,0,11.400000000000034,7.123027271263746
9553,M24412,M,299.3,310.8,1523,40.9,141,0,0,0,0,0,0,11.5,6.523066850232191
9554,L56733,L,299.3,310.7,1495,39.2,144,0,0,0,0,0,0,11.399999999999977,6.136996529032543
9555,M24414,M,299.3,310.7,1440,45.5,146,0,0,0,0,0,0,11.399999999999977,6.861238355440108
9556,H38969,H,299.4,310.8,1585,31.4,149,0,0,0,0,0,0,11.400000000000034,5.211797492550347
9557,L56736,L,299.5,310.8,1374,48.3,154,0,0,0,0,0,0,11.300000000000011,6.949642772712124
9558,M24417,M,299.5,310.8,1507,40.2,156,0,0,0,0,0,0,11.300000000000011,6.344069372806157
9559,M24418,M,299.5,310.9,1577,34.6,159,0,0,0,0,0,0,11.399999999999977,5.7139496623001405
9560,L56739,L,299.5,310.9,1496,38.5,162,0,0,0,0,0,0,11.399999999999977,6.031439015871923
9561,L56740,L,299.6,310.9,1487,42.5,164,0,0,0,0,0,0,11.299999999999955,6.6180267241746975
9562,L56741,L,299.6,310.9,1853,26.3,166,0,0,0,0,0,0,11.299999999999955,5.103402074025987
9563,M24422,M,299.7,311.0,1435,50.1,168,0,0,0,0,0,0,11.300000000000011,7.52866971469526
9564,M24423,M,299.8,311.1,1763,25.5,171,0,0,0,0,0,0,11.300000000000011,4.707833671036985
9565,L56744,L,299.8,311.1,1820,24.9,174,0,0,0,0,0,0,11.300000000000011,4.745689862512742
9566,M24425,M,299.8,311.1,1498,38.1,176,0,0,0,0,0,0,11.300000000000011,5.976754359748438
9567,L56746,L,299.8,311.1,1603,35.1,179,0,0,0,0,0,0,11.300000000000011,5.892088437734193
9568,L56747,L,299.8,311.1,1412,42.5,181,0,0,0,0,0,0,11.300000000000011,6.284232504730783
9569,L56748,L,299.8,311.1,1588,38.0,183,0,0,0,0,0,0,11.300000000000011,6.3192089029407486
9570,M24429,M,299.8,311.0,1948,20.0,185,0,0,0,0,0,0,11.199999999999989,4.079881659461944
9571,L56750,L,299.7,310.9,1384,48.2,188,0,0,0,0,0,0,11.199999999999989,6.98572920032636
9572,L56751,L,299.7,310.8,1589,36.0,190,0,0,0,0,0,0,11.100000000000023,5.990388871865017
9573,M24432,M,299.7,310.8,1405,47.6,192,0,0,0,0,0,0,11.100000000000023,7.003447782892605
9574,L56753,L,299.7,310.9,1491,40.1,195,0,0,0,0,0,0,11.199999999999989,6.26109991082485
9575,H38988,H,299.7,310.8,1418,46.6,197,0,0,0,0,0,0,11.100000000000023,6.919755754600975
9576,M24435,M,299.6,310.8,1603,35.4,202,0,0,0,0,0,0,11.199999999999989,5.942448167971237
9577,L56756,L,299.6,310.7,1922,23.3,205,1,1,0,0,0,0,11.099999999999966,4.689622905621675
9578,M24437,M,299.5,310.7,1364,49.5,0,0,0,0,0,0,0,11.199999999999989,7.070468426169189
9579,L56758,L,299.4,310.7,1551,41.2,3,0,0,0,0,0,0,11.300000000000011,6.691718015852404
9580,L56759,L,299.5,310.7,1589,33.5,5,0,0,0,0,0,0,11.199999999999989,5.574389644652168
9581,M24440,M,299.5,310.7,1423,56.5,7,0,0,0,0,0,0,11.199999999999989,8.419415951743085
9582,L56761,L,299.4,310.6,1418,53.1,10,0,0,0,0,0,0,11.200000000000045,7.884957737538878
9583,M24442,M,299.3,310.5,1404,47.5,12,0,0,0,0,0,0,11.199999999999989,6.983760468930111
9584,L56763,L,299.3,310.5,1281,59.8,15,0,0,0,0,0,0,11.199999999999989,8.021931177235393
9585,L56764,L,299.3,310.5,1529,41.3,17,0,0,0,0,0,0,11.199999999999989,6.612811680369737
9586,M24445,M,299.3,310.5,1563,42.1,19,0,0,0,0,0,0,11.199999999999989,6.890800742310387
9587,L56766,L,299.4,310.6,1348,54.5,22,0,0,0,0,0,0,11.200000000000045,7.693341529620924
9588,M24447,M,299.3,310.5,1462,40.5,24,0,0,0,0,0,0,11.199999999999989,6.200561420390175
9589,H39002,H,299.3,310.4,1510,45.5,27,0,0,0,0,0,0,11.099999999999966,7.194770775496224
9590,L56769,L,299.2,310.4,1472,43.3,32,0,0,0,0,0,0,11.199999999999989,6.6745858639148254
9591,M24450,M,299.2,310.4,1325,52.0,34,0,0,0,0,0,0,11.199999999999989,7.215191127744559
9592,L56771,L,299.2,310.4,1570,37.3,37,0,0,0,0,0,0,11.199999999999989,6.132493579562395
9593,L56772,L,299.2,310.4,1379,46.8,39,0,0,0,0,0,0,11.199999999999989,6.758319780108505
9594,L56773,L,299.1,310.2,1352,52.8,41,0,0,0,0,0,0,11.099999999999966,7.475482551069985
9595,L56774,L,299.1,310.3,1727,28.7,43,0,0,0,0,0,0,11.199999999999989,5.1904241905304245
9596,H39009,H,299.0,310.1,1432,50.0,45,0,0,0,0,0,0,11.100000000000023,7.49793446656764
9597,L56776,L,298.9,310.1,1466,43.4,50,0,0,0,0,0,0,11.200000000000045,6.662731587635282
9598,L56777,L,298.9,310.1,1510,38.0,52,0,0,0,0,0,0,11.200000000000045,6.008819548766077
9599,L56778,L,299.0,310.2,1490,41.1,54,0,0,0,0,0,0,11.199999999999989,6.412933083772844
9600,L56779,L,299.0,310.1,1463,37.4,56,0,0,0,0,0,0,11.100000000000023,5.729867065078328
9601,M24460,M,298.9,310.0,1561,45.3,58,0,0,0,0,0,0,11.100000000000023,7.405079459703036
9602,L56781,L,298.9,310.1,2109,18.0,61,0,0,0,0,0,0,11.200000000000045,3.975371343852524
9603,L56782,L,298.9,310.2,1705,32.5,63,0,0,0,0,0,0,11.300000000000011,5.802783430568146
9604,M24463,M,298.9,310.1,1549,40.2,65,0,0,0,0,0,0,11.200000000000045,6.520878207350191
9605,H39018,H,299.0,310.2,1637,38.0,68,0,0,0,0,0,0,11.199999999999989,6.514197086973555
9606,M24465,M,298.9,310.1,1484,37.9,73,0,0,0,0,0,0,11.200000000000045,5.889816019048096
9607,L56786,L,298.9,310.1,1401,44.4,76,0,0,0,0,0,0,11.200000000000045,6.514029535365363
9608,L56787,L,298.9,310.1,1571,36.8,78,0,0,0,0,0,0,11.200000000000045,6.054142258781866
9609,M24468,M,298.9,310.1,1513,41.5,80,0,0,0,0,0,0,11.200000000000045,6.5753010640858784
9610,L56789,L,299.0,310.1,1470,40.3,83,0,0,0,0,0,0,11.100000000000023,6.203703013043764
9611,L56790,L,299.0,310.1,1505,41.3,85,0,0,0,0,0,0,11.100000000000023,6.509013459095132
9612,L56791,L,299.0,310.2,1432,42.2,87,0,0,0,0,0,0,11.199999999999989,6.328256689783088
9613,M24472,M,299.0,310.2,1625,31.8,89,0,0,0,0,0,0,11.199999999999989,5.411393345808419
9614,L56793,L,299.0,310.2,1377,62.5,92,1,0,0,1,0,0,11.199999999999989,9.01244392498572
9615,M24474,M,299.1,310.3,1441,43.9,94,0,0,0,0,0,0,11.199999999999989,6.624561236894165
9616,M24475,M,299.0,310.2,1564,39.9,97,0,0,0,0,0,0,11.199999999999989,6.5348897105852
9617,L56796,L,298.9,310.1,1580,37.3,100,0,0,0,0,0,0,11.200000000000045,6.171554048222029
9618,L56797,L,299.0,310.2,1516,35.3,102,0,0,0,0,0,0,11.199999999999989,5.604056751277569
9619,L56798,L,299.0,310.1,1447,42.8,104,0,0,0,0,0,0,11.100000000000023,6.485461986168721
9620,M24479,M,298.9,310.0,1323,52.9,106,0,0,0,0,0,0,11.100000000000023,7.328990085633093
9621,L56800,L,298.9,310.0,1470,45.9,109,0,0,0,0,0,0,11.100000000000023,7.0657560371888035
9622,M24481,M,299.0,310.0,2049,19.5,111,0,0,0,0,0,0,11.0,4.184130175683565
9623,L56802,L,298.9,310.0,1794,27.2,114,0,0,0,0,0,0,11.100000000000023,5.109988946623013
9624,L56803,L,298.9,310.1,1356,47.8,116,0,0,0,0,0,0,11.200000000000045,6.787599423639963
9625,H39038,H,299.0,310.1,1555,38.6,118,0,0,0,0,0,0,11.100000000000023,6.285593861547339
9626,M24485,M,299.0,310.1,1487,47.5,123,0,0,0,0,0,0,11.100000000000023,7.396618103489369
9627,M24486,M,299.0,310.0,1341,58.9,126,0,0,0,0,0,0,11.0,8.271279386150816
9628,M24487,M,298.9,310.0,1487,36.6,129,0,0,0,0,0,0,11.100000000000023,5.699288896583387
9629,H39042,H,299.0,310.0,1569,34.3,132,0,0,0,0,0,0,11.0,5.635671645348193
9630,H39043,H,299.0,310.1,2053,19.7,137,0,0,0,0,0,0,11.100000000000023,4.235296248035032
9631,L56810,L,299.0,310.1,1583,35.8,142,0,0,0,0,0,0,11.100000000000023,5.934615130288287
9632,L56811,L,299.0,310.0,1672,33.2,144,0,0,0,0,0,0,11.0,5.813035494594363
9633,M24492,M,299.0,310.0,1337,57.4,146,0,0,0,0,0,0,11.0,8.036591942952146
9634,H39047,H,299.1,310.1,1421,41.2,149,0,0,0,0,0,0,11.0,6.130839007431507
9635,L56814,L,299.1,310.2,1425,52.7,154,0,0,0,0,0,0,11.099999999999966,7.86419181009865
9636,L56815,L,299.2,310.2,1609,33.2,156,0,0,0,0,0,0,11.0,5.594003654786082
9637,L56816,L,299.2,310.3,1507,41.3,158,0,0,0,0,0,0,11.100000000000023,6.5176633108680155
9638,L56817,L,299.2,310.3,1463,38.9,160,0,0,0,0,0,0,11.100000000000023,5.959674567688421
9639,H39052,H,299.3,310.4,1393,44.9,162,0,0,0,0,0,0,11.099999999999966,6.549770387787704
9640,L56819,L,299.3,310.4,1725,26.8,167,0,0,0,0,0,0,11.099999999999966,4.841194279181872
9641,L56820,L,299.4,310.5,1514,36.1,169,0,0,0,0,0,0,11.100000000000023,5.723500103967052
9642,L56821,L,299.3,310.4,1365,53.9,171,0,0,0,0,0,0,11.099999999999966,7.704598903296288
9643,L56822,L,299.4,310.5,1372,46.3,173,0,0,0,0,0,0,11.100000000000023,6.652175836319218
9644,L56823,L,299.4,310.4,1509,40.6,175,0,0,0,0,0,0,11.0,6.415697685308004
9645,L56824,L,299.3,310.4,1629,32.6,177,0,0,0,0,0,0,11.099999999999966,5.561184483531581
9646,L56825,L,299.4,310.5,1749,28.1,179,0,0,0,0,0,0,11.100000000000023,5.146651332890407
9647,L56826,L,299.4,310.4,1582,31.7,181,0,0,0,0,0,0,11.0,5.251632887397865
9648,L56827,L,299.2,310.2,1458,47.0,183,0,0,0,0,0,0,11.0,7.176025939329806
9649,L56828,L,299.1,310.1,1416,41.2,185,0,0,0,0,0,0,11.0,6.109266737876856
9650,H39063,H,299.1,310.0,1657,33.1,187,0,0,0,0,0,0,10.899999999999977,5.743532993121445
9651,M24510,M,299.1,310.0,1437,41.1,192,0,0,0,0,0,0,10.899999999999977,6.18482204119569
9652,M24511,M,299.1,310.0,1580,36.0,195,0,0,0,0,0,0,10.899999999999977,5.956459671206248
9653,M24512,M,299.0,310.0,1488,46.3,198,0,0,0,0,0,0,11.0,7.214604697115887
9654,L56833,L,299.0,309.9,1373,55.7,201,1,0,0,0,1,0,10.899999999999977,8.008558464506613
9655,L56834,L,299.1,310.0,1367,56.3,203,1,0,0,0,1,0,10.899999999999977,8.059452265494766
9656,H39069,H,299.1,310.0,1431,49.5,205,0,0,0,0,0,0,10.899999999999977,7.417771494023541
9657,L56836,L,299.0,310.1,1623,33.0,210,0,0,0,0,0,0,11.100000000000023,5.608685364453858
9658,L56837,L,299.0,310.0,1484,39.6,212,0,0,0,0,0,0,11.0,6.154003017263974
9659,L56838,L,299.0,309.9,1548,34.5,214,0,0,0,0,0,0,10.899999999999977,5.59266324192055
9660,L56839,L,298.9,309.8,1287,61.9,216,1,0,0,0,1,0,10.900000000000034,8.342530707534232
9661,M24520,M,298.9,309.8,1392,43.1,218,0,0,0,0,0,0,10.900000000000034,6.282682652355013
9662,H39075,H,299.0,310.0,1458,44.9,221,0,0,0,0,0,0,11.0,6.855394993104431
9663,M24522,M,299.1,310.1,1570,30.9,226,0,0,0,0,0,0,11.0,5.080269480120054
9664,L56843,L,299.1,310.1,1435,48.8,229,1,0,0,0,1,0,11.0,7.333315011519534
9665,L56844,L,299.1,310.2,1317,54.8,231,1,0,0,0,1,0,11.099999999999966,7.557792278594035
9666,L56845,L,299.2,310.3,1610,33.3,233,0,0,0,0,0,0,11.100000000000023,5.614340231230319
9667,M24526,M,299.1,310.3,1838,24.0,235,0,0,0,0,0,0,11.199999999999989,4.619397837838432
9668,L56847,L,299.2,310.3,1352,48.9,238,1,0,0,0,1,0,11.100000000000023,6.923316226275042
9669,L56848,L,299.1,310.3,1619,35.2,240,0,0,0,0,0,0,11.199999999999989,5.967853180563267
9670,L56849,L,299.1,310.3,1619,31.1,242,0,0,0,0,0,0,11.199999999999989,5.2727339180544766
9671,L56850,L,299.0,310.2,1690,30.7,244,0,0,0,0,0,0,11.199999999999989,5.433175054873308
9672,L56851,L,299.0,310.2,1412,44.1,246,0,0,0,0,0,0,11.199999999999989,6.5208153754971185
9673,H39086,H,299.0,310.2,1744,31.5,0,0,0,0,0,0,0,11.199999999999989,5.7528844672536295
9674,M24533,M,299.0,310.1,1593,35.4,5,0,0,0,0,0,0,11.100000000000023,5.905377374658877
9675,L56854,L,299.1,310.2,1695,29.6,8,0,0,0,0,0,0,11.099999999999966,5.25399955386357
9676,M24535,M,299.0,310.2,1298,57.2,10,0,0,0,0,0,0,11.199999999999989,7.774981050712213
9677,L56856,L,299.0,310.1,1886,21.2,13,0,0,0,0,0,0,11.100000000000023,4.18703091290038
9678,L56857,L,299.0,310.1,2033,19.3,15,0,0,0,0,0,0,11.100000000000023,4.1088785596545785
9679,M24538,M,299.1,310.2,1711,28.1,17,0,0,0,0,0,0,11.099999999999966,5.034831578373634
9680,L56859,L,299.1,310.2,1598,33.4,20,0,0,0,0,0,0,11.099999999999966,5.589228433952625
9681,L56860,L,299.1,310.1,1894,24.2,22,0,0,0,0,0,0,11.0,4.799809031958581
9682,M24541,M,299.1,310.1,1412,44.4,24,0,0,0,0,0,0,11.0,6.565174663765806
9683,L56862,L,299.1,310.0,1394,46.6,27,0,0,0,0,0,0,10.899999999999977,6.802637180475146
9684,M24543,M,299.0,310.0,1338,56.4,29,0,0,0,0,0,0,11.0,7.90248782454591
9685,H39098,H,298.9,309.9,1376,51.0,32,0,0,0,0,0,0,11.0,7.348813535277244
9686,L56865,L,299.0,310.0,1360,48.1,37,0,0,0,0,0,0,11.0,6.850347500907665
9687,L56866,L,299.1,310.1,1486,40.7,39,0,0,0,0,0,0,11.0,6.333471733588047
9688,M24547,M,299.1,310.1,1649,31.6,41,0,0,0,0,0,0,11.0,5.45677888767728
9689,L56868,L,299.1,310.1,1367,45.6,44,0,0,0,0,0,0,11.0,6.527726879335017
9690,L56869,L,299.0,310.1,1362,59.5,46,0,0,0,0,0,0,11.100000000000023,8.486384235142108
9691,M24550,M,298.9,310.0,1520,35.6,48,0,0,0,0,0,0,11.100000000000023,5.66659538903503
9692,L56871,L,299.0,310.0,1582,31.9,51,0,0,0,0,0,0,11.0,5.284766217917726
9693,M24552,M,299.0,310.0,1667,30.0,53,0,0,0,0,0,0,11.0,5.2370349535341845
9694,L56873,L,298.9,310.0,1693,28.8,56,0,0,0,0,0,0,11.100000000000023,5.105967708026419
9695,L56874,L,298.9,310.0,1559,33.4,58,0,0,0,0,0,0,11.100000000000023,5.452820480933757
9696,L56875,L,298.9,309.9,1592,32.0,60,0,0,0,0,0,0,11.0,5.3348432048159475
9697,L56876,L,298.9,309.9,1404,39.8,62,0,0,0,0,0,0,11.0,5.851656140282492
9698,M24557,M,298.8,309.8,1413,45.5,64,0,0,0,0,0,0,11.0,6.732590136275607
9699,L56878,L,298.8,309.8,1663,28.2,67,0,0,0,0,0,0,11.0,4.911000467944637
9700,L56879,L,298.8,309.8,1508,36.3,69,0,0,0,0,0,0,11.0,5.732401283152223
9701,M24560,M,298.9,309.8,1353,53.7,71,0,0,0,0,0,0,10.900000000000034,7.608528999949512
9702,L56881,L,298.8,309.8,1485,42.4,74,0,0,0,0,0,0,11.0,6.593574661354257
9703,L56882,L,298.9,310.0,1633,31.2,76,0,0,0,0,0,0,11.100000000000023,5.335429635444617
9704,L56883,L,298.9,310.0,1422,43.6,78,0,0,0,0,0,0,11.100000000000023,6.49254104161481
9705,L56884,L,298.9,310.1,1577,41.4,80,0,0,0,0,0,0,11.200000000000045,6.836922428301323
9706,L56885,L,298.9,310.0,1482,41.1,82,0,0,0,0,0,0,11.100000000000023,6.378501228289501
9707,M24566,M,299.0,310.1,1705,30.1,84,0,0,0,0,0,0,11.100000000000023,5.374270192618499
9708,L56887,L,299.0,310.1,1699,32.9,87,0,0,0,0,0,0,11.100000000000023,5.853530623899134
9709,L56888,L,299.0,310.1,1664,29.7,89,0,0,0,0,0,0,11.100000000000023,5.175334073817681
9710,M24569,M,299.0,310.0,1486,34.6,91,0,0,0,0,0,0,11.0,5.3842290413303795
9711,L56890,L,299.1,310.1,1336,61.3,94,0,0,0,0,0,0,11.0,8.576212841083752
9712,H39125,H,299.1,310.1,1429,42.9,96,0,0,0,0,0,0,11.0,6.419750339831135
9713,M24572,M,299.1,310.2,1456,48.4,101,0,0,0,0,0,0,11.099999999999966,7.3796430311844725
9714,L56893,L,299.1,310.2,1496,45.0,104,0,0,0,0,0,0,11.099999999999966,7.049733914655496
9715,L56894,L,299.1,310.1,1894,20.1,106,0,0,0,0,0,0,11.0,3.9866182455523758
9716,L56895,L,299.1,310.1,1373,55.6,108,0,0,0,0,0,0,11.0,7.994180442128682
9717,H39130,H,299.0,310.0,1387,45.2,110,0,0,0,0,0,0,11.0,6.565132775863759
9718,L56897,L,298.9,309.9,1500,44.2,115,0,0,0,0,0,0,11.0,6.9429197644334435
9719,L56898,L,298.9,309.9,1517,36.6,117,0,0,0,0,0,0,11.0,5.814271187704774
9720,L56899,L,298.9,309.9,1309,56.2,119,0,0,0,0,0,0,11.0,7.703792561181866
9721,M24580,M,298.9,309.9,1357,54.5,121,0,0,0,0,0,0,11.0,7.744706569507118
9722,L56901,L,298.8,309.8,1490,40.6,124,0,0,0,0,0,0,11.0,6.334916866208698
9723,H39136,H,298.8,309.8,1911,21.6,126,0,0,0,0,0,0,11.0,4.322580163927268
9724,L56903,L,298.8,309.8,1599,33.6,131,0,0,0,0,0,0,11.0,5.626215451460888
9725,M24584,M,298.8,309.7,2098,19.0,133,0,0,0,0,0,0,10.899999999999977,4.174338878579878
9726,M24585,M,298.7,309.7,1629,27.9,136,0,0,0,0,0,0,11.0,4.759418622408929
9727,L56906,L,298.8,309.8,1557,37.2,139,0,0,0,0,0,0,11.0,6.0654101044327415
9728,L56907,L,298.8,309.8,1461,39.4,141,0,0,0,0,0,0,11.0,6.028025151855023
9729,L56908,L,298.8,309.8,1563,33.7,143,0,0,0,0,0,0,11.0,5.515914133393352
9730,L56909,L,298.7,309.8,1695,29.0,145,0,0,0,0,0,0,11.100000000000023,5.1474995629068765
9731,L56910,L,298.8,310.0,1528,36.7,147,0,0,0,0,0,0,11.199999999999989,5.872432539698233
9732,L56911,L,298.8,310.0,1389,49.6,149,0,0,0,0,0,0,11.199999999999989,7.214604697115888
9733,L56912,L,298.9,310.0,2231,17.4,151,0,0,0,0,0,0,11.100000000000023,4.06515806189212
9734,M24593,M,298.9,310.1,1442,42.9,153,0,0,0,0,0,0,11.200000000000045,6.478152547261369
9735,H39148,H,298.9,310.1,1458,44.3,156,0,0,0,0,0,0,11.200000000000045,6.7637861513257524
9736,L56915,L,299.0,310.1,1444,47.7,161,0,0,0,0,0,0,11.100000000000023,7.212971068936022
9737,M24596,M,298.9,310.0,1348,58.2,163,0,0,0,0,0,0,11.100000000000023,8.215641780255739
9738,L56917,L,298.9,310.0,1791,27.6,166,0,0,0,0,0,0,11.100000000000023,5.176465047172973
9739,L56918,L,299.0,310.0,1509,38.0,168,0,0,0,0,0,0,11.0,6.00484019807153
9740,L56919,L,298.9,310.0,1515,42.9,170,0,0,0,0,0,0,11.100000000000023,6.806103404369608
9741,M24600,M,298.9,310.1,1655,31.5,172,0,0,0,0,0,0,11.200000000000045,5.459302633775663
9742,L56921,L,298.9,310.1,1495,42.9,175,0,0,0,0,0,0,11.200000000000045,6.71625385447694
9743,L56922,L,298.9,310.2,1623,37.2,177,0,0,0,0,0,0,11.300000000000011,6.32251804720253
9744,L56923,L,298.9,310.2,1562,42.5,179,0,0,0,0,0,0,11.300000000000011,6.951820943618614
9745,L56924,L,298.8,310.1,1574,36.2,181,0,0,0,0,0,0,11.300000000000011,5.966805983012071
9746,L56925,L,298.8,310.0,1611,32.4,183,0,0,0,0,0,0,11.199999999999989,5.465994226127808
9747,L56926,L,298.8,310.0,1403,45.6,185,0,0,0,0,0,0,11.199999999999989,6.69963482933945
9748,L56927,L,298.8,310.1,1481,47.4,187,0,0,0,0,0,0,11.300000000000011,7.351263977547044
9749,M24608,M,298.9,310.1,1441,41.2,189,0,0,0,0,0,0,11.200000000000045,6.217128085650106
9750,H39163,H,298.8,310.1,1483,45.4,192,0,0,0,0,0,0,11.300000000000011,7.050592616647476
9751,L56930,L,298.7,310.0,1555,32.6,197,0,0,0,0,0,0,11.300000000000011,5.3085585462809135
9752,L56931,L,298.6,309.9,1615,28.8,199,0,0,0,0,0,0,11.299999999999955,4.8707252501256155
9753,L56932,L,298.6,309.8,1561,32.6,201,0,0,0,0,0,0,11.199999999999989,5.329041730382318
9754,L56933,L,298.5,309.8,1593,35.1,203,0,0,0,0,0,0,11.300000000000011,5.855331803687192
9755,M24614,M,298.5,309.7,1552,34.0,205,0,0,0,0,0,0,11.199999999999989,5.5258520381542064
9756,H39169,H,298.5,309.7,1561,35.3,208,0,0,0,0,0,0,11.199999999999989,5.770404082285148
9757,L56936,L,298.6,309.8,1597,35.9,213,0,0,0,0,0,0,11.199999999999989,6.00382441644687
9758,M24617,M,298.6,309.9,1517,34.0,215,0,0,0,0,0,0,11.299999999999955,5.401235529561813
9759,L56938,L,298.6,309.8,2271,16.2,218,1,1,0,0,0,0,11.199999999999989,3.852660734803307
9760,L56939,L,298.5,309.7,1613,36.7,0,0,0,0,0,0,0,11.199999999999989,6.199105815794012
9761,M24620,M,298.5,309.6,1509,47.3,2,0,0,0,0,0,0,11.100000000000023,7.4744458254943
9762,L56941,L,298.6,309.7,1703,26.1,5,0,0,0,0,0,0,11.099999999999966,4.654615091485174
9763,L56942,L,298.6,309.7,1925,22.1,7,0,0,0,0,0,0,11.099999999999966,4.455040182178126
9764,M24623,M,298.6,309.6,1635,29.7,9,0,0,0,0,0,0,11.0,5.085138948733119
9765,L56944,L,298.5,309.5,1294,66.7,12,1,0,0,1,0,0,11.0,9.03834112042681
9766,L56945,L,298.6,309.6,1472,39.1,14,0,0,0,0,0,0,11.0,6.027166449863041
9767,H39180,H,298.6,309.6,1449,42.5,16,0,0,0,0,0,0,11.0,6.448904319656448
9768,L56947,L,298.6,309.6,1563,35.0,21,0,0,0,0,0,0,11.0,5.728694203820988
9769,L56948,L,298.6,309.6,1611,35.7,23,0,0,0,0,0,0,11.0,6.0227158602704565
9770,L56949,L,298.6,309.6,1386,48.6,25,0,0,0,0,0,0,11.0,7.053880816958235
9771,H39184,H,298.6,309.5,1584,31.8,27,0,0,0,0,0,0,10.899999999999977,5.274859729083406
9772,M24631,M,298.7,309.6,1424,50.4,32,0,0,0,0,0,0,10.900000000000034,7.515694937035933
9773,L56952,L,298.5,309.5,1561,34.8,35,0,0,0,0,0,0,11.0,5.688670313414254
9774,L56953,L,298.5,309.4,1560,37.9,37,0,0,0,0,0,0,10.899999999999977,6.191450801694764
9775,H39188,H,298.6,309.5,1375,41.0,39,0,0,0,0,0,0,10.899999999999977,5.903576194870819
9776,M24635,M,298.6,309.5,1684,27.8,44,0,0,0,0,0,0,10.899999999999977,4.902476279877896
9777,M24636,M,298.6,309.6,1397,54.1,47,0,0,0,0,0,0,11.0,7.914478236507111
9778,L56957,L,298.6,309.6,1387,57.6,50,0,0,0,0,0,0,11.0,8.366186900215764
9779,H39192,H,298.7,309.7,1311,54.5,52,0,0,0,0,0,0,11.0,7.482174143422131
9780,L56959,L,298.8,309.8,1509,36.2,57,0,0,0,0,0,0,11.0,5.72040039921551
9781,M24640,M,298.8,309.8,1477,46.7,59,0,0,0,0,0,0,11.0,7.223139357158141
9782,L56961,L,298.8,309.9,1441,41.6,62,0,0,0,0,0,0,11.099999999999966,6.277488552501077
9783,L56962,L,298.7,309.9,1404,47.1,64,0,0,0,0,0,0,11.199999999999989,6.924949854454909
9784,H39197,H,298.8,309.9,1466,44.6,66,0,0,0,0,0,0,11.099999999999966,6.846954580841787
9785,M24644,M,298.7,309.8,1435,48.8,71,0,0,0,0,0,0,11.100000000000023,7.333315011519534
9786,H39199,H,298.7,309.7,1697,29.8,74,0,0,0,0,0,0,11.0,5.295740848254267
9787,M24646,M,298.7,309.6,1738,27.3,79,0,0,0,0,0,0,10.900000000000034,4.968680109064545
9788,H39201,H,298.6,309.5,1420,50.4,82,0,0,0,0,0,0,10.899999999999977,7.49458343440381
9789,M24648,M,298.5,309.5,1535,39.8,87,0,0,0,0,0,0,11.0,6.397643999525374
9790,L56969,L,298.6,309.6,1715,28.4,90,0,0,0,0,0,0,11.0,5.100480392858149
9791,L56970,L,298.6,309.5,1483,43.2,92,0,0,0,0,0,0,10.899999999999977,6.708933943594076
9792,M24651,M,298.5,309.4,1521,37.5,94,0,0,0,0,0,0,10.899999999999977,5.972953032637594
9793,H39206,H,298.5,309.4,1573,36.0,97,0,0,0,0,0,0,10.899999999999977,5.930070292916094
9794,H39207,H,298.5,309.4,1414,46.7,102,0,0,0,0,0,0,10.899999999999977,6.91504336562059
9795,L56974,L,298.5,309.3,1590,33.9,107,0,0,0,0,0,0,10.800000000000011,5.64449952070478
9796,L56975,L,298.5,309.3,1623,33.1,109,0,0,0,0,0,0,10.800000000000011,5.6256813807097785
9797,H39210,H,298.4,309.3,1694,30.9,111,0,0,0,0,0,0,10.900000000000034,5.481513693836543
9798,M24657,M,298.4,309.2,1597,33.5,116,0,0,0,0,0,0,10.800000000000011,5.602454539024238
9799,L56978,L,298.5,309.3,1471,44.7,119,0,0,0,0,0,0,10.800000000000011,6.885711362211573
9800,M24659,M,298.5,309.3,1551,34.7,121,0,0,0,0,0,0,10.800000000000011,5.635985804613553
9801,H39214,H,298.5,309.3,1421,50.3,124,0,0,0,0,0,0,10.800000000000011,7.484980632859338
9802,M24661,M,298.4,309.3,1496,45.6,129,0,0,0,0,0,0,10.900000000000034,7.143730366850903
9803,H39216,H,298.4,309.3,1984,19.2,132,0,0,0,0,0,0,10.900000000000034,3.9890686878221757
9804,L56983,L,298.4,309.2,1692,29.8,137,0,0,0,0,0,0,10.800000000000011,5.280137604741437
9805,L56984,L,298.4,309.1,1467,42.5,139,0,0,0,0,0,0,10.700000000000045,6.529014932322987
9806,L56985,L,298.4,309.2,1651,28.5,141,0,0,0,0,0,0,10.800000000000011,4.927430997522911
9807,L56986,L,298.3,309.1,1417,60.5,143,0,0,0,0,0,0,10.800000000000011,8.977467526775754
9808,L56987,L,298.2,309.0,1413,55.0,145,0,0,0,0,0,0,10.800000000000011,8.13829576912436
9809,M24668,M,298.2,309.0,1441,44.2,147,0,0,0,0,0,0,10.800000000000011,6.6698315870323945
9810,M24669,M,298.2,309.0,1353,50.3,150,0,0,0,0,0,0,10.800000000000011,7.126797182448053
9811,L56990,L,298.1,309.0,1502,40.9,153,0,0,0,0,0,0,10.899999999999977,6.433123052559915
9812,L56991,L,298.2,309.0,1610,31.7,155,0,0,0,0,0,0,10.800000000000011,5.344582142042075
9813,M24672,M,298.2,309.1,1411,45.8,157,0,0,0,0,0,0,10.900000000000034,6.76738851090187
9814,L56993,L,298.3,309.1,1387,52.3,160,0,0,0,0,0,0,10.800000000000011,7.5963815083556305
9815,H39228,H,298.3,309.1,1430,40.9,162,0,0,0,0,0,0,10.800000000000011,6.1247443176835406
9816,M24675,M,298.4,309.1,1576,38.8,167,0,0,0,0,0,0,10.700000000000045,6.4034873618610515
9817,M24676,M,298.5,309.2,1721,29.4,170,0,0,0,0,0,0,10.699999999999989,5.298547337691473
9818,M24677,M,298.5,309.3,1465,42.4,173,0,0,0,0,0,0,10.800000000000011,6.504772309012786
9819,M24678,M,298.6,309.4,1407,45.1,176,0,0,0,0,0,0,10.799999999999955,6.645065364946594
9820,M24679,M,298.6,309.4,1464,36.9,179,0,0,0,0,0,0,10.799999999999955,5.657128723172212
9821,M24680,M,298.6,309.5,1568,36.7,182,0,0,0,0,0,0,10.899999999999977,6.026161140213894
9822,L57001,L,298.6,309.4,1667,35.6,185,0,0,0,0,0,0,10.799999999999955,6.214614811527234
9823,L57002,L,298.5,309.4,1360,60.9,187,1,0,0,0,1,0,10.899999999999977,8.673308998030702
9824,M24683,M,298.5,309.3,1488,43.7,189,0,0,0,0,0,0,10.800000000000011,6.809464908508949
9825,L57004,L,298.4,309.3,1504,39.3,192,0,0,0,0,0,0,10.900000000000034,6.189691509808753
9826,L57005,L,298.4,309.2,1610,32.4,194,0,0,0,0,0,0,10.800000000000011,5.462601306061932
9827,L57006,L,298.4,309.2,1345,52.7,196,0,0,0,0,0,0,10.800000000000011,7.4226933225141645
9828,M24687,M,298.3,309.3,1376,57.0,198,0,0,0,0,0,0,11.0,8.213379833545154
9829,L57008,L,298.4,309.4,1385,50.0,201,0,0,0,0,0,0,11.0,7.25184304203644
9830,M24689,M,298.4,309.4,1429,41.8,203,0,0,0,0,0,0,11.0,6.255141356758541
9831,L57010,L,298.3,309.3,1337,56.1,206,1,0,0,0,1,0,11.0,7.854578536578666
9832,L57011,L,298.4,309.3,1542,35.4,208,0,0,0,0,0,0,10.900000000000034,5.716316328765844
9833,L57012,L,298.4,309.2,2118,17.7,210,0,0,0,0,0,0,10.800000000000011,3.9257970117788767
9834,L57013,L,298.3,309.1,1386,45.3,212,0,0,0,0,0,0,10.800000000000011,6.574913600991934
9835,M24694,M,298.3,309.1,1632,32.7,0,0,0,0,0,0,0,10.800000000000011,5.5885163396178115
9836,L57015,L,298.4,309.3,1545,36.9,3,0,0,0,0,0,0,10.900000000000034,5.970125599249363
9837,M24696,M,298.4,309.3,1390,53.6,5,0,0,0,0,0,0,10.900000000000034,7.802040635435132
9838,M24697,M,298.4,309.3,1355,50.6,8,0,0,0,0,0,0,10.900000000000034,7.179900570269234
9839,L57018,L,298.4,309.2,1425,45.5,11,0,0,0,0,0,0,10.800000000000011,6.78976712257094
9840,M24699,M,298.4,309.2,1491,51.2,13,0,0,0,0,0,0,10.800000000000011,7.994222330030731
9841,H39254,H,298.3,309.2,1486,42.4,16,0,0,0,0,0,0,10.899999999999977,6.598014778971331
9842,M24701,M,298.3,309.2,1359,51.4,21,0,0,0,0,0,0,10.899999999999977,7.314947166471547
9843,L57022,L,298.4,309.3,1395,47.6,24,0,0,0,0,0,0,10.900000000000034,6.953601179455648
9844,L57023,L,298.3,309.2,1383,52.1,26,0,0,0,0,0,0,10.899999999999977,7.5455086513185
9845,H39258,H,298.3,309.1,1484,37.0,28,0,0,0,0,0,0,10.800000000000011,5.7499523141102795
9846,L57025,L,298.3,309.1,1421,47.4,33,0,0,0,0,0,0,10.800000000000011,7.053440993986731
9847,L57026,L,298.3,309.0,1339,58.8,35,0,0,0,0,0,0,10.699999999999989,8.244921423787197
9848,L57027,L,298.4,309.1,1362,46.1,37,0,0,0,0,0,0,10.700000000000045,6.575164928404222
9849,H39262,H,298.5,309.2,1568,40.6,39,0,0,0,0,0,0,10.699999999999989,6.666543386721637
9850,L57029,L,298.6,309.4,2312,15.5,44,0,0,0,0,0,0,10.799999999999955,3.7527371444681275
9851,M24710,M,298.5,309.3,1498,34.6,46,0,0,0,0,0,0,10.800000000000011,5.427708683656062
9852,M24711,M,298.5,309.3,1761,27.2,49,0,0,0,0,0,0,10.800000000000011,5.015992494427608
9853,L57032,L,298.6,309.4,1316,51.4,52,0,0,0,0,0,0,10.799999999999955,7.083495563706075
9854,L57033,L,298.6,309.4,1525,37.8,54,0,0,0,0,0,0,10.799999999999955,6.036570283872787
9855,H39268,H,298.6,309.4,1362,45.3,56,0,0,0,0,0,0,10.799999999999955,6.461062283225839
9856,L57035,L,298.7,309.6,1516,38.5,61,0,0,0,0,0,0,10.900000000000034,6.112073227314062
9857,L57036,L,298.6,309.5,1450,44.2,63,0,0,0,0,0,0,10.899999999999977,6.711489105618996
9858,M24717,M,298.6,309.5,1366,55.0,65,0,0,0,0,0,0,10.899999999999977,7.867595202140039
9859,L57038,L,298.5,309.5,1547,33.1,68,0,0,0,0,0,0,11.0,5.362248364730763
9860,M24719,M,298.6,309.5,1580,33.9,70,0,0,0,0,0,0,10.899999999999977,5.608999523719216
9861,H39274,H,298.7,309.6,1755,26.9,73,0,0,0,0,0,0,10.900000000000034,4.943767279321578
9862,M24721,M,298.7,309.6,1800,24.8,78,0,0,0,0,0,0,10.900000000000034,4.674689868541612
9863,M24722,M,298.8,309.7,1439,45.8,81,0,0,0,0,0,0,10.899999999999977,6.90168112486732
9864,L57043,L,298.9,309.8,1411,56.3,84,0,0,0,0,0,0,10.900000000000034,8.318864042877188
9865,M24724,M,298.9,309.9,1645,31.4,86,0,0,0,0,0,0,11.0,5.409089511195785
9866,M24725,M,298.9,309.8,2450,13.9,89,0,0,0,0,0,0,10.900000000000034,3.5662312606000133
9867,L57046,L,299.0,309.9,1630,34.0,92,0,0,0,0,0,0,10.899999999999977,5.803568828731544
9868,L57047,L,299.0,309.9,1411,44.7,94,0,0,0,0,0,0,10.899999999999977,6.604852978980646
9869,L57048,L,298.9,309.9,1526,35.4,96,0,0,0,0,0,0,11.0,5.657003059466067
9870,L57049,L,298.9,309.9,1590,31.3,98,0,0,0,0,0,0,11.0,5.211588053040107
9871,H39284,H,299.0,309.9,1884,25.6,100,0,0,0,0,0,0,10.899999999999977,5.050675677323238
9872,M24731,M,298.9,309.8,1947,21.7,105,0,0,0,0,0,0,10.900000000000034,4.424399181830114
9873,L57052,L,298.9,309.9,1373,52.1,108,0,0,0,0,0,0,11.0,7.490949658901158
9874,L57053,L,298.9,309.8,1616,36.5,110,0,0,0,0,0,0,10.900000000000034,6.176790035978012
9875,M24734,M,298.9,309.9,1449,44.1,112,0,0,0,0,0,0,11.0,6.691686599925867
9876,M24735,M,298.9,309.8,1363,50.6,115,0,0,0,0,0,0,10.900000000000034,7.222291127141672
9877,H39290,H,298.8,309.7,1461,55.1,118,0,0,0,0,0,0,10.899999999999977,8.430055478863244
9878,L57057,L,298.8,309.7,1374,58.6,123,0,0,0,0,0,0,10.899999999999977,8.431657691116573
9879,L57058,L,298.7,309.7,1293,59.1,125,0,0,0,0,0,0,11.0,8.002296223150458
9880,M24739,M,298.8,309.8,1490,38.6,127,0,0,0,0,0,0,11.0,6.022851995952112
9881,L57060,L,298.8,309.8,1753,27.5,130,0,0,0,0,0,0,11.0,5.048277594930999
9882,L57061,L,298.8,309.8,1493,38.5,132,0,0,0,0,0,0,11.0,6.019343884155604
9883,L57062,L,298.8,309.8,1895,22.0,134,0,0,0,0,0,0,11.0,4.365766590938615
9884,H39297,H,298.7,309.6,1654,34.3,136,0,0,0,0,0,0,10.900000000000034,5.940982091399562
9885,L57064,L,298.7,309.5,1673,30.8,141,0,0,0,0,0,0,10.800000000000011,5.396041429707877
9886,L57065,L,298.8,309.6,1613,27.7,143,0,0,0,0,0,0,10.800000000000011,4.678889130721911
9887,L57066,L,298.8,309.6,1903,22.3,145,0,0,0,0,0,0,10.800000000000011,4.443981776037489
9888,L57067,L,298.8,309.5,1368,44.7,147,0,0,0,0,0,0,10.699999999999989,6.403571137665148
9889,M24748,M,298.8,309.6,1575,34.4,149,0,0,0,0,0,0,10.800000000000011,5.673716332383166
9890,H39303,H,298.8,309.6,1516,40.2,152,0,0,0,0,0,0,10.800000000000011,6.381956980208449
9891,L57070,L,298.8,309.5,1645,32.8,157,0,0,0,0,0,0,10.699999999999989,5.650259107236361
9892,L57071,L,298.8,309.5,1374,48.1,159,0,0,0,0,0,0,10.699999999999989,6.920865784005244
9893,H39306,H,298.9,309.7,1407,48.6,161,0,0,0,0,0,0,10.800000000000011,7.160757799033361
9894,M24753,M,298.9,309.6,1284,55.3,166,0,0,0,0,0,0,10.700000000000045,7.435647156222466
9895,L57074,L,298.9,309.5,1645,31.1,169,0,0,0,0,0,0,10.600000000000023,5.357410312044234
9896,L57075,L,298.8,309.4,1387,54.1,171,0,0,0,0,0,0,10.599999999999966,7.8578248489873745
9897,M24756,M,298.8,309.3,1618,35.1,173,0,0,0,0,0,0,10.5,5.9472233888046935
9898,L57077,L,298.8,309.3,1357,47.1,176,0,0,0,0,0,0,10.5,6.693131732546519
9899,L57078,L,298.7,309.2,1396,44.8,178,0,0,0,0,0,0,10.5,6.549257260987618
9900,L57079,L,298.7,309.2,1586,31.4,180,0,0,0,0,0,0,10.5,5.215085692861104
9901,H39314,H,298.7,309.2,1449,42.3,182,0,0,0,0,0,0,10.5,6.418556534622771
9902,M24761,M,298.7,309.2,1423,48.9,187,0,0,0,0,0,0,10.5,7.286892744074988
9903,H39316,H,298.7,309.3,1402,45.3,190,0,0,0,0,0,0,10.600000000000023,6.650814479502664
9904,M24763,M,298.7,309.2,1437,45.7,195,0,0,0,0,0,0,10.5,6.877040566487664
9905,L57084,L,298.6,309.1,1537,35.7,198,0,0,0,0,0,0,10.5,5.74606721119534
9906,M24765,M,298.7,309.1,1423,49.5,200,0,0,0,0,0,0,10.400000000000034,7.376302470996156
9907,M24766,M,298.6,309.1,1587,37.3,203,0,0,0,0,0,0,10.5,6.198896376283771
9908,M24767,M,298.6,309.1,1487,43.2,206,0,0,0,0,0,0,10.5,6.727029517278753
9909,L57088,L,298.6,309.0,1456,47.7,0,0,0,0,0,0,0,10.399999999999977,7.272912656766515
9910,L57089,L,298.7,309.1,1607,32.7,2,0,0,0,0,0,0,10.400000000000034,5.502907939807489
9911,L57090,L,298.6,309.0,1469,46.0,4,0,0,0,0,0,0,10.399999999999977,7.07633273245589
9912,M24771,M,298.6,309.0,1481,40.8,6,0,0,0,0,0,0,10.399999999999977,6.327670259154417
9913,L57092,L,298.6,308.9,1327,58.8,9,0,0,0,0,0,0,10.299999999999955,8.171031164574766
9914,L57093,L,298.5,308.8,1589,30.6,11,0,0,0,0,0,0,10.300000000000011,5.0918305410852644
9915,L57094,L,298.5,308.8,1670,29.6,13,0,0,0,0,0,0,10.300000000000011,5.176506935075022
9916,M24775,M,298.5,308.7,1662,28.3,15,0,0,0,0,0,0,10.199999999999989,4.925451794151149
9917,M24776,M,298.5,308.8,1553,34.9,18,0,0,0,0,0,0,10.300000000000011,5.675779311559023
9918,M24777,M,298.5,308.8,1557,36.0,21,0,0,0,0,0,0,10.300000000000011,5.869751713967169
9919,L57098,L,298.4,308.8,1352,56.7,24,0,0,0,0,0,0,10.400000000000034,8.027648875864926
9920,L57099,L,298.5,308.8,1305,58.7,26,0,0,0,0,0,0,10.300000000000011,8.021899761308857
9921,H39334,H,298.5,308.7,1450,43.9,28,0,0,0,0,0,0,10.199999999999989,6.665936012141943
9922,M24781,M,298.5,308.7,1347,48.5,33,0,0,0,0,0,0,10.199999999999989,6.841289242089813
9923,H39336,H,298.6,308.8,1566,39.1,36,0,0,0,0,0,0,10.199999999999989,6.412053437829839
9924,M24783,M,298.5,308.7,1615,33.3,41,0,0,0,0,0,0,10.199999999999989,5.631776070457742
9925,M24784,M,298.5,308.6,1384,54.4,44,0,0,0,0,0,0,10.100000000000023,7.884308475057137
9926,M24785,M,298.5,308.7,1367,47.3,47,0,0,0,0,0,0,10.199999999999989,6.771085118257592
9927,M24786,M,298.5,308.6,1897,20.2,50,0,0,0,0,0,0,10.100000000000023,4.012798184332291
9928,L57107,L,298.5,308.6,1522,36.9,53,0,0,0,0,0,0,10.100000000000023,5.881249943079308
9929,M24788,M,298.4,308.5,1576,27.4,55,0,0,0,0,0,0,10.100000000000023,4.522050353479195
9930,H39343,H,298.4,308.4,1479,39.2,58,0,0,0,0,0,0,10.0,6.0713162986214915
9931,L57110,L,298.3,308.3,1452,45.5,63,0,0,0,0,0,0,10.0,6.918415341735442
9932,L57111,L,298.3,308.3,1432,46.9,65,0,0,0,0,0,0,10.0,7.033062529640446
9933,L57112,L,298.3,308.2,1663,28.4,67,0,0,0,0,0,0,9.899999999999977,4.945830258497434
9934,L57113,L,298.3,308.3,1597,32.4,69,0,0,0,0,0,0,10.0,5.4184933452055315
9935,L57114,L,298.3,308.2,1472,44.3,71,0,0,0,0,0,0,9.899999999999977,6.828733343450964
9936,L57115,L,298.4,308.3,1452,48.5,73,0,0,0,0,0,0,9.900000000000034,7.37457459503668
9937,H39350,H,298.3,308.2,1534,33.2,75,0,0,0,0,0,0,9.899999999999977,5.333251464538129
9938,L57117,L,298.3,308.1,1505,46.1,80,0,0,0,0,0,0,9.800000000000011,7.265508970079555
9939,L57118,L,298.3,308.1,1528,33.9,82,0,0,0,0,0,0,9.800000000000011,5.42439953939428
9940,H39353,H,298.3,308.1,2636,12.8,84,0,0,0,0,0,0,9.800000000000011,3.5333283135414164
9941,M24800,M,298.3,308.1,1722,28.6,89,0,0,0,0,0,0,9.800000000000011,5.157364163839148
9942,L57121,L,298.4,308.1,1395,44.0,92,0,0,0,0,0,0,9.700000000000045,6.427698569244716
9943,L57122,L,298.4,308.1,1375,50.8,94,0,0,0,0,0,0,9.700000000000045,7.314674895108236
9944,M24803,M,298.3,308.0,1766,26.0,96,0,0,0,0,0,0,9.699999999999989,4.8083122760742985
9945,L57124,L,298.3,307.9,1399,47.8,99,0,0,0,0,0,0,9.599999999999966,7.002840408312911
9946,L57125,L,298.3,308.0,1578,37.8,101,0,0,0,0,0,0,9.699999999999989,6.2463658412795136
9947,L57126,L,298.3,307.9,1502,42.0,103,0,0,0,0,0,0,9.599999999999966,6.606141031968616
9948,M24807,M,298.2,307.9,1529,36.6,105,0,0,0,0,0,0,9.699999999999989,5.8602641041533285
9949,L57128,L,298.2,307.8,1804,25.1,108,0,0,0,0,0,0,9.600000000000023,4.741752399720243
9950,M24809,M,298.2,307.8,1411,53.4,110,0,0,0,0,0,0,9.600000000000023,7.890361276903052
9951,L57130,L,298.1,307.8,1413,54.1,113,0,0,0,0,0,0,9.699999999999989,8.00512365653869
9952,L57131,L,298.2,307.8,1355,59.4,115,0,0,0,0,0,0,9.600000000000023,8.428578930316057
9953,L57132,L,298.2,307.8,1429,46.9,117,0,0,0,0,0,0,9.600000000000023,7.01832846009511
9954,L57133,L,298.1,307.8,1565,35.3,119,0,0,0,0,0,0,9.699999999999989,5.785190511708044
9955,M24814,M,298.1,307.9,1446,42.8,121,0,0,0,0,0,0,9.799999999999955,6.480979980649599
9956,M24815,M,298.2,307.9,1462,38.8,124,0,0,0,0,0,0,9.699999999999989,5.940290941015772
9957,M24816,M,298.2,307.8,1578,34.5,127,0,0,0,0,0,0,9.600000000000023,5.701048188469398
9958,L57137,L,298.1,307.8,1606,33.0,130,0,0,0,0,0,0,9.699999999999989,5.549937581831729
9959,M24818,M,298.1,307.8,1525,35.9,132,0,0,0,0,0,0,9.699999999999989,5.733144793413574
9960,L57139,L,298.1,307.8,1379,49.1,135,0,0,0,0,0,0,9.699999999999989,7.090459427421531
9961,L57140,L,298.2,307.8,1575,35.0,137,0,0,0,0,0,0,9.600000000000023,5.772676500971245
9962,L57141,L,298.2,307.9,1399,54.9,139,0,0,0,0,0,0,9.699999999999989,8.04301126394098
9963,L57142,L,298.2,307.9,1429,49.4,141,0,0,0,0,0,0,9.699999999999989,7.392439785260094
9964,L57143,L,298.3,307.9,1435,39.9,143,0,0,0,0,0,0,9.599999999999966,5.995886659008799
9965,L57144,L,298.3,307.9,1766,26.5,145,0,0,0,0,0,0,9.599999999999966,4.900779819844958
9966,L57145,L,298.3,307.9,1703,28.9,147,0,0,0,0,0,0,9.599999999999966,5.15396077179776
9967,L57146,L,298.3,307.9,1507,41.2,149,0,0,0,0,0,0,9.599999999999966,6.501882043771485
9968,M24827,M,298.3,307.9,1609,32.4,151,0,0,0,0,0,0,9.599999999999966,5.459208385996055
9969,L57148,L,298.4,308.0,1605,32.4,154,0,0,0,0,0,0,9.600000000000023,5.4456367057325465
9970,L57149,L,298.4,308.1,1491,50.0,156,0,0,0,0,0,0,9.700000000000045,7.806857744170635
9971,H39384,H,298.4,308.1,1891,24.7,158,0,0,0,0,0,0,9.700000000000045,4.891218906202533
9972,H39385,H,298.5,308.2,1563,44.6,163,0,0,0,0,0,0,9.699999999999989,7.299993185440458
9973,L57152,L,298.6,308.2,1390,51.4,168,0,0,0,0,0,0,9.599999999999966,7.481807624279212
9974,L57153,L,298.5,308.2,1444,40.5,170,0,0,0,0,0,0,9.699999999999989,6.124220718907942
9975,L57154,L,298.6,308.2,1361,68.2,172,1,0,0,1,1,0,9.599999999999966,9.720108614157846
9976,M24835,M,298.6,308.3,1589,34.1,174,0,0,0,0,0,0,9.699999999999989,5.674229459183253
9977,L57156,L,298.6,308.2,1705,26.3,177,0,0,0,0,0,0,9.599999999999966,4.695790899198224
9978,L57157,L,298.6,308.3,1422,40.4,179,0,0,0,0,0,0,9.699999999999989,6.0160242679183105
9979,H39392,H,298.6,308.3,1377,52.1,181,0,0,0,0,0,0,9.699999999999989,7.512773255868096
9980,L57159,L,298.5,308.3,1334,49.8,186,0,0,0,0,0,0,9.800000000000011,6.956868435815381
9981,L57160,L,298.6,308.4,1559,36.6,188,0,0,0,0,0,0,9.799999999999955,5.9752463952747155
9982,L57161,L,298.7,308.5,1353,47.0,190,0,0,0,0,0,0,9.800000000000011,6.659233947814285
9983,M24842,M,298.7,308.4,1507,45.7,192,0,0,0,0,0,0,9.699999999999989,7.212039063115457
9984,L57163,L,298.7,308.4,1694,28.7,195,0,0,0,0,0,0,9.699999999999989,5.091244110456595
9985,H39398,H,298.7,308.4,1432,42.8,197,0,0,0,0,0,0,9.699999999999989,6.418231903381899
9986,H39399,H,298.7,308.5,1572,35.6,202,0,0,0,0,0,0,9.800000000000011,5.860452599712544
9987,M24846,M,298.8,308.6,1507,42.3,207,0,0,0,0,0,0,9.800000000000011,6.675475981833343
9988,M24847,M,298.8,308.6,1500,37.1,210,0,0,0,0,0,0,9.800000000000011,5.827654372409067
9989,L57168,L,298.9,308.6,1771,24.1,213,0,0,0,0,0,0,9.700000000000045,4.4695543402377105
9990,M24849,M,298.8,308.5,1577,33.2,0,0,0,0,0,0,0,9.699999999999989,5.4827493869469555
9991,L57170,L,298.8,308.5,1527,36.2,3,0,0,0,0,0,0,9.699999999999989,5.7886357916514815
9992,M24851,M,298.9,308.4,1827,26.1,5,0,0,0,0,0,0,9.5,4.993530106954441
9993,L57172,L,298.8,308.4,1484,39.2,8,0,0,0,0,0,0,9.599999999999966,6.091841370624945
9994,L57173,L,298.8,308.4,1401,47.3,10,0,0,0,0,0,0,9.599999999999966,6.93949542844103
9995,L57174,L,298.8,308.3,1634,27.9,12,0,0,0,0,0,0,9.5,4.774027028248121
9996,M24855,M,298.8,308.4,1604,29.5,14,0,0,0,0,0,0,9.599999999999966,4.955129372752062
9997,H39410,H,298.9,308.4,1632,31.8,17,0,0,0,0,0,0,9.5,5.434703963298055
9998,M24857,M,299.0,308.6,1645,33.4,22,0,0,0,0,0,0,9.600000000000023,5.753617505539467
9999,H39412,H,299.0,308.7,1408,48.5,25,0,0,0,0,0,0,9.699999999999989,7.151102637611326
10000,M24859,M,299.0,308.7,1500,40.2,30,0,0,0,0,0,0,9.699999999999989,6.314601233715484
